Run,ReleaseDate,LoadDate,spots,bases,spots_with_mates,avgLength,size_MB,AssemblyName,download_path,Experiment,LibraryName,LibraryStrategy,LibrarySelection,LibrarySource,LibraryLayout,InsertSize,InsertDev,Platform,Model,SRAStudy,BioProject,Study_Pubmed_id,ProjectID,Sample,BioSample,SampleType,TaxID,ScientificName,SampleName,g1k_pop_code,source,g1k_analysis_group,Subject_ID,Sex,Disease,Tumor,Affection_Status,Analyte_Type,Histological_Type,Body_Site,CenterName,Submission,dbgap_study_accession,Consent,RunHash,ReadHash,Symbol
DRR018533,2014-08-29 09:46:05,2014-08-29 09:46:59,1007478,177960819,0,176,104,NA,https://sra-downloadb.be-md.ncbi.nlm.nih.gov/sos5/sra-pub-zq-11/DRR000/018/DRR018533/DRR018533.sralite.1,DRX016722,NA,AMPLICON,PCR,METAGENOMIC,SINGLE,0,0,ILLUMINA,Illumina HiSeq 2000,DRP002320,PRJDB2495,NA,260136,DRS016191,SAMD00012307,simple,408170,human gut metagenome,SAMD00012307,NA,NA,NA,NA,NA,NA,no,NA,NA,NA,NA,NCCS,DRA002238,NA,public,0D521ADE9566ED9DDE51C1FC53568E13,4ACCFD5DFBB72D1469718E7587D3DA56,DRR018533
DRR018534,2014-08-29 09:46:05,2014-08-29 09:48:14,906371,156657690,0,172,90,NA,https://sra-downloadb.be-md.ncbi.nlm.nih.gov/sos5/sra-pub-zq-11/DRR000/018/DRR018534/DRR018534.sralite.1,DRX016723,NA,AMPLICON,PCR,METAGENOMIC,SINGLE,0,0,ILLUMINA,Illumina HiSeq 2000,DRP002320,PRJDB2495,NA,260136,DRS016192,SAMD00012306,simple,408170,human gut metagenome,SAMD00012306,NA,NA,NA,NA,NA,NA,no,NA,NA,NA,NA,NCCS,DRA002238,NA,public,02B36C6D407A690F6678638BB1D58D3B,81AC000D7956890BA3E78AAF4796E6FB,DRR018534
DRR018535,2014-08-29 09:46:06,2014-08-29 09:48:44,1559650,265415278,0,170,152,NA,https://sra-downloadb.be-md.ncbi.nlm.nih.gov/sos5/sra-pub-zq-11/DRR000/018/DRR018535/DRR018535.sralite.1,DRX016724,NA,AMPLICON,PCR,METAGENOMIC,SINGLE,0,0,ILLUMINA,Illumina HiSeq 2000,DRP002320,PRJDB2495,NA,260136,DRS016193,SAMD00012295,simple,408170,human gut metagenome,SAMD00012295,NA,NA,NA,NA,NA,NA,no,NA,NA,NA,NA,NCCS,DRA002238,NA,public,0504459C7BEEDF214D12DD47BB17C96F,D61D1ECDBD458156EEEA6F705F661271,DRR018535
DRR018536,2014-08-29 09:46:05,2014-08-29 09:47:31,1499454,254983456,0,170,143,NA,https://sra-downloadb.be-md.ncbi.nlm.nih.gov/sos5/sra-pub-zq-11/DRR000/018/DRR018536/DRR018536.sralite.1,DRX016725,NA,AMPLICON,PCR,METAGENOMIC,SINGLE,0,0,ILLUMINA,Illumina HiSeq 2000,DRP002320,PRJDB2495,NA,260136,DRS016194,SAMD00012287,simple,408170,human gut metagenome,SAMD00012287,NA,NA,NA,NA,NA,NA,no,NA,NA,NA,NA,NCCS,DRA002238,NA,public,B3AB6C56A4FA092B9B6A157AE9A277BE,4D85DD7257C44A37D07E2FD6EDBE3930,DRR018536
DRR018537,2014-08-29 09:46:06,2014-08-29 09:48:57,1598780,279836714,0,175,163,NA,https://sra-downloadb.be-md.ncbi.nlm.nih.gov/sos5/sra-pub-zq-11/DRR000/018/DRR018537/DRR018537.sralite.1,DRX016726,NA,AMPLICON,PCR,METAGENOMIC,SINGLE,0,0,ILLUMINA,Illumina HiSeq 2000,DRP002320,PRJDB2495,NA,260136,DRS016195,SAMD00012283,simple,408170,human gut metagenome,SAMD00012283,NA,NA,NA,NA,NA,NA,no,NA,NA,NA,NA,NCCS,DRA002238,NA,public,749051E73E31033FC0882D5492458391,C09E227C52F10F1F1BFC53B883FB7F89,DRR018537
DRR018538,2014-08-29 09:46:05,2014-08-29 09:47:16,2295833,394078938,0,171,228,NA,https://sra-downloadb.be-md.ncbi.nlm.nih.gov/sos5/sra-pub-zq-11/DRR000/018/DRR018538/DRR018538.sralite.1,DRX016727,NA,AMPLICON,PCR,METAGENOMIC,SINGLE,0,0,ILLUMINA,Illumina HiSeq 2000,DRP002320,PRJDB2495,NA,260136,DRS016196,SAMD00012301,simple,408170,human gut metagenome,SAMD00012301,NA,NA,NA,NA,NA,NA,no,NA,NA,NA,NA,NCCS,DRA002238,NA,public,597A187006B83EDA0C2344F07DDE3BD8,CB0AEAC54F4A46419DFD24C4CE44D044,DRR018538
DRR018539,2014-08-29 09:46:06,2014-08-29 09:48:37,1714320,294261132,0,171,168,NA,https://sra-downloadb.be-md.ncbi.nlm.nih.gov/sos5/sra-pub-zq-11/DRR000/018/DRR018539/DRR018539.sralite.1,DRX016728,NA,AMPLICON,PCR,METAGENOMIC,SINGLE,0,0,ILLUMINA,Illumina HiSeq 2000,DRP002320,PRJDB2495,NA,260136,DRS016197,SAMD00012288,simple,408170,human gut metagenome,SAMD00012288,NA,NA,NA,NA,NA,NA,no,NA,NA,NA,NA,NCCS,DRA002238,NA,public,B05EEBEF473A0074BEC673B527307ED4,F3FB3B4D2F320F0C2A46C6E3C75396D6,DRR018539
DRR018540,2014-08-29 09:46:06,2014-08-29 09:48:47,2202783,382500903,0,173,224,NA,https://sra-downloadb.be-md.ncbi.nlm.nih.gov/sos5/sra-pub-zq-11/DRR000/018/DRR018540/DRR018540.sralite.1,DRX016729,NA,AMPLICON,PCR,METAGENOMIC,SINGLE,0,0,ILLUMINA,Illumina HiSeq 2000,DRP002320,PRJDB2495,NA,260136,DRS016198,SAMD00012293,simple,408170,human gut metagenome,SAMD00012293,NA,NA,NA,NA,NA,NA,no,NA,NA,NA,NA,NCCS,DRA002238,NA,public,608ADC2725B88C2581E86346687F3DBA,4E9F2AF8B4DEFD5DEF49F37312A57995,DRR018540
DRR018541,2014-08-29 09:46:06,2014-08-29 09:48:59,1432341,249115959,0,173,147,NA,https://sra-downloadb.be-md.ncbi.nlm.nih.gov/sos5/sra-pub-zq-11/DRR000/018/DRR018541/DRR018541.sralite.1,DRX016730,NA,AMPLICON,PCR,METAGENOMIC,SINGLE,0,0,ILLUMINA,Illumina HiSeq 2000,DRP002320,PRJDB2495,NA,260136,DRS016199,SAMD00012289,simple,408170,human gut metagenome,SAMD00012289,NA,NA,NA,NA,NA,NA,no,NA,NA,NA,NA,NCCS,DRA002238,NA,public,5885B77BD0C0306657D7AED6E0E331C5,8008C7CC01686902887F91462585B988,DRR018541
DRR018542,2014-08-29 09:46:05,2014-08-29 09:46:35,1594926,273348238,0,171,160,NA,https://sra-downloadb.be-md.ncbi.nlm.nih.gov/sos5/sra-pub-zq-11/DRR000/018/DRR018542/DRR018542.sralite.1,DRX016731,NA,AMPLICON,PCR,METAGENOMIC,SINGLE,0,0,ILLUMINA,Illumina HiSeq 2000,DRP002320,PRJDB2495,NA,260136,DRS016200,SAMD00012290,simple,408170,human gut metagenome,SAMD00012290,NA,NA,NA,NA,NA,NA,no,NA,NA,NA,NA,NCCS,DRA002238,NA,public,5BDE0E99B46658915999CBBD1CA2F599,5CD858740CDF7F20FBC67BF946466B60,DRR018542
DRR018543,2014-08-29 09:46:06,2014-08-29 09:48:43,1655687,283871829,0,171,160,NA,https://sra-downloadb.be-md.ncbi.nlm.nih.gov/sos5/sra-pub-zq-11/DRR000/018/DRR018543/DRR018543.sralite.1,DRX016732,NA,AMPLICON,PCR,METAGENOMIC,SINGLE,0,0,ILLUMINA,Illumina HiSeq 2000,DRP002320,PRJDB2495,NA,260136,DRS016201,SAMD00012297,simple,408170,human gut metagenome,SAMD00012297,NA,NA,NA,NA,NA,NA,no,NA,NA,NA,NA,NCCS,DRA002238,NA,public,9E919BC8267E73A0B5CB6E2F0300C11D,5A761AD851AF815CA02E494B50D5FC6C,DRR018543
DRR018544,2014-08-29 09:46:06,2014-08-29 09:48:25,809184,154080868,0,190,89,NA,https://sra-downloadb.be-md.ncbi.nlm.nih.gov/sos5/sra-pub-zq-11/DRR000/018/DRR018544/DRR018544.sralite.1,DRX016733,NA,AMPLICON,PCR,METAGENOMIC,SINGLE,0,0,ILLUMINA,Illumina HiSeq 2000,DRP002320,PRJDB2495,NA,260136,DRS016202,SAMD00012304,simple,408170,human gut metagenome,SAMD00012304,NA,NA,NA,NA,NA,NA,no,NA,NA,NA,NA,NCCS,DRA002238,NA,public,ED11CE26787C99CBB7446F204B143591,B068B48BF30C88874A1E5938CDC744C3,DRR018544
DRR018545,2014-08-29 09:46:05,2014-08-29 09:46:54,962376,166489262,0,172,99,NA,https://sra-downloadb.be-md.ncbi.nlm.nih.gov/sos5/sra-pub-zq-11/DRR000/018/DRR018545/DRR018545.sralite.1,DRX016734,NA,AMPLICON,PCR,METAGENOMIC,SINGLE,0,0,ILLUMINA,Illumina HiSeq 2000,DRP002320,PRJDB2495,NA,260136,DRS016203,SAMD00012292,simple,408170,human gut metagenome,SAMD00012292,NA,NA,NA,NA,NA,NA,no,NA,NA,NA,NA,NCCS,DRA002238,NA,public,2DCE7F2A252BD101DF4A39BB6270A7ED,D43761D6AFF4B618CDFAAD15BA11B725,DRR018545
DRR018546,2014-08-29 09:46:06,2014-08-29 09:48:27,1972314,356975307,0,180,211,NA,https://sra-downloadb.be-md.ncbi.nlm.nih.gov/sos5/sra-pub-zq-11/DRR000/018/DRR018546/DRR018546.sralite.1,DRX016735,NA,AMPLICON,PCR,METAGENOMIC,SINGLE,0,0,ILLUMINA,Illumina HiSeq 2000,DRP002320,PRJDB2495,NA,260136,DRS016204,SAMD00012284,simple,408170,human gut metagenome,SAMD00012284,NA,NA,NA,NA,NA,NA,no,NA,NA,NA,NA,NCCS,DRA002238,NA,public,A9616D2D9E4C7232BF3A5A7E363D92B6,C6DE509362F78520E77E412AEC9AE15C,DRR018546
DRR018547,2014-08-29 09:46:06,2014-08-29 09:48:14,2164443,389210691,0,179,232,NA,https://sra-downloadb.be-md.ncbi.nlm.nih.gov/sos5/sra-pub-zq-11/DRR000/018/DRR018547/DRR018547.sralite.1,DRX016736,NA,AMPLICON,PCR,METAGENOMIC,SINGLE,0,0,ILLUMINA,Illumina HiSeq 2000,DRP002320,PRJDB2495,NA,260136,DRS016205,SAMD00012300,simple,408170,human gut metagenome,SAMD00012300,NA,NA,NA,NA,NA,NA,no,NA,NA,NA,NA,NCCS,DRA002238,NA,public,FFCF91FFC576948F4E56C3F0FBF32E58,53A1CC63EE3411917B9C8F6E117B184C,DRR018547
DRR018548,2014-08-29 09:46:06,2014-08-29 09:48:55,967686,174391391,0,180,103,NA,https://sra-downloadb.be-md.ncbi.nlm.nih.gov/sos5/sra-pub-zq-11/DRR000/018/DRR018548/DRR018548.sralite.1,DRX016737,NA,AMPLICON,PCR,METAGENOMIC,SINGLE,0,0,ILLUMINA,Illumina HiSeq 2000,DRP002320,PRJDB2495,NA,260136,DRS016206,SAMD00012298,simple,408170,human gut metagenome,SAMD00012298,NA,NA,NA,NA,NA,NA,no,NA,NA,NA,NA,NCCS,DRA002238,NA,public,NA,NA,DRR018548
DRR018549,2014-08-29 09:46:06,2014-08-29 09:48:42,1374937,246720342,0,179,146,NA,https://sra-downloadb.be-md.ncbi.nlm.nih.gov/sos5/sra-pub-zq-11/DRR000/018/DRR018549/DRR018549.sralite.1,DRX016738,NA,AMPLICON,PCR,METAGENOMIC,SINGLE,0,0,ILLUMINA,Illumina HiSeq 2000,DRP002320,PRJDB2495,NA,260136,DRS016207,SAMD00012309,simple,408170,human gut metagenome,SAMD00012309,NA,NA,NA,NA,NA,NA,no,NA,NA,NA,NA,NCCS,DRA002238,NA,public,6A944BD326A08B6A4FF9F3F69385F48B,32D5FD318C022E283D932020D9E00953,DRR018549
DRR018550,2014-08-29 09:46:05,2014-08-29 09:47:43,1983344,365455583,0,184,215,NA,https://sra-downloadb.be-md.ncbi.nlm.nih.gov/sos5/sra-pub-zq-11/DRR000/018/DRR018550/DRR018550.sralite.1,DRX016739,NA,AMPLICON,PCR,METAGENOMIC,SINGLE,0,0,ILLUMINA,Illumina HiSeq 2000,DRP002320,PRJDB2495,NA,260136,DRS016208,SAMD00012303,simple,408170,human gut metagenome,SAMD00012303,NA,NA,NA,NA,NA,NA,no,NA,NA,NA,NA,NCCS,DRA002238,NA,public,77A0BF77D6393B95800825411F3F5D4D,7EA8C42EE5A08975525A3EE40408153F,DRR018550
DRR018551,2014-08-29 09:46:06,2014-08-29 09:48:47,1324280,241905685,0,182,141,NA,https://sra-downloadb.be-md.ncbi.nlm.nih.gov/sos5/sra-pub-zq-11/DRR000/018/DRR018551/DRR018551.sralite.1,DRX016740,NA,AMPLICON,PCR,METAGENOMIC,SINGLE,0,0,ILLUMINA,Illumina HiSeq 2000,DRP002320,PRJDB2495,NA,260136,DRS016209,SAMD00012310,simple,408170,human gut metagenome,SAMD00012310,NA,NA,NA,NA,NA,NA,no,NA,NA,NA,NA,NCCS,DRA002238,NA,public,C2C63E8A59091EBF7B8BB748876C97AF,E0D9147D9698A6A8159ACB14E9CC892B,DRR018551
DRR018552,2014-08-29 09:46:05,2014-08-29 09:47:28,2308402,419210497,0,181,251,NA,https://sra-downloadb.be-md.ncbi.nlm.nih.gov/sos5/sra-pub-zq-11/DRR000/018/DRR018552/DRR018552.sralite.1,DRX016741,NA,AMPLICON,PCR,METAGENOMIC,SINGLE,0,0,ILLUMINA,Illumina HiSeq 2000,DRP002320,PRJDB2495,NA,260136,DRS016210,SAMD00012302,simple,408170,human gut metagenome,SAMD00012302,NA,NA,NA,NA,NA,NA,no,NA,NA,NA,NA,NCCS,DRA002238,NA,public,3E064A8B232F0C9D9EF155F6189680C4,09E63FCC0F635C1559E656808D235AF1,DRR018552
DRR018553,2014-08-29 09:46:05,2014-08-29 09:46:40,1653254,299648673,0,181,179,NA,https://sra-downloadb.be-md.ncbi.nlm.nih.gov/sos5/sra-pub-zq-11/DRR000/018/DRR018553/DRR018553.sralite.1,DRX016742,NA,AMPLICON,PCR,METAGENOMIC,SINGLE,0,0,ILLUMINA,Illumina HiSeq 2000,DRP002320,PRJDB2495,NA,260136,DRS016211,SAMD00012305,simple,408170,human gut metagenome,SAMD00012305,NA,NA,NA,NA,NA,NA,no,NA,NA,NA,NA,NCCS,DRA002238,NA,public,097B6D245993F52B66C8BBA621F53951,617FA281FF6252BB374647593986E706,DRR018553
DRR018554,2014-08-29 09:46:05,2014-08-29 09:49:18,1366266,249083390,0,182,147,NA,https://sra-downloadb.be-md.ncbi.nlm.nih.gov/sos5/sra-pub-zq-11/DRR000/018/DRR018554/DRR018554.sralite.1,DRX016743,NA,AMPLICON,PCR,METAGENOMIC,SINGLE,0,0,ILLUMINA,Illumina HiSeq 2000,DRP002320,PRJDB2495,NA,260136,DRS016212,SAMD00012296,simple,408170,human gut metagenome,SAMD00012296,NA,NA,NA,NA,NA,NA,no,NA,NA,NA,NA,NCCS,DRA002238,NA,public,55CC6A82FB35AC387B8DFE132CF04F67,2BBB3FE117086C895594FC9D7E6226E9,DRR018554
DRR018555,2014-08-29 09:46:05,2014-08-29 09:47:11,1422164,253478286,0,178,149,NA,https://sra-downloadb.be-md.ncbi.nlm.nih.gov/sos5/sra-pub-zq-11/DRR000/018/DRR018555/DRR018555.sralite.1,DRX016744,NA,AMPLICON,PCR,METAGENOMIC,SINGLE,0,0,ILLUMINA,Illumina HiSeq 2000,DRP002320,PRJDB2495,NA,260136,DRS016213,SAMD00012291,simple,408170,human gut metagenome,SAMD00012291,NA,NA,NA,NA,NA,NA,no,NA,NA,NA,NA,NCCS,DRA002238,NA,public,15BDCC5511F4B7FB748F1CFF304F35A5,4DFEE5BF305FD7572F8BBF9D3F97BB43,DRR018555
DRR018556,2014-08-29 09:46:06,2014-08-29 09:48:12,1819258,332706088,0,182,198,NA,https://sra-downloadb.be-md.ncbi.nlm.nih.gov/sos5/sra-pub-zq-11/DRR000/018/DRR018556/DRR018556.sralite.1,DRX016745,NA,AMPLICON,PCR,METAGENOMIC,SINGLE,0,0,ILLUMINA,Illumina HiSeq 2000,DRP002320,PRJDB2495,NA,260136,DRS016214,SAMD00012308,simple,408170,human gut metagenome,SAMD00012308,NA,NA,NA,NA,NA,NA,no,NA,NA,NA,NA,NCCS,DRA002238,NA,public,15A91F1C8FE7D0055DCB336B528A70F3,33DC7CB7FC3044E9FF82ED923FB9AB3C,DRR018556
DRR018557,2014-08-29 09:46:06,2014-08-29 09:47:56,1535692,272847933,0,177,162,NA,https://sra-downloadb.be-md.ncbi.nlm.nih.gov/sos5/sra-pub-zq-11/DRR000/018/DRR018557/DRR018557.sralite.1,DRX016746,NA,AMPLICON,PCR,METAGENOMIC,SINGLE,0,0,ILLUMINA,Illumina HiSeq 2000,DRP002320,PRJDB2495,NA,260136,DRS016215,SAMD00012286,simple,408170,human gut metagenome,SAMD00012286,NA,NA,NA,NA,NA,NA,no,NA,NA,NA,NA,NCCS,DRA002238,NA,public,886FDD799D5856C6EB3EE19E4F4EB7E5,3AB8A4C72B067E0666D765E1A82FE09E,DRR018557
DRR018558,2014-08-29 09:46:06,2014-08-29 09:48:29,543613,96949455,0,178,58,NA,https://sra-downloadb.be-md.ncbi.nlm.nih.gov/sos5/sra-pub-zq-11/DRR000/018/DRR018558/DRR018558.sralite.1,DRX016747,NA,AMPLICON,PCR,METAGENOMIC,SINGLE,0,0,ILLUMINA,Illumina HiSeq 2000,DRP002320,PRJDB2495,NA,260136,DRS016216,SAMD00012294,simple,408170,human gut metagenome,SAMD00012294,NA,NA,NA,NA,NA,NA,no,NA,NA,NA,NA,NCCS,DRA002238,NA,public,D1CA388B009A86C485E13AB3A1BF27D5,C7B305EBEF3A0E9EA08FCB2B142CA6F3,DRR018558
DRR018559,2014-08-29 09:46:05,2014-08-29 09:46:48,1505600,272361964,0,180,161,NA,https://sra-downloadb.be-md.ncbi.nlm.nih.gov/sos5/sra-pub-zq-11/DRR000/018/DRR018559/DRR018559.sralite.1,DRX016748,NA,AMPLICON,PCR,METAGENOMIC,SINGLE,0,0,ILLUMINA,Illumina HiSeq 2000,DRP002320,PRJDB2495,NA,260136,DRS016217,SAMD00012285,simple,408170,human gut metagenome,SAMD00012285,NA,NA,NA,NA,NA,NA,no,NA,NA,NA,NA,NCCS,DRA002238,NA,public,E93608701A473D182CBD82A3CE58AD75,802017540C71BEA3553611315546BE58,DRR018559
DRR018560,2014-08-29 09:46:06,2014-08-29 09:47:52,1665860,310403201,0,186,177,NA,https://sra-downloadb.be-md.ncbi.nlm.nih.gov/sos5/sra-pub-zq-11/DRR000/018/DRR018560/DRR018560.sralite.1,DRX016749,NA,AMPLICON,PCR,METAGENOMIC,SINGLE,0,0,ILLUMINA,Illumina HiSeq 2000,DRP002320,PRJDB2495,NA,260136,DRS016218,SAMD00012299,simple,408170,human gut metagenome,SAMD00012299,NA,NA,NA,NA,NA,NA,no,NA,NA,NA,NA,NCCS,DRA002238,NA,public,BA6F2ABDE5047A2BCCE511CC50CA3A7F,7BC0625B84B09CB95138EFD0687FB116,DRR018560
ERR11549398,2023-09-16 21:46:43,2023-10-26 16:26:35,8048,2011837,0,249,1,NA,https://sra-downloadb.be-md.ncbi.nlm.nih.gov/sos9/sra-pub-zq-924/ERR011/11549/ERR11549398/ERR11549398.lite.1,ERX10953914,15006.10B1,AMPLICON,PCR,METAGENOMIC,SINGLE,0,0,ILLUMINA,Illumina MiSeq,ERP148268,PRJEB63123,NA,984891,ERS15589278,SAMEA113594913,simple,408170,human gut metagenome,SAMEA113594913,NA,NA,NA,NA,NA,NA,no,NA,NA,NA,NA,UNIVERSITY OF CALIFORNIA SAN DIEGO MICROBIOME INIT,ERA23771158,NA,public,482CE84866DD0EF47F57EF6D2F0D2983,7E8EAA2E03EDAA96583A9FC077B6C5B2,ERR11549398
ERR11549399,2023-09-16 21:46:43,2023-10-26 16:26:47,8137,2031819,0,249,1,NA,https://sra-downloadb.be-md.ncbi.nlm.nih.gov/sos9/sra-pub-zq-924/ERR011/11549/ERR11549399/ERR11549399.lite.1,ERX10953915,15006.10C1,AMPLICON,PCR,METAGENOMIC,SINGLE,0,0,ILLUMINA,Illumina MiSeq,ERP148268,PRJEB63123,NA,984891,ERS15589279,SAMEA113594914,simple,408170,human gut metagenome,SAMEA113594914,NA,NA,NA,NA,NA,NA,no,NA,NA,NA,NA,UNIVERSITY OF CALIFORNIA SAN DIEGO MICROBIOME INIT,ERA23771158,NA,public,4CD982700D431BD4944A9664221A688F,9FAC3583DD9F196014557D5947D52E23,ERR11549399
ERR11549400,2023-09-16 21:46:43,2023-10-26 16:26:36,11295,2823303,0,249,1,NA,https://sra-downloadb.be-md.ncbi.nlm.nih.gov/sos9/sra-pub-zq-924/ERR011/11549/ERR11549400/ERR11549400.lite.1,ERX10953916,15006.10F1,AMPLICON,PCR,METAGENOMIC,SINGLE,0,0,ILLUMINA,Illumina MiSeq,ERP148268,PRJEB63123,NA,984891,ERS15589280,SAMEA113594915,simple,408170,human gut metagenome,SAMEA113594915,NA,NA,NA,NA,NA,NA,no,NA,NA,NA,NA,UNIVERSITY OF CALIFORNIA SAN DIEGO MICROBIOME INIT,ERA23771158,NA,public,8B0AB5774A6BA5910509DE5684CD8CC4,4F885C6E73E3007CB439195BAB99712C,ERR11549400
ERR11549401,2023-09-16 21:46:43,2023-09-24 23:22:51,9099,2274722,0,249,1,NA,https://sra-downloadb.be-md.ncbi.nlm.nih.gov/sos5/sra-pub-zq-14/ERR011/11549/ERR11549401/ERR11549401.lite.1,ERX10953917,15006.10M1,AMPLICON,PCR,METAGENOMIC,SINGLE,0,0,ILLUMINA,Illumina MiSeq,ERP148268,PRJEB63123,NA,984891,ERS15589281,SAMEA113594916,simple,408170,human gut metagenome,SAMEA113594916,NA,NA,NA,NA,NA,NA,no,NA,NA,NA,NA,UNIVERSITY OF CALIFORNIA SAN DIEGO MICROBIOME INIT,ERA23771158,NA,public,D53D88D8D8E9A9F8F400510AA3001EB6,326BB19CDEC3A88D6EF4E18E3BB6024A,ERR11549401
ERR11549402,2023-09-16 21:46:43,2023-11-03 08:02:06,12326,3080105,0,249,1,NA,https://sra-downloadb.be-md.ncbi.nlm.nih.gov/sos1/sra-pub-zq-38/ERR011/11549/ERR11549402/ERR11549402.lite.1,ERX10953918,15006.10S1,AMPLICON,PCR,METAGENOMIC,SINGLE,0,0,ILLUMINA,Illumina MiSeq,ERP148268,PRJEB63123,NA,984891,ERS15589282,SAMEA113594917,simple,408170,human gut metagenome,SAMEA113594917,NA,NA,NA,NA,NA,NA,no,NA,NA,NA,NA,UNIVERSITY OF CALIFORNIA SAN DIEGO MICROBIOME INIT,ERA23771158,NA,public,C5E584439F094136C55D07DCBE32D50E,A5749AB36F5884A4C2B88D5DF84AF807,ERR11549402
ERR11549403,2023-09-16 21:46:43,2023-09-24 23:22:47,9197,2298844,0,249,1,NA,https://sra-downloadb.be-md.ncbi.nlm.nih.gov/sos5/sra-pub-zq-14/ERR011/11549/ERR11549403/ERR11549403.lite.1,ERX10953919,15006.2C1,AMPLICON,PCR,METAGENOMIC,SINGLE,0,0,ILLUMINA,Illumina MiSeq,ERP148268,PRJEB63123,NA,984891,ERS15589283,SAMEA113594918,simple,408170,human gut metagenome,SAMEA113594918,NA,NA,NA,NA,NA,NA,no,NA,NA,NA,NA,UNIVERSITY OF CALIFORNIA SAN DIEGO MICROBIOME INIT,ERA23771158,NA,public,ADAFF116E2C25D8C7A4C50451202DEE6,B84CE22968483DE28A4DAE3552E3C060,ERR11549403
ERR11549404,2023-09-16 21:46:43,2023-10-05 04:08:04,13700,3424887,0,249,1,NA,https://sra-downloadb.be-md.ncbi.nlm.nih.gov/sos1/sra-pub-zq-38/ERR011/11549/ERR11549404/ERR11549404.lite.1,ERX10953920,15006.2F1,AMPLICON,PCR,METAGENOMIC,SINGLE,0,0,ILLUMINA,Illumina MiSeq,ERP148268,PRJEB63123,NA,984891,ERS15589284,SAMEA113594919,simple,408170,human gut metagenome,SAMEA113594919,NA,NA,NA,NA,NA,NA,no,NA,NA,NA,NA,UNIVERSITY OF CALIFORNIA SAN DIEGO MICROBIOME INIT,ERA23771158,NA,public,78A6CC9182545B7926DFF11DDCD75E5C,2DCA694104E9A1132DCC9056B2F4FDA8,ERR11549404
ERR11549405,2023-09-16 21:46:43,2023-10-05 04:08:21,21623,5403008,0,249,2,NA,https://sra-downloadb.be-md.ncbi.nlm.nih.gov/sos1/sra-pub-zq-38/ERR011/11549/ERR11549405/ERR11549405.lite.1,ERX10953921,15006.2M1,AMPLICON,PCR,METAGENOMIC,SINGLE,0,0,ILLUMINA,Illumina MiSeq,ERP148268,PRJEB63123,NA,984891,ERS15589285,SAMEA113594920,simple,408170,human gut metagenome,SAMEA113594920,NA,NA,NA,NA,NA,NA,no,NA,NA,NA,NA,UNIVERSITY OF CALIFORNIA SAN DIEGO MICROBIOME INIT,ERA23771158,NA,public,276CCC22A87010FDDBED4359B1ECDD61,3F8E29972C4F2CFD5F078E799ED8E717,ERR11549405
ERR11549406,2023-09-16 21:46:43,2023-10-05 04:07:58,5836,1458351,0,249,0,NA,https://sra-downloadb.be-md.ncbi.nlm.nih.gov/sos1/sra-pub-zq-38/ERR011/11549/ERR11549406/ERR11549406.lite.1,ERX10953922,15006.2SZ1,AMPLICON,PCR,METAGENOMIC,SINGLE,0,0,ILLUMINA,Illumina MiSeq,ERP148268,PRJEB63123,NA,984891,ERS15589286,SAMEA113594921,simple,408170,human gut metagenome,SAMEA113594921,NA,NA,NA,NA,NA,NA,no,NA,NA,NA,NA,UNIVERSITY OF CALIFORNIA SAN DIEGO MICROBIOME INIT,ERA23771158,NA,public,C8B976DBF4C82CC369AF0E7A56A8935B,7E66696F5647F93A4285298DD1DEE99C,ERR11549406
ERR11549407,2023-09-16 21:46:43,2023-10-05 04:08:23,7841,1960130,0,249,1,NA,https://sra-downloadb.be-md.ncbi.nlm.nih.gov/sos1/sra-pub-zq-38/ERR011/11549/ERR11549407/ERR11549407.lite.1,ERX10953923,15006.3C1,AMPLICON,PCR,METAGENOMIC,SINGLE,0,0,ILLUMINA,Illumina MiSeq,ERP148268,PRJEB63123,NA,984891,ERS15589287,SAMEA113594922,simple,408170,human gut metagenome,SAMEA113594922,NA,NA,NA,NA,NA,NA,no,NA,NA,NA,NA,UNIVERSITY OF CALIFORNIA SAN DIEGO MICROBIOME INIT,ERA23771158,NA,public,3B937F822BA999BB60E7219E9866194D,DA53C28D93462EF571853F7948AFC13D,ERR11549407
ERR11549408,2023-09-16 21:46:43,2023-10-05 04:08:17,35359,8830628,0,249,4,NA,https://sra-downloadb.be-md.ncbi.nlm.nih.gov/sos1/sra-pub-zq-38/ERR011/11549/ERR11549408/ERR11549408.lite.1,ERX10953924,15006.3C2,AMPLICON,PCR,METAGENOMIC,SINGLE,0,0,ILLUMINA,Illumina MiSeq,ERP148268,PRJEB63123,NA,984891,ERS15589288,SAMEA113594923,simple,408170,human gut metagenome,SAMEA113594923,NA,NA,NA,NA,NA,NA,no,NA,NA,NA,NA,UNIVERSITY OF CALIFORNIA SAN DIEGO MICROBIOME INIT,ERA23771158,NA,public,9A85396C52A62E71A221E6425DE0EFF4,065B9A3CF94481980DA07A07D6303DB3,ERR11549408
ERR11549409,2023-09-16 21:46:43,2023-10-05 04:08:36,22512,5630295,0,250,2,NA,https://sra-downloadb.be-md.ncbi.nlm.nih.gov/sos1/sra-pub-zq-38/ERR011/11549/ERR11549409/ERR11549409.lite.1,ERX10953925,15006.3C3,AMPLICON,PCR,METAGENOMIC,SINGLE,0,0,ILLUMINA,Illumina MiSeq,ERP148268,PRJEB63123,NA,984891,ERS15589289,SAMEA113594924,simple,408170,human gut metagenome,SAMEA113594924,NA,NA,NA,NA,NA,NA,no,NA,NA,NA,NA,UNIVERSITY OF CALIFORNIA SAN DIEGO MICROBIOME INIT,ERA23771158,NA,public,EB8CBD5251FD8877A36CC46F200CC15D,5D334266F2A8A7973CFCD0111C7B7014,ERR11549409
ERR11549410,2023-09-16 21:46:43,2023-10-05 04:08:36,13084,3272771,0,250,1,NA,https://sra-downloadb.be-md.ncbi.nlm.nih.gov/sos1/sra-pub-zq-38/ERR011/11549/ERR11549410/ERR11549410.lite.1,ERX10953926,15006.3F1,AMPLICON,PCR,METAGENOMIC,SINGLE,0,0,ILLUMINA,Illumina MiSeq,ERP148268,PRJEB63123,NA,984891,ERS15589290,SAMEA113594925,simple,408170,human gut metagenome,SAMEA113594925,NA,NA,NA,NA,NA,NA,no,NA,NA,NA,NA,UNIVERSITY OF CALIFORNIA SAN DIEGO MICROBIOME INIT,ERA23771158,NA,public,F539CDFE043157771B7CEA5BD52E5FFB,66E5F32720B6E2BA0B35433CFFF42839,ERR11549410
ERR11549411,2023-09-16 21:46:43,2023-10-05 04:08:37,21541,5386463,0,250,2,NA,https://sra-downloadb.be-md.ncbi.nlm.nih.gov/sos1/sra-pub-zq-38/ERR011/11549/ERR11549411/ERR11549411.lite.1,ERX10953927,15006.3M1,AMPLICON,PCR,METAGENOMIC,SINGLE,0,0,ILLUMINA,Illumina MiSeq,ERP148268,PRJEB63123,NA,984891,ERS15589291,SAMEA113594926,simple,408170,human gut metagenome,SAMEA113594926,NA,NA,NA,NA,NA,NA,no,NA,NA,NA,NA,UNIVERSITY OF CALIFORNIA SAN DIEGO MICROBIOME INIT,ERA23771158,NA,public,53F146B01E4C6F0A6D5BEAA09CF73795,BE39E0C7DDFDA8BBFF28ABCFEF535640,ERR11549411
ERR11549412,2023-09-16 21:46:43,2023-10-05 04:08:33,16973,4240858,0,249,2,NA,https://sra-downloadb.be-md.ncbi.nlm.nih.gov/sos1/sra-pub-zq-38/ERR011/11549/ERR11549412/ERR11549412.lite.1,ERX10953928,15006.4B1,AMPLICON,PCR,METAGENOMIC,SINGLE,0,0,ILLUMINA,Illumina MiSeq,ERP148268,PRJEB63123,NA,984891,ERS15589292,SAMEA113594927,simple,408170,human gut metagenome,SAMEA113594927,NA,NA,NA,NA,NA,NA,no,NA,NA,NA,NA,UNIVERSITY OF CALIFORNIA SAN DIEGO MICROBIOME INIT,ERA23771158,NA,public,43C7C46F9A350110044A61C1F714A3EA,82733363B86EDAB697796DDEB6B8C37A,ERR11549412
ERR11549413,2023-09-16 21:46:43,2023-10-05 04:08:12,26061,6515419,0,250,3,NA,https://sra-downloadb.be-md.ncbi.nlm.nih.gov/sos1/sra-pub-zq-38/ERR011/11549/ERR11549413/ERR11549413.lite.1,ERX10953929,15006.4C1,AMPLICON,PCR,METAGENOMIC,SINGLE,0,0,ILLUMINA,Illumina MiSeq,ERP148268,PRJEB63123,NA,984891,ERS15589293,SAMEA113594928,simple,408170,human gut metagenome,SAMEA113594928,NA,NA,NA,NA,NA,NA,no,NA,NA,NA,NA,UNIVERSITY OF CALIFORNIA SAN DIEGO MICROBIOME INIT,ERA23771158,NA,public,EA75EAA605F418665B6D8128CB29C625,803C0A3D36D211968F10D922C376FDAA,ERR11549413
ERR11549414,2023-09-16 21:46:43,2023-10-05 04:08:12,20421,5103121,0,249,2,NA,https://sra-downloadb.be-md.ncbi.nlm.nih.gov/sos1/sra-pub-zq-38/ERR011/11549/ERR11549414/ERR11549414.lite.1,ERX10953930,15006.4C2,AMPLICON,PCR,METAGENOMIC,SINGLE,0,0,ILLUMINA,Illumina MiSeq,ERP148268,PRJEB63123,NA,984891,ERS15589294,SAMEA113594929,simple,408170,human gut metagenome,SAMEA113594929,NA,NA,NA,NA,NA,NA,no,NA,NA,NA,NA,UNIVERSITY OF CALIFORNIA SAN DIEGO MICROBIOME INIT,ERA23771158,NA,public,F545D62A95E871980CBCD507EE413D8F,23F8630CF3865D232174A7F2B97ABF9C,ERR11549414
ERR11549415,2023-09-16 21:46:43,2023-10-05 04:08:00,4729,1182320,0,250,0,NA,https://sra-downloadb.be-md.ncbi.nlm.nih.gov/sos1/sra-pub-zq-38/ERR011/11549/ERR11549415/ERR11549415.lite.1,ERX10953931,15006.4C3,AMPLICON,PCR,METAGENOMIC,SINGLE,0,0,ILLUMINA,Illumina MiSeq,ERP148268,PRJEB63123,NA,984891,ERS15589295,SAMEA113594930,simple,408170,human gut metagenome,SAMEA113594930,NA,NA,NA,NA,NA,NA,no,NA,NA,NA,NA,UNIVERSITY OF CALIFORNIA SAN DIEGO MICROBIOME INIT,ERA23771158,NA,public,663E48593413CEED3F56230FCC5F9A1F,165D128293BB77AF0127052E4AD54669,ERR11549415
ERR11549416,2023-09-16 21:46:43,2023-10-05 04:08:14,22490,5619739,0,249,3,NA,https://sra-downloadb.be-md.ncbi.nlm.nih.gov/sos1/sra-pub-zq-38/ERR011/11549/ERR11549416/ERR11549416.lite.1,ERX10953932,15006.4F1,AMPLICON,PCR,METAGENOMIC,SINGLE,0,0,ILLUMINA,Illumina MiSeq,ERP148268,PRJEB63123,NA,984891,ERS15589296,SAMEA113594931,simple,408170,human gut metagenome,SAMEA113594931,NA,NA,NA,NA,NA,NA,no,NA,NA,NA,NA,UNIVERSITY OF CALIFORNIA SAN DIEGO MICROBIOME INIT,ERA23771158,NA,public,17E6B0A375BC55BA28301582295A9470,71AA3EC90DBCCD4FBD49C073BB578AFF,ERR11549416
ERR11549417,2023-09-16 21:46:43,2023-10-05 04:08:17,21917,5476305,0,249,2,NA,https://sra-downloadb.be-md.ncbi.nlm.nih.gov/sos1/sra-pub-zq-38/ERR011/11549/ERR11549417/ERR11549417.lite.1,ERX10953933,15006.4M1,AMPLICON,PCR,METAGENOMIC,SINGLE,0,0,ILLUMINA,Illumina MiSeq,ERP148268,PRJEB63123,NA,984891,ERS15589297,SAMEA113594932,simple,408170,human gut metagenome,SAMEA113594932,NA,NA,NA,NA,NA,NA,no,NA,NA,NA,NA,UNIVERSITY OF CALIFORNIA SAN DIEGO MICROBIOME INIT,ERA23771158,NA,public,B40F1B7F409FD9A2B3F1CE89F8BE8D71,D986F65CE47E264EE4259A38FB6E003C,ERR11549417
ERR11549418,2023-09-16 21:46:43,2023-09-24 23:22:42,21374,5338522,0,249,2,NA,https://sra-downloadb.be-md.ncbi.nlm.nih.gov/sos5/sra-pub-zq-14/ERR011/11549/ERR11549418/ERR11549418.lite.1,ERX10953934,15006.4S1,AMPLICON,PCR,METAGENOMIC,SINGLE,0,0,ILLUMINA,Illumina MiSeq,ERP148268,PRJEB63123,NA,984891,ERS15589298,SAMEA113594933,simple,408170,human gut metagenome,SAMEA113594933,NA,NA,NA,NA,NA,NA,no,NA,NA,NA,NA,UNIVERSITY OF CALIFORNIA SAN DIEGO MICROBIOME INIT,ERA23771158,NA,public,F79710DBD12004AF7EC76A1818B732C2,2CAB2CDCF241752C8DDED3283451F911,ERR11549418
ERR11549419,2023-09-16 21:46:43,2023-10-05 04:08:20,21449,5361831,0,249,2,NA,https://sra-downloadb.be-md.ncbi.nlm.nih.gov/sos1/sra-pub-zq-38/ERR011/11549/ERR11549419/ERR11549419.lite.1,ERX10953935,15006.5B1,AMPLICON,PCR,METAGENOMIC,SINGLE,0,0,ILLUMINA,Illumina MiSeq,ERP148268,PRJEB63123,NA,984891,ERS15589299,SAMEA113594934,simple,408170,human gut metagenome,SAMEA113594934,NA,NA,NA,NA,NA,NA,no,NA,NA,NA,NA,UNIVERSITY OF CALIFORNIA SAN DIEGO MICROBIOME INIT,ERA23771158,NA,public,40FEAF960046277C6599D0068753249C,8711637CA5673F43753911528C704517,ERR11549419
ERR11549420,2023-09-16 21:46:43,2023-10-05 04:08:33,12647,3161637,0,249,1,NA,https://sra-downloadb.be-md.ncbi.nlm.nih.gov/sos1/sra-pub-zq-38/ERR011/11549/ERR11549420/ERR11549420.lite.1,ERX10953936,15006.5C1,AMPLICON,PCR,METAGENOMIC,SINGLE,0,0,ILLUMINA,Illumina MiSeq,ERP148268,PRJEB63123,NA,984891,ERS15589300,SAMEA113594935,simple,408170,human gut metagenome,SAMEA113594935,NA,NA,NA,NA,NA,NA,no,NA,NA,NA,NA,UNIVERSITY OF CALIFORNIA SAN DIEGO MICROBIOME INIT,ERA23771158,NA,public,D79D6E5A66FCE867F3AFB35D8F83943E,D7B4E05AEBD0A641624FAA62DFAAD9E9,ERR11549420
ERR11549421,2023-09-16 21:46:43,2023-10-05 04:08:18,20794,5195096,0,249,2,NA,https://sra-downloadb.be-md.ncbi.nlm.nih.gov/sos1/sra-pub-zq-38/ERR011/11549/ERR11549421/ERR11549421.lite.1,ERX10953937,15006.5C2,AMPLICON,PCR,METAGENOMIC,SINGLE,0,0,ILLUMINA,Illumina MiSeq,ERP148268,PRJEB63123,NA,984891,ERS15589301,SAMEA113594936,simple,408170,human gut metagenome,SAMEA113594936,NA,NA,NA,NA,NA,NA,no,NA,NA,NA,NA,UNIVERSITY OF CALIFORNIA SAN DIEGO MICROBIOME INIT,ERA23771158,NA,public,0988AD4B4D2DB22D792E6DD1C6CC6949,0B2B53A9D25314B742E8DF78494B332F,ERR11549421
ERR11549422,2023-09-16 21:46:43,2023-10-05 04:08:41,21714,5427939,0,249,2,NA,https://sra-downloadb.be-md.ncbi.nlm.nih.gov/sos1/sra-pub-zq-38/ERR011/11549/ERR11549422/ERR11549422.lite.1,ERX10953938,15006.5C3,AMPLICON,PCR,METAGENOMIC,SINGLE,0,0,ILLUMINA,Illumina MiSeq,ERP148268,PRJEB63123,NA,984891,ERS15589302,SAMEA113594937,simple,408170,human gut metagenome,SAMEA113594937,NA,NA,NA,NA,NA,NA,no,NA,NA,NA,NA,UNIVERSITY OF CALIFORNIA SAN DIEGO MICROBIOME INIT,ERA23771158,NA,public,10EC5A3AC3554E36A024E96EE6195F47,FD101CBDA1D0E9787C9DE17C536CCB3A,ERR11549422
ERR11549423,2023-09-16 21:46:43,2023-09-24 23:22:40,20146,5036660,0,250,2,NA,https://sra-downloadb.be-md.ncbi.nlm.nih.gov/sos5/sra-pub-zq-14/ERR011/11549/ERR11549423/ERR11549423.lite.1,ERX10953939,15006.5F1,AMPLICON,PCR,METAGENOMIC,SINGLE,0,0,ILLUMINA,Illumina MiSeq,ERP148268,PRJEB63123,NA,984891,ERS15589303,SAMEA113594938,simple,408170,human gut metagenome,SAMEA113594938,NA,NA,NA,NA,NA,NA,no,NA,NA,NA,NA,UNIVERSITY OF CALIFORNIA SAN DIEGO MICROBIOME INIT,ERA23771158,NA,public,68A5836018EA34EB7834DBF753C34884,D29D02026F17D45127CACEA66FE051F1,ERR11549423
ERR11549424,2023-09-16 21:46:43,2023-09-24 23:22:54,16979,4243565,0,249,2,NA,https://sra-downloadb.be-md.ncbi.nlm.nih.gov/sos5/sra-pub-zq-14/ERR011/11549/ERR11549424/ERR11549424.lite.1,ERX10953940,15006.5M1,AMPLICON,PCR,METAGENOMIC,SINGLE,0,0,ILLUMINA,Illumina MiSeq,ERP148268,PRJEB63123,NA,984891,ERS15589304,SAMEA113594939,simple,408170,human gut metagenome,SAMEA113594939,NA,NA,NA,NA,NA,NA,no,NA,NA,NA,NA,UNIVERSITY OF CALIFORNIA SAN DIEGO MICROBIOME INIT,ERA23771158,NA,public,BD6CFE26FB8AF07DA31E095D90B7F8ED,0EF159E9C4BE716558CC5BBDCA74E26F,ERR11549424
ERR11549425,2023-09-16 21:46:43,2023-09-24 23:23:07,30376,7592065,0,249,3,NA,https://sra-downloadb.be-md.ncbi.nlm.nih.gov/sos5/sra-pub-zq-14/ERR011/11549/ERR11549425/ERR11549425.lite.1,ERX10953941,15006.6B1,AMPLICON,PCR,METAGENOMIC,SINGLE,0,0,ILLUMINA,Illumina MiSeq,ERP148268,PRJEB63123,NA,984891,ERS15589305,SAMEA113594940,simple,408170,human gut metagenome,SAMEA113594940,NA,NA,NA,NA,NA,NA,no,NA,NA,NA,NA,UNIVERSITY OF CALIFORNIA SAN DIEGO MICROBIOME INIT,ERA23771158,NA,public,A0CB9F0330C8DB29721ECB9579A11329,FAE22E97BB082F33E62718BD69E0CF9F,ERR11549425
ERR11549426,2023-09-16 21:46:43,2023-10-05 04:08:27,40756,10189985,0,250,5,NA,https://sra-downloadb.be-md.ncbi.nlm.nih.gov/sos1/sra-pub-zq-38/ERR011/11549/ERR11549426/ERR11549426.lite.1,ERX10953942,15006.6C1,AMPLICON,PCR,METAGENOMIC,SINGLE,0,0,ILLUMINA,Illumina MiSeq,ERP148268,PRJEB63123,NA,984891,ERS15589306,SAMEA113594941,simple,408170,human gut metagenome,SAMEA113594941,NA,NA,NA,NA,NA,NA,no,NA,NA,NA,NA,UNIVERSITY OF CALIFORNIA SAN DIEGO MICROBIOME INIT,ERA23771158,NA,public,37297D29942EBAE1B7F4F432A552776F,75B61F709C14EEF8F8A9CC622CCDCFB2,ERR11549426
ERR11549427,2023-09-16 21:46:43,2023-10-05 04:08:27,25565,6388978,0,249,3,NA,https://sra-downloadb.be-md.ncbi.nlm.nih.gov/sos1/sra-pub-zq-38/ERR011/11549/ERR11549427/ERR11549427.lite.1,ERX10953943,15006.6C2,AMPLICON,PCR,METAGENOMIC,SINGLE,0,0,ILLUMINA,Illumina MiSeq,ERP148268,PRJEB63123,NA,984891,ERS15589307,SAMEA113594942,simple,408170,human gut metagenome,SAMEA113594942,NA,NA,NA,NA,NA,NA,no,NA,NA,NA,NA,UNIVERSITY OF CALIFORNIA SAN DIEGO MICROBIOME INIT,ERA23771158,NA,public,8436F243577932995C2DAC6020676F6A,0F4ECDBED876358BD76A8A0762A4AB42,ERR11549427
ERR11549428,2023-09-16 21:46:43,2023-10-05 04:08:38,20894,5222332,0,249,2,NA,https://sra-downloadb.be-md.ncbi.nlm.nih.gov/sos1/sra-pub-zq-38/ERR011/11549/ERR11549428/ERR11549428.lite.1,ERX10953944,15006.6C3,AMPLICON,PCR,METAGENOMIC,SINGLE,0,0,ILLUMINA,Illumina MiSeq,ERP148268,PRJEB63123,NA,984891,ERS15589308,SAMEA113594943,simple,408170,human gut metagenome,SAMEA113594943,NA,NA,NA,NA,NA,NA,no,NA,NA,NA,NA,UNIVERSITY OF CALIFORNIA SAN DIEGO MICROBIOME INIT,ERA23771158,NA,public,481FB643B136D20694195BB89E4AFF96,125374279DC07CFB4965B4DA26A6976F,ERR11549428
ERR11549429,2023-09-16 21:46:43,2023-10-05 04:08:22,21202,5298897,0,249,2,NA,https://sra-downloadb.be-md.ncbi.nlm.nih.gov/sos1/sra-pub-zq-38/ERR011/11549/ERR11549429/ERR11549429.lite.1,ERX10953945,15006.6F1,AMPLICON,PCR,METAGENOMIC,SINGLE,0,0,ILLUMINA,Illumina MiSeq,ERP148268,PRJEB63123,NA,984891,ERS15589309,SAMEA113594944,simple,408170,human gut metagenome,SAMEA113594944,NA,NA,NA,NA,NA,NA,no,NA,NA,NA,NA,UNIVERSITY OF CALIFORNIA SAN DIEGO MICROBIOME INIT,ERA23771158,NA,public,719B676DDEDED163F7E6A49950224089,99C0B682F020CE8E5547C3B81CB1FFFA,ERR11549429
ERR11549430,2023-09-16 21:46:43,2023-10-05 04:08:12,25813,6452276,0,249,3,NA,https://sra-downloadb.be-md.ncbi.nlm.nih.gov/sos1/sra-pub-zq-38/ERR011/11549/ERR11549430/ERR11549430.lite.1,ERX10953946,15006.6M1,AMPLICON,PCR,METAGENOMIC,SINGLE,0,0,ILLUMINA,Illumina MiSeq,ERP148268,PRJEB63123,NA,984891,ERS15589310,SAMEA113594945,simple,408170,human gut metagenome,SAMEA113594945,NA,NA,NA,NA,NA,NA,no,NA,NA,NA,NA,UNIVERSITY OF CALIFORNIA SAN DIEGO MICROBIOME INIT,ERA23771158,NA,public,0E2C6B0BCD39FDE608C4EDF24DDA42E3,A2603AC81D77D5B302E02D2568655105,ERR11549430
ERR11549431,2023-09-16 21:46:43,2023-09-24 23:23:08,27039,6758936,0,249,3,NA,https://sra-downloadb.be-md.ncbi.nlm.nih.gov/sos5/sra-pub-zq-14/ERR011/11549/ERR11549431/ERR11549431.lite.1,ERX10953947,15006.6S1,AMPLICON,PCR,METAGENOMIC,SINGLE,0,0,ILLUMINA,Illumina MiSeq,ERP148268,PRJEB63123,NA,984891,ERS15589311,SAMEA113594946,simple,408170,human gut metagenome,SAMEA113594946,NA,NA,NA,NA,NA,NA,no,NA,NA,NA,NA,UNIVERSITY OF CALIFORNIA SAN DIEGO MICROBIOME INIT,ERA23771158,NA,public,A7AE7288E0C4575DF97A8B4AE8D9D129,D8615166CDACA0CA9F336B7FA592FA3E,ERR11549431
ERR11549432,2023-09-16 21:46:43,2023-10-05 04:08:03,18897,4723271,0,249,2,NA,https://sra-downloadb.be-md.ncbi.nlm.nih.gov/sos1/sra-pub-zq-38/ERR011/11549/ERR11549432/ERR11549432.lite.1,ERX10953948,15006.7B1,AMPLICON,PCR,METAGENOMIC,SINGLE,0,0,ILLUMINA,Illumina MiSeq,ERP148268,PRJEB63123,NA,984891,ERS15589312,SAMEA113594947,simple,408170,human gut metagenome,SAMEA113594947,NA,NA,NA,NA,NA,NA,no,NA,NA,NA,NA,UNIVERSITY OF CALIFORNIA SAN DIEGO MICROBIOME INIT,ERA23771158,NA,public,A895BA5E9BEE618481EEFB71C6865D97,955362E8008999FB2481955B026732D0,ERR11549432
ERR11549433,2023-09-16 21:46:43,2023-10-05 04:08:08,32489,8120880,0,249,4,NA,https://sra-downloadb.be-md.ncbi.nlm.nih.gov/sos1/sra-pub-zq-38/ERR011/11549/ERR11549433/ERR11549433.lite.1,ERX10953949,15006.7C1,AMPLICON,PCR,METAGENOMIC,SINGLE,0,0,ILLUMINA,Illumina MiSeq,ERP148268,PRJEB63123,NA,984891,ERS15589313,SAMEA113594948,simple,408170,human gut metagenome,SAMEA113594948,NA,NA,NA,NA,NA,NA,no,NA,NA,NA,NA,UNIVERSITY OF CALIFORNIA SAN DIEGO MICROBIOME INIT,ERA23771158,NA,public,1D313F524C441A79BBFFF679193A6665,9D59CE854E8E1FEDC97F049B58C65AE5,ERR11549433
ERR11549434,2023-09-16 21:46:43,2023-10-05 04:08:29,11148,2785650,0,249,1,NA,https://sra-downloadb.be-md.ncbi.nlm.nih.gov/sos1/sra-pub-zq-38/ERR011/11549/ERR11549434/ERR11549434.lite.1,ERX10953950,15006.7C2,AMPLICON,PCR,METAGENOMIC,SINGLE,0,0,ILLUMINA,Illumina MiSeq,ERP148268,PRJEB63123,NA,984891,ERS15589314,SAMEA113594949,simple,408170,human gut metagenome,SAMEA113594949,NA,NA,NA,NA,NA,NA,no,NA,NA,NA,NA,UNIVERSITY OF CALIFORNIA SAN DIEGO MICROBIOME INIT,ERA23771158,NA,public,810751F08ED5FF30C7B0530E274919F2,2DECC2EF513C366C34237486E0ECC12E,ERR11549434
ERR11549435,2023-09-16 21:46:43,2023-10-05 04:08:36,24782,6191588,0,249,3,NA,https://sra-downloadb.be-md.ncbi.nlm.nih.gov/sos1/sra-pub-zq-38/ERR011/11549/ERR11549435/ERR11549435.lite.1,ERX10953951,15006.7C3,AMPLICON,PCR,METAGENOMIC,SINGLE,0,0,ILLUMINA,Illumina MiSeq,ERP148268,PRJEB63123,NA,984891,ERS15589315,SAMEA113594950,simple,408170,human gut metagenome,SAMEA113594950,NA,NA,NA,NA,NA,NA,no,NA,NA,NA,NA,UNIVERSITY OF CALIFORNIA SAN DIEGO MICROBIOME INIT,ERA23771158,NA,public,4710A6DE56DD2B42F27ABF500DEB060E,3E978EC8BD15442D516FA0CA864C4719,ERR11549435
ERR11549436,2023-09-16 21:46:43,2023-10-05 04:08:26,24256,6062329,0,249,3,NA,https://sra-downloadb.be-md.ncbi.nlm.nih.gov/sos1/sra-pub-zq-38/ERR011/11549/ERR11549436/ERR11549436.lite.1,ERX10953952,15006.7F1,AMPLICON,PCR,METAGENOMIC,SINGLE,0,0,ILLUMINA,Illumina MiSeq,ERP148268,PRJEB63123,NA,984891,ERS15589316,SAMEA113594951,simple,408170,human gut metagenome,SAMEA113594951,NA,NA,NA,NA,NA,NA,no,NA,NA,NA,NA,UNIVERSITY OF CALIFORNIA SAN DIEGO MICROBIOME INIT,ERA23771158,NA,public,97D5A6F1FE0560BAFF25AE62C111FE34,728B5CAC9F19B2C86F02872277C37325,ERR11549436
ERR11549437,2023-09-16 21:46:43,2023-10-05 04:08:40,18832,4705422,0,249,2,NA,https://sra-downloadb.be-md.ncbi.nlm.nih.gov/sos1/sra-pub-zq-38/ERR011/11549/ERR11549437/ERR11549437.lite.1,ERX10953953,15006.7M1,AMPLICON,PCR,METAGENOMIC,SINGLE,0,0,ILLUMINA,Illumina MiSeq,ERP148268,PRJEB63123,NA,984891,ERS15589317,SAMEA113594952,simple,408170,human gut metagenome,SAMEA113594952,NA,NA,NA,NA,NA,NA,no,NA,NA,NA,NA,UNIVERSITY OF CALIFORNIA SAN DIEGO MICROBIOME INIT,ERA23771158,NA,public,7FF8D340FDB721F0C5A607C0F40AA88F,F820DA7E3B1CCAB11734D5BA217F86F3,ERR11549437
ERR11549438,2023-09-16 21:46:43,2023-10-05 04:08:29,12935,3233998,0,250,1,NA,https://sra-downloadb.be-md.ncbi.nlm.nih.gov/sos1/sra-pub-zq-38/ERR011/11549/ERR11549438/ERR11549438.lite.1,ERX10953954,15006.8C1,AMPLICON,PCR,METAGENOMIC,SINGLE,0,0,ILLUMINA,Illumina MiSeq,ERP148268,PRJEB63123,NA,984891,ERS15589318,SAMEA113594953,simple,408170,human gut metagenome,SAMEA113594953,NA,NA,NA,NA,NA,NA,no,NA,NA,NA,NA,UNIVERSITY OF CALIFORNIA SAN DIEGO MICROBIOME INIT,ERA23771158,NA,public,7AA59E1C6258A4628C8CD1A128223236,708B687186462DAB88EA3E654A257FF2,ERR11549438
ERR11549439,2023-09-16 21:46:43,2023-09-24 23:23:00,20177,5042305,0,249,2,NA,https://sra-downloadb.be-md.ncbi.nlm.nih.gov/sos5/sra-pub-zq-14/ERR011/11549/ERR11549439/ERR11549439.lite.1,ERX10953955,15006.8F1,AMPLICON,PCR,METAGENOMIC,SINGLE,0,0,ILLUMINA,Illumina MiSeq,ERP148268,PRJEB63123,NA,984891,ERS15589319,SAMEA113594954,simple,408170,human gut metagenome,SAMEA113594954,NA,NA,NA,NA,NA,NA,no,NA,NA,NA,NA,UNIVERSITY OF CALIFORNIA SAN DIEGO MICROBIOME INIT,ERA23771158,NA,public,49406F21F7A382DCB6757663B0625C0E,EB91B71C8424E1AE1BCA3CDEE804883F,ERR11549439
ERR11549440,2023-09-16 21:46:43,2023-10-26 16:26:43,34099,8521792,0,249,4,NA,https://sra-downloadb.be-md.ncbi.nlm.nih.gov/sos9/sra-pub-zq-924/ERR011/11549/ERR11549440/ERR11549440.lite.1,ERX10953956,15006.8M1,AMPLICON,PCR,METAGENOMIC,SINGLE,0,0,ILLUMINA,Illumina MiSeq,ERP148268,PRJEB63123,NA,984891,ERS15589320,SAMEA113594955,simple,408170,human gut metagenome,SAMEA113594955,NA,NA,NA,NA,NA,NA,no,NA,NA,NA,NA,UNIVERSITY OF CALIFORNIA SAN DIEGO MICROBIOME INIT,ERA23771158,NA,public,9937D4A1ADBCE1D8E17C6EB142A47855,C95969B45067CC9ACA2A6555D9529656,ERR11549440
ERR11549441,2023-09-16 21:46:43,2023-09-24 23:23:00,18656,4664022,0,250,2,NA,https://sra-downloadb.be-md.ncbi.nlm.nih.gov/sos5/sra-pub-zq-14/ERR011/11549/ERR11549441/ERR11549441.lite.1,ERX10953957,15006.8S1,AMPLICON,PCR,METAGENOMIC,SINGLE,0,0,ILLUMINA,Illumina MiSeq,ERP148268,PRJEB63123,NA,984891,ERS15589321,SAMEA113594956,simple,408170,human gut metagenome,SAMEA113594956,NA,NA,NA,NA,NA,NA,no,NA,NA,NA,NA,UNIVERSITY OF CALIFORNIA SAN DIEGO MICROBIOME INIT,ERA23771158,NA,public,C264C47790AC5CAD774F390A8CF70B62,9360C404537BF87752967F493B9ADD6B,ERR11549441
ERR11549442,2023-09-16 21:46:43,2023-10-05 04:08:49,43517,10876152,0,249,5,NA,https://sra-downloadb.be-md.ncbi.nlm.nih.gov/sos1/sra-pub-zq-38/ERR011/11549/ERR11549442/ERR11549442.lite.1,ERX10953958,15006.9C1,AMPLICON,PCR,METAGENOMIC,SINGLE,0,0,ILLUMINA,Illumina MiSeq,ERP148268,PRJEB63123,NA,984891,ERS15589322,SAMEA113594957,simple,408170,human gut metagenome,SAMEA113594957,NA,NA,NA,NA,NA,NA,no,NA,NA,NA,NA,UNIVERSITY OF CALIFORNIA SAN DIEGO MICROBIOME INIT,ERA23771158,NA,public,D9A048C48B4850FF66B41288D8729350,4F32A5AA505A9A82B794E088FEECBFEB,ERR11549442
ERR11549443,2023-09-16 21:46:43,2023-10-05 04:08:31,39470,9874072,0,250,5,NA,https://sra-downloadb.be-md.ncbi.nlm.nih.gov/sos1/sra-pub-zq-38/ERR011/11549/ERR11549443/ERR11549443.lite.1,ERX10953959,15006.9F1,AMPLICON,PCR,METAGENOMIC,SINGLE,0,0,ILLUMINA,Illumina MiSeq,ERP148268,PRJEB63123,NA,984891,ERS15589323,SAMEA113594958,simple,408170,human gut metagenome,SAMEA113594958,NA,NA,NA,NA,NA,NA,no,NA,NA,NA,NA,UNIVERSITY OF CALIFORNIA SAN DIEGO MICROBIOME INIT,ERA23771158,NA,public,763723D9B84B2F71BE10D7ABC42189F3,92BAA84274156EBEAB00F9A302FFC30E,ERR11549443
ERR11549444,2023-09-16 21:46:43,2023-10-05 04:08:35,19775,4942881,0,249,2,NA,https://sra-downloadb.be-md.ncbi.nlm.nih.gov/sos1/sra-pub-zq-38/ERR011/11549/ERR11549444/ERR11549444.lite.1,ERX10953960,15006.9M1,AMPLICON,PCR,METAGENOMIC,SINGLE,0,0,ILLUMINA,Illumina MiSeq,ERP148268,PRJEB63123,NA,984891,ERS15589324,SAMEA113594959,simple,408170,human gut metagenome,SAMEA113594959,NA,NA,NA,NA,NA,NA,no,NA,NA,NA,NA,UNIVERSITY OF CALIFORNIA SAN DIEGO MICROBIOME INIT,ERA23771158,NA,public,0D87AC2BC762596A4461865DE28C95C0,D57A09D8C4B5085DDAD436AF4C405D6C,ERR11549444
ERR11549445,2023-09-16 21:46:43,2023-11-03 08:02:33,36995,9248212,0,249,4,NA,https://sra-downloadb.be-md.ncbi.nlm.nih.gov/sos1/sra-pub-zq-38/ERR011/11549/ERR11549445/ERR11549445.lite.1,ERX10953961,15006.9SK1,AMPLICON,PCR,METAGENOMIC,SINGLE,0,0,ILLUMINA,Illumina MiSeq,ERP148268,PRJEB63123,NA,984891,ERS15589325,SAMEA113594960,simple,408170,human gut metagenome,SAMEA113594960,NA,NA,NA,NA,NA,NA,no,NA,NA,NA,NA,UNIVERSITY OF CALIFORNIA SAN DIEGO MICROBIOME INIT,ERA23771158,NA,public,06E828B8F3937ECDE02A1CBFBE9FB01E,768007F3E685599F96F26E594086A837,ERR11549445
ERR11549446,2023-09-16 21:46:43,2023-10-05 04:08:10,9231,2307081,0,249,1,NA,https://sra-downloadb.be-md.ncbi.nlm.nih.gov/sos1/sra-pub-zq-38/ERR011/11549/ERR11549446/ERR11549446.lite.1,ERX10953962,15006.9SM1,AMPLICON,PCR,METAGENOMIC,SINGLE,0,0,ILLUMINA,Illumina MiSeq,ERP148268,PRJEB63123,NA,984891,ERS15589326,SAMEA113594961,simple,408170,human gut metagenome,SAMEA113594961,NA,NA,NA,NA,NA,NA,no,NA,NA,NA,NA,UNIVERSITY OF CALIFORNIA SAN DIEGO MICROBIOME INIT,ERA23771158,NA,public,F549BD2A2C3335C7D8889ED9E76E60D9,3528971A35309870D00CF6490358632C,ERR11549446
ERR12036217,2024-07-21 07:59:31,2024-07-30 02:07:23,63503,17971430,0,283,10,NA,https://sra-downloadb.be-md.ncbi.nlm.nih.gov/sos6/sra-pub-zq-40/ERR012/12036/ERR12036217/ERR12036217.lite.1,ERX11419691,C1,AMPLICON,PCR,METAGENOMIC,SINGLE,0,0,ILLUMINA,Illumina MiSeq,ERP151034,PRJEB65938,NA,1110487,ERS16336408,SAMEA114347393,simple,10090,Mus musculus,SAMEA114347393,NA,NA,NA,NA,NA,NA,no,NA,NA,NA,NA,LOUVAIN DRUG RESEARCH INSTITUTE,ERA27202676,NA,public,90261624387ACB8216EA9B872D6649D7,CC233822D65CEE93F9F35717B3490FAD,ERR12036217
ERR12036218,2024-07-21 12:21:34,2024-07-30 10:22:41,66159,18736101,0,283,4,NA,https://sra-downloadb.be-md.ncbi.nlm.nih.gov/sos6/sra-pub-zq-40/ERR012/12036/ERR12036218/ERR12036218.lite.1,ERX11419692,C2,AMPLICON,PCR,METAGENOMIC,SINGLE,0,0,ILLUMINA,Illumina MiSeq,ERP151034,PRJEB65938,NA,1110487,ERS16336409,SAMEA114347394,simple,10090,Mus musculus,SAMEA114347394,NA,NA,NA,NA,NA,NA,no,NA,NA,NA,NA,LOUVAIN DRUG RESEARCH INSTITUTE,ERA27202676,NA,public,BC1EB41388EAE1AD459E3D162816EEF5,03E5FD09E0DF9D38A7AA27A091B4B91C,ERR12036218
ERR12036219,2024-07-21 18:03:17,2024-07-30 15:55:20,143058,40523982,0,283,10,NA,https://sra-downloadb.be-md.ncbi.nlm.nih.gov/sos6/sra-pub-zq-40/ERR012/12036/ERR12036219/ERR12036219.lite.1,ERX11419693,C3,AMPLICON,PCR,METAGENOMIC,SINGLE,0,0,ILLUMINA,Illumina MiSeq,ERP151034,PRJEB65938,NA,1110487,ERS16336410,SAMEA114347395,simple,10090,Mus musculus,SAMEA114347395,NA,NA,NA,NA,NA,NA,no,NA,NA,NA,NA,LOUVAIN DRUG RESEARCH INSTITUTE,ERA27202676,NA,public,7214A4EF3C3A9576FD422979BB352F43,A3275565F7CAA9CC03E68D36ECA60DE6,ERR12036219
ERR12036220,2024-07-22 02:37:29,2024-07-31 02:09:55,26561,7519756,0,283,1,NA,https://sra-downloadb.be-md.ncbi.nlm.nih.gov/sos6/sra-pub-zq-40/ERR012/12036/ERR12036220/ERR12036220.lite.1,ERX11419694,C4,AMPLICON,PCR,METAGENOMIC,SINGLE,0,0,ILLUMINA,Illumina MiSeq,ERP151034,PRJEB65938,NA,1110487,ERS16336411,SAMEA114347396,simple,10090,Mus musculus,SAMEA114347396,NA,NA,NA,NA,NA,NA,no,NA,NA,NA,NA,LOUVAIN DRUG RESEARCH INSTITUTE,ERA27202676,NA,public,CF6AD8F2435AE8F29242E5447D56DDB5,14A2D31BEB5ED3794FE2341EF15AEF38,ERR12036220
ERR12036221,2024-07-22 02:37:29,2024-07-31 02:13:40,101498,28755819,0,283,7,NA,https://sra-downloadb.be-md.ncbi.nlm.nih.gov/sos6/sra-pub-zq-40/ERR012/12036/ERR12036221/ERR12036221.lite.1,ERX11419695,C5,AMPLICON,PCR,METAGENOMIC,SINGLE,0,0,ILLUMINA,Illumina MiSeq,ERP151034,PRJEB65938,NA,1110487,ERS16336412,SAMEA114347397,simple,10090,Mus musculus,SAMEA114347397,NA,NA,NA,NA,NA,NA,no,NA,NA,NA,NA,LOUVAIN DRUG RESEARCH INSTITUTE,ERA27202676,NA,public,EBB4F21B179A08CE7DCC573A55528319,757E08001EDB557343A2BBCD5A59F56D,ERR12036221
ERR12036222,2024-07-21 22:10:57,2024-07-30 20:18:29,67254,19056995,0,283,4,NA,https://sra-downloadb.be-md.ncbi.nlm.nih.gov/sos6/sra-pub-zq-40/ERR012/12036/ERR12036222/ERR12036222.lite.1,ERX11419696,C6,AMPLICON,PCR,METAGENOMIC,SINGLE,0,0,ILLUMINA,Illumina MiSeq,ERP151034,PRJEB65938,NA,1110487,ERS16336413,SAMEA114347398,simple,10090,Mus musculus,SAMEA114347398,NA,NA,NA,NA,NA,NA,no,NA,NA,NA,NA,LOUVAIN DRUG RESEARCH INSTITUTE,ERA27202676,NA,public,46A3B60F7D16ED772F4AE65B9CF1C955,E8577C67C073D5099DD98A3FA8B68877,ERR12036222
ERR12036223,2024-07-21 18:03:17,2024-07-30 15:58:14,90139,25560386,0,283,6,NA,https://sra-downloadb.be-md.ncbi.nlm.nih.gov/sos6/sra-pub-zq-40/ERR012/12036/ERR12036223/ERR12036223.lite.1,ERX11419697,C7,AMPLICON,PCR,METAGENOMIC,SINGLE,0,0,ILLUMINA,Illumina MiSeq,ERP151034,PRJEB65938,NA,1110487,ERS16336414,SAMEA114347399,simple,10090,Mus musculus,SAMEA114347399,NA,NA,NA,NA,NA,NA,no,NA,NA,NA,NA,LOUVAIN DRUG RESEARCH INSTITUTE,ERA27202676,NA,public,DC6194FF098DC45DD5267E0F61E88BAB,A2DBB31796D2D9F348984CF5D7ED2439,ERR12036223
ERR12036224,2024-07-21 10:52:07,2024-07-30 06:53:44,112582,31919280,0,283,8,NA,https://sra-downloadb.be-md.ncbi.nlm.nih.gov/sos6/sra-pub-zq-40/ERR012/12036/ERR12036224/ERR12036224.lite.1,ERX11419698,C8,AMPLICON,PCR,METAGENOMIC,SINGLE,0,0,ILLUMINA,Illumina MiSeq,ERP151034,PRJEB65938,NA,1110487,ERS16336415,SAMEA114347400,simple,10090,Mus musculus,SAMEA114347400,NA,NA,NA,NA,NA,NA,no,NA,NA,NA,NA,LOUVAIN DRUG RESEARCH INSTITUTE,ERA27202676,NA,public,0C17A4037A19F6A3D9FC77EABB106EB0,0884A4EEB02F4F2A9DE129ADF38451B3,ERR12036224
ERR12036225,2024-07-21 09:23:34,2024-07-30 04:07:56,78211,22148722,0,283,5,NA,https://sra-downloadb.be-md.ncbi.nlm.nih.gov/sos6/sra-pub-zq-40/ERR012/12036/ERR12036225/ERR12036225.lite.1,ERX11419699,C9,AMPLICON,PCR,METAGENOMIC,SINGLE,0,0,ILLUMINA,Illumina MiSeq,ERP151034,PRJEB65938,NA,1110487,ERS16336416,SAMEA114347401,simple,10090,Mus musculus,SAMEA114347401,NA,NA,NA,NA,NA,NA,no,NA,NA,NA,NA,LOUVAIN DRUG RESEARCH INSTITUTE,ERA27202676,NA,public,AE6265C9AF05586CF6D8A0475243500D,11C99D27ABF87DE27292837E3A6EE5A4,ERR12036225
ERR12036226,2024-07-21 12:21:34,2024-07-30 10:15:53,84401,23918015,0,283,6,NA,https://sra-downloadb.be-md.ncbi.nlm.nih.gov/sos6/sra-pub-zq-40/ERR012/12036/ERR12036226/ERR12036226.lite.1,ERX11419700,C10,AMPLICON,PCR,METAGENOMIC,SINGLE,0,0,ILLUMINA,Illumina MiSeq,ERP151034,PRJEB65938,NA,1110487,ERS16336417,SAMEA114347402,simple,10090,Mus musculus,SAMEA114347402,NA,NA,NA,NA,NA,NA,no,NA,NA,NA,NA,LOUVAIN DRUG RESEARCH INSTITUTE,ERA27202676,NA,public,A5328C0BADB0F4DAD42D2A7D03F68A09,7E751BE84B0229544672DCFB0723EA20,ERR12036226
ERR12036227,2024-07-21 12:21:34,2024-07-30 09:00:22,111552,31568380,0,282,8,NA,https://sra-downloadb.be-md.ncbi.nlm.nih.gov/sos6/sra-pub-zq-40/ERR012/12036/ERR12036227/ERR12036227.lite.1,ERX11419701,C11,AMPLICON,PCR,METAGENOMIC,SINGLE,0,0,ILLUMINA,Illumina MiSeq,ERP151034,PRJEB65938,NA,1110487,ERS16336418,SAMEA114347403,simple,10090,Mus musculus,SAMEA114347403,NA,NA,NA,NA,NA,NA,no,NA,NA,NA,NA,LOUVAIN DRUG RESEARCH INSTITUTE,ERA27202676,NA,public,9D2A664395A83EF7BFF2297171171717,1647FA3B562B79CB8FBB1AD066C30B11,ERR12036227
ERR12036228,2024-07-21 12:21:34,2024-07-30 10:14:57,70477,19943758,0,282,5,NA,https://sra-downloadb.be-md.ncbi.nlm.nih.gov/sos6/sra-pub-zq-40/ERR012/12036/ERR12036228/ERR12036228.lite.1,ERX11419702,C12,AMPLICON,PCR,METAGENOMIC,SINGLE,0,0,ILLUMINA,Illumina MiSeq,ERP151034,PRJEB65938,NA,1110487,ERS16336419,SAMEA114347404,simple,10090,Mus musculus,SAMEA114347404,NA,NA,NA,NA,NA,NA,no,NA,NA,NA,NA,LOUVAIN DRUG RESEARCH INSTITUTE,ERA27202676,NA,public,724460E6F45328D662762CEC9032DD25,D425A6ADFEFF2BA3DE72733BF8B688C4,ERR12036228
ERR12036229,2024-07-21 12:09:31,2024-07-30 08:54:06,57791,16369182,0,283,4,NA,https://sra-downloadb.be-md.ncbi.nlm.nih.gov/sos6/sra-pub-zq-40/ERR012/12036/ERR12036229/ERR12036229.lite.1,ERX11419703,C13,AMPLICON,PCR,METAGENOMIC,SINGLE,0,0,ILLUMINA,Illumina MiSeq,ERP151034,PRJEB65938,NA,1110487,ERS16336420,SAMEA114347405,simple,10090,Mus musculus,SAMEA114347405,NA,NA,NA,NA,NA,NA,no,NA,NA,NA,NA,LOUVAIN DRUG RESEARCH INSTITUTE,ERA27202676,NA,public,6A8021A7F274F9075F8FDE13DCFFEC1B,4EE213CA778106B1166D05319641D798,ERR12036229
ERR12036230,2024-07-21 10:52:07,2024-07-30 07:00:11,87110,24654658,0,283,6,NA,https://sra-downloadb.be-md.ncbi.nlm.nih.gov/sos6/sra-pub-zq-40/ERR012/12036/ERR12036230/ERR12036230.lite.1,ERX11419704,C14,AMPLICON,PCR,METAGENOMIC,SINGLE,0,0,ILLUMINA,Illumina MiSeq,ERP151034,PRJEB65938,NA,1110487,ERS16336421,SAMEA114347406,simple,10090,Mus musculus,SAMEA114347406,NA,NA,NA,NA,NA,NA,no,NA,NA,NA,NA,LOUVAIN DRUG RESEARCH INSTITUTE,ERA27202676,NA,public,F479A40640D96E8F07E21EBD76173BEA,ACC95E42FDE7A3E3F335452D7D260896,ERR12036230
ERR12036231,2024-07-21 10:44:27,2024-07-30 05:44:59,67151,19004412,0,283,4,NA,https://sra-downloadb.be-md.ncbi.nlm.nih.gov/sos6/sra-pub-zq-40/ERR012/12036/ERR12036231/ERR12036231.lite.1,ERX11419705,C15,AMPLICON,PCR,METAGENOMIC,SINGLE,0,0,ILLUMINA,Illumina MiSeq,ERP151034,PRJEB65938,NA,1110487,ERS16336422,SAMEA114347407,simple,10090,Mus musculus,SAMEA114347407,NA,NA,NA,NA,NA,NA,no,NA,NA,NA,NA,LOUVAIN DRUG RESEARCH INSTITUTE,ERA27202676,NA,public,CAB739BB5977893858F6F9EC321371A3,866BDAB4CA961EB8177C82230049854E,ERR12036231
ERR12036232,2024-07-21 14:58:54,2024-07-30 12:05:34,83379,23600503,0,283,6,NA,https://sra-downloadb.be-md.ncbi.nlm.nih.gov/sos6/sra-pub-zq-40/ERR012/12036/ERR12036232/ERR12036232.lite.1,ERX11419706,C16,AMPLICON,PCR,METAGENOMIC,SINGLE,0,0,ILLUMINA,Illumina MiSeq,ERP151034,PRJEB65938,NA,1110487,ERS16336423,SAMEA114347408,simple,10090,Mus musculus,SAMEA114347408,NA,NA,NA,NA,NA,NA,no,NA,NA,NA,NA,LOUVAIN DRUG RESEARCH INSTITUTE,ERA27202676,NA,public,FCA404F971F5C47C099E8ECFADC6F45A,8008BB60BA9612415042D4258EFEB0BA,ERR12036232
ERR12036233,2024-07-21 07:59:31,2024-07-30 02:07:24,96332,27268157,0,283,6,NA,https://sra-downloadb.be-md.ncbi.nlm.nih.gov/sos6/sra-pub-zq-40/ERR012/12036/ERR12036233/ERR12036233.lite.1,ERX11419707,C17,AMPLICON,PCR,METAGENOMIC,SINGLE,0,0,ILLUMINA,Illumina MiSeq,ERP151034,PRJEB65938,NA,1110487,ERS16336424,SAMEA114347409,simple,10090,Mus musculus,SAMEA114347409,NA,NA,NA,NA,NA,NA,no,NA,NA,NA,NA,LOUVAIN DRUG RESEARCH INSTITUTE,ERA27202676,NA,public,AE7A4E43B9751706528D30BF753B9B87,A1151241648D46E7605BD5E883CF4698,ERR12036233
ERR12036234,2024-07-21 12:09:31,2024-07-30 08:55:41,102352,28992400,0,283,7,NA,https://sra-downloadb.be-md.ncbi.nlm.nih.gov/sos6/sra-pub-zq-40/ERR012/12036/ERR12036234/ERR12036234.lite.1,ERX11419708,C18,AMPLICON,PCR,METAGENOMIC,SINGLE,0,0,ILLUMINA,Illumina MiSeq,ERP151034,PRJEB65938,NA,1110487,ERS16336425,SAMEA114347410,simple,10090,Mus musculus,SAMEA114347410,NA,NA,NA,NA,NA,NA,no,NA,NA,NA,NA,LOUVAIN DRUG RESEARCH INSTITUTE,ERA27202676,NA,public,8D63969EB630B612E5883E17280A7216,4B43FF28A7F0DC391D6260BD44046C4E,ERR12036234
ERR12036235,2024-07-21 12:21:34,2024-07-30 10:22:18,82790,23465914,0,283,5,NA,https://sra-downloadb.be-md.ncbi.nlm.nih.gov/sos6/sra-pub-zq-40/ERR012/12036/ERR12036235/ERR12036235.lite.1,ERX11419709,C19,AMPLICON,PCR,METAGENOMIC,SINGLE,0,0,ILLUMINA,Illumina MiSeq,ERP151034,PRJEB65938,NA,1110487,ERS16336426,SAMEA114347411,simple,10090,Mus musculus,SAMEA114347411,NA,NA,NA,NA,NA,NA,no,NA,NA,NA,NA,LOUVAIN DRUG RESEARCH INSTITUTE,ERA27202676,NA,public,47D3351DFE221DA3C9DF64205374698A,6A5445CC8A37467BBB48405F0CA0363F,ERR12036235
ERR12036236,2024-07-21 12:21:34,2024-07-30 10:25:17,77578,21976641,0,283,5,NA,https://sra-downloadb.be-md.ncbi.nlm.nih.gov/sos6/sra-pub-zq-40/ERR012/12036/ERR12036236/ERR12036236.lite.1,ERX11419710,C20,AMPLICON,PCR,METAGENOMIC,SINGLE,0,0,ILLUMINA,Illumina MiSeq,ERP151034,PRJEB65938,NA,1110487,ERS16336427,SAMEA114347412,simple,10090,Mus musculus,SAMEA114347412,NA,NA,NA,NA,NA,NA,no,NA,NA,NA,NA,LOUVAIN DRUG RESEARCH INSTITUTE,ERA27202676,NA,public,69C0AF39F103659B0B6DBE9ED7720DDF,1D7401F0772F6EDB652CF2D818113A80,ERR12036236
ERR12036237,2024-07-21 22:24:20,2024-07-30 20:26:48,100551,28504963,0,283,7,NA,https://sra-downloadb.be-md.ncbi.nlm.nih.gov/sos6/sra-pub-zq-40/ERR012/12036/ERR12036237/ERR12036237.lite.1,ERX11419711,C21,AMPLICON,PCR,METAGENOMIC,SINGLE,0,0,ILLUMINA,Illumina MiSeq,ERP151034,PRJEB65938,NA,1110487,ERS16336428,SAMEA114347413,simple,10090,Mus musculus,SAMEA114347413,NA,NA,NA,NA,NA,NA,no,NA,NA,NA,NA,LOUVAIN DRUG RESEARCH INSTITUTE,ERA27202676,NA,public,40B55E73EC7B243859E38AD4EEB47D6F,43C71430E17CA867B823486CFA2DE6A7,ERR12036237
ERR12036238,2024-07-21 12:21:34,2024-07-30 10:20:39,93370,26466312,0,283,6,NA,https://sra-downloadb.be-md.ncbi.nlm.nih.gov/sos6/sra-pub-zq-40/ERR012/12036/ERR12036238/ERR12036238.lite.1,ERX11419712,C22,AMPLICON,PCR,METAGENOMIC,SINGLE,0,0,ILLUMINA,Illumina MiSeq,ERP151034,PRJEB65938,NA,1110487,ERS16336429,SAMEA114347414,simple,10090,Mus musculus,SAMEA114347414,NA,NA,NA,NA,NA,NA,no,NA,NA,NA,NA,LOUVAIN DRUG RESEARCH INSTITUTE,ERA27202676,NA,public,741844CC4365EB4906955E0EAFE43EA3,5CE3097579853DDF1EA948DE48AF19B0,ERR12036238
ERR12036239,2024-07-21 18:03:17,2024-07-30 15:53:26,93305,26427276,0,283,6,NA,https://sra-downloadb.be-md.ncbi.nlm.nih.gov/sos6/sra-pub-zq-40/ERR012/12036/ERR12036239/ERR12036239.lite.1,ERX11419713,C23,AMPLICON,PCR,METAGENOMIC,SINGLE,0,0,ILLUMINA,Illumina MiSeq,ERP151034,PRJEB65938,NA,1110487,ERS16336430,SAMEA114347415,simple,10090,Mus musculus,SAMEA114347415,NA,NA,NA,NA,NA,NA,no,NA,NA,NA,NA,LOUVAIN DRUG RESEARCH INSTITUTE,ERA27202676,NA,public,551611970F8E04CB19CAE62DDA3C14B5,35924A4CBDDC4FEEE53B6C0E0FBF5294,ERR12036239
ERR12036240,2024-07-21 12:21:34,2024-07-30 10:23:44,117239,33237666,0,283,8,NA,https://sra-downloadb.be-md.ncbi.nlm.nih.gov/sos6/sra-pub-zq-40/ERR012/12036/ERR12036240/ERR12036240.lite.1,ERX11419714,C24,AMPLICON,PCR,METAGENOMIC,SINGLE,0,0,ILLUMINA,Illumina MiSeq,ERP151034,PRJEB65938,NA,1110487,ERS16336431,SAMEA114347416,simple,10090,Mus musculus,SAMEA114347416,NA,NA,NA,NA,NA,NA,no,NA,NA,NA,NA,LOUVAIN DRUG RESEARCH INSTITUTE,ERA27202676,NA,public,207D12C387F95FCB13BF868646190B53,504EA36B962E4A5A641595DC6BB884EA,ERR12036240
ERR12036241,2024-07-21 12:21:34,2024-07-30 10:27:00,74936,21139415,0,282,5,NA,https://sra-downloadb.be-md.ncbi.nlm.nih.gov/sos6/sra-pub-zq-40/ERR012/12036/ERR12036241/ERR12036241.lite.1,ERX11419715,C25,AMPLICON,PCR,METAGENOMIC,SINGLE,0,0,ILLUMINA,Illumina MiSeq,ERP151034,PRJEB65938,NA,1110487,ERS16336432,SAMEA114347417,simple,10090,Mus musculus,SAMEA114347417,NA,NA,NA,NA,NA,NA,no,NA,NA,NA,NA,LOUVAIN DRUG RESEARCH INSTITUTE,ERA27202676,NA,public,4D44DE2BE20CA35EC1DF309484BA8799,CD85FA99D0A1C52D471C9FCA615B7DB8,ERR12036241
ERR12036242,2024-07-21 08:09:09,2024-07-31 01:34:37,104294,29536236,0,283,7,NA,https://sra-downloadb.be-md.ncbi.nlm.nih.gov/sos6/sra-pub-zq-40/ERR012/12036/ERR12036242/ERR12036242.lite.1,ERX11419716,C26,AMPLICON,PCR,METAGENOMIC,SINGLE,0,0,ILLUMINA,Illumina MiSeq,ERP151034,PRJEB65938,NA,1110487,ERS16336433,SAMEA114347418,simple,10090,Mus musculus,SAMEA114347418,NA,NA,NA,NA,NA,NA,no,NA,NA,NA,NA,LOUVAIN DRUG RESEARCH INSTITUTE,ERA27202676,NA,public,383BDF364FD8CA3516003EA1BAD0CA2D,AD39B1DB6A907D6039F96ADD2001299C,ERR12036242
ERR12036243,2024-07-21 22:10:57,2024-07-30 20:12:28,95979,27184359,0,283,6,NA,https://sra-downloadb.be-md.ncbi.nlm.nih.gov/sos6/sra-pub-zq-40/ERR012/12036/ERR12036243/ERR12036243.lite.1,ERX11419717,C27,AMPLICON,PCR,METAGENOMIC,SINGLE,0,0,ILLUMINA,Illumina MiSeq,ERP151034,PRJEB65938,NA,1110487,ERS16336434,SAMEA114347419,simple,10090,Mus musculus,SAMEA114347419,NA,NA,NA,NA,NA,NA,no,NA,NA,NA,NA,LOUVAIN DRUG RESEARCH INSTITUTE,ERA27202676,NA,public,BB12D32E88C8928F6C17CCBEA24D6E1D,38F1F692D43455D13FBB687F053CD2E3,ERR12036243
ERR12036244,2024-07-21 22:24:20,2024-07-30 21:42:33,77852,22043639,0,283,5,NA,https://sra-downloadb.be-md.ncbi.nlm.nih.gov/sos6/sra-pub-zq-40/ERR012/12036/ERR12036244/ERR12036244.lite.1,ERX11419718,C28,AMPLICON,PCR,METAGENOMIC,SINGLE,0,0,ILLUMINA,Illumina MiSeq,ERP151034,PRJEB65938,NA,1110487,ERS16336435,SAMEA114347420,simple,10090,Mus musculus,SAMEA114347420,NA,NA,NA,NA,NA,NA,no,NA,NA,NA,NA,LOUVAIN DRUG RESEARCH INSTITUTE,ERA27202676,NA,public,0DBE7383E3486B22DB134CFFDCC6E85D,3B62608127E8AADA67E43F3765376955,ERR12036244
ERR12036245,2024-07-21 12:09:31,2024-07-30 08:49:56,61587,17433688,0,283,4,NA,https://sra-downloadb.be-md.ncbi.nlm.nih.gov/sos6/sra-pub-zq-40/ERR012/12036/ERR12036245/ERR12036245.lite.1,ERX11419719,C29,AMPLICON,PCR,METAGENOMIC,SINGLE,0,0,ILLUMINA,Illumina MiSeq,ERP151034,PRJEB65938,NA,1110487,ERS16336436,SAMEA114347421,simple,10090,Mus musculus,SAMEA114347421,NA,NA,NA,NA,NA,NA,no,NA,NA,NA,NA,LOUVAIN DRUG RESEARCH INSTITUTE,ERA27202676,NA,public,927D671AF71C2F7A8CF74D9970AC7217,B6EE65A4FD64024CAB18CEAB39A3FE3D,ERR12036245
ERR12036246,2024-07-21 12:21:34,2024-07-30 10:17:42,120468,34099532,0,283,8,NA,https://sra-downloadb.be-md.ncbi.nlm.nih.gov/sos6/sra-pub-zq-40/ERR012/12036/ERR12036246/ERR12036246.lite.1,ERX11419720,C30,AMPLICON,PCR,METAGENOMIC,SINGLE,0,0,ILLUMINA,Illumina MiSeq,ERP151034,PRJEB65938,NA,1110487,ERS16336437,SAMEA114347422,simple,10090,Mus musculus,SAMEA114347422,NA,NA,NA,NA,NA,NA,no,NA,NA,NA,NA,LOUVAIN DRUG RESEARCH INSTITUTE,ERA27202676,NA,public,02A0FF181A51B525220F9E27330B9C72,CDFC227444623E8F5D28BEEDB02410AA,ERR12036246
ERR12036247,2024-07-21 12:09:32,2024-07-30 08:49:53,58947,16707498,0,283,4,NA,https://sra-downloadb.be-md.ncbi.nlm.nih.gov/sos6/sra-pub-zq-40/ERR012/12036/ERR12036247/ERR12036247.lite.1,ERX11419721,S1,AMPLICON,PCR,METAGENOMIC,SINGLE,0,0,ILLUMINA,Illumina MiSeq,ERP151034,PRJEB65938,NA,1110487,ERS16336438,SAMEA114347423,simple,10090,Mus musculus,SAMEA114347423,NA,NA,NA,NA,NA,NA,no,NA,NA,NA,NA,LOUVAIN DRUG RESEARCH INSTITUTE,ERA27202676,NA,public,16D32C6D8CC9C2931EFD7E98FE04BDAA,FB47EF9610F8600C53A908AB3C0CDD0B,ERR12036247
ERR12036248,2024-07-21 18:31:04,2024-07-30 17:44:48,63654,18034647,0,283,4,NA,https://sra-downloadb.be-md.ncbi.nlm.nih.gov/sos6/sra-pub-zq-40/ERR012/12036/ERR12036248/ERR12036248.lite.1,ERX11419722,S2,AMPLICON,PCR,METAGENOMIC,SINGLE,0,0,ILLUMINA,Illumina MiSeq,ERP151034,PRJEB65938,NA,1110487,ERS16336439,SAMEA114347424,simple,10090,Mus musculus,SAMEA114347424,NA,NA,NA,NA,NA,NA,no,NA,NA,NA,NA,LOUVAIN DRUG RESEARCH INSTITUTE,ERA27202676,NA,public,633001E9DF6B37BDBA76DBF54A18FFA0,1A3B3F367A72B9F71CAB5E533F6AC203,ERR12036248
ERR12036249,2024-07-21 18:03:17,2024-08-18 14:01:37,76963,21811293,0,283,5,NA,https://sra-downloadb.be-md.ncbi.nlm.nih.gov/sos6/sra-pub-zq-40/ERR012/12036/ERR12036249/ERR12036249.lite.1,ERX11419723,S3,AMPLICON,PCR,METAGENOMIC,SINGLE,0,0,ILLUMINA,Illumina MiSeq,ERP151034,PRJEB65938,NA,1110487,ERS16336440,SAMEA114347425,simple,10090,Mus musculus,SAMEA114347425,NA,NA,NA,NA,NA,NA,no,NA,NA,NA,NA,LOUVAIN DRUG RESEARCH INSTITUTE,ERA27202676,NA,public,E759669F85289EE71A5203979FAA61C8,C6B1DF6CD0799062EA750589A92E2F8C,ERR12036249
ERR12036250,2024-07-21 07:59:31,2024-07-30 02:07:13,58038,16439922,0,283,4,NA,https://sra-downloadb.be-md.ncbi.nlm.nih.gov/sos6/sra-pub-zq-40/ERR012/12036/ERR12036250/ERR12036250.lite.1,ERX11419724,S4,AMPLICON,PCR,METAGENOMIC,SINGLE,0,0,ILLUMINA,Illumina MiSeq,ERP151034,PRJEB65938,NA,1110487,ERS16336441,SAMEA114347426,simple,10090,Mus musculus,SAMEA114347426,NA,NA,NA,NA,NA,NA,no,NA,NA,NA,NA,LOUVAIN DRUG RESEARCH INSTITUTE,ERA27202676,NA,public,83EE95C18E5845FE5A0BA927DEB41639,089D0978B56208986799906EF5CE7BD3,ERR12036250
ERR12036251,2024-07-21 10:44:27,2024-07-30 05:43:41,87715,24851966,0,283,6,NA,https://sra-downloadb.be-md.ncbi.nlm.nih.gov/sos6/sra-pub-zq-40/ERR012/12036/ERR12036251/ERR12036251.lite.1,ERX11419725,S5,AMPLICON,PCR,METAGENOMIC,SINGLE,0,0,ILLUMINA,Illumina MiSeq,ERP151034,PRJEB65938,NA,1110487,ERS16336442,SAMEA114347427,simple,10090,Mus musculus,SAMEA114347427,NA,NA,NA,NA,NA,NA,no,NA,NA,NA,NA,LOUVAIN DRUG RESEARCH INSTITUTE,ERA27202676,NA,public,18272FF77132CA86E267945073F9F8A9,9A893D4CBF7B5DBAD92247C22551F4E1,ERR12036251
ERR12036252,2024-07-21 12:02:08,2024-07-30 08:45:10,77712,22000199,0,283,5,NA,https://sra-downloadb.be-md.ncbi.nlm.nih.gov/sos6/sra-pub-zq-40/ERR012/12036/ERR12036252/ERR12036252.lite.1,ERX11419726,S6,AMPLICON,PCR,METAGENOMIC,SINGLE,0,0,ILLUMINA,Illumina MiSeq,ERP151034,PRJEB65938,NA,1110487,ERS16336443,SAMEA114347428,simple,10090,Mus musculus,SAMEA114347428,NA,NA,NA,NA,NA,NA,no,NA,NA,NA,NA,LOUVAIN DRUG RESEARCH INSTITUTE,ERA27202676,NA,public,1A70ADB8CAD510A40579464BA518B04F,F4A3545BC5F87E30AAB3C5551CE834C9,ERR12036252
ERR12036253,2024-07-21 10:52:07,2024-07-30 06:51:45,68345,19252599,0,281,4,NA,https://sra-downloadb.be-md.ncbi.nlm.nih.gov/sos6/sra-pub-zq-40/ERR012/12036/ERR12036253/ERR12036253.lite.1,ERX11419727,S7,AMPLICON,PCR,METAGENOMIC,SINGLE,0,0,ILLUMINA,Illumina MiSeq,ERP151034,PRJEB65938,NA,1110487,ERS16336444,SAMEA114347429,simple,10090,Mus musculus,SAMEA114347429,NA,NA,NA,NA,NA,NA,no,NA,NA,NA,NA,LOUVAIN DRUG RESEARCH INSTITUTE,ERA27202676,NA,public,AC0E46317213F60AD530E261453995DB,8B21D2C1A4CBE6EE8F5C657DA3318097,ERR12036253
ERR12036254,2024-07-21 10:52:07,2024-07-30 05:47:52,76537,21685581,0,283,5,NA,https://sra-downloadb.be-md.ncbi.nlm.nih.gov/sos6/sra-pub-zq-40/ERR012/12036/ERR12036254/ERR12036254.lite.1,ERX11419728,S8,AMPLICON,PCR,METAGENOMIC,SINGLE,0,0,ILLUMINA,Illumina MiSeq,ERP151034,PRJEB65938,NA,1110487,ERS16336445,SAMEA114347430,simple,10090,Mus musculus,SAMEA114347430,NA,NA,NA,NA,NA,NA,no,NA,NA,NA,NA,LOUVAIN DRUG RESEARCH INSTITUTE,ERA27202676,NA,public,6824C20B72DA385306956F2E4C2D1C98,0A3E90DEAA343D808425B3C679F8543B,ERR12036254
ERR12036255,2024-07-21 12:09:32,2024-07-30 08:56:48,65800,18633984,0,283,4,NA,https://sra-downloadb.be-md.ncbi.nlm.nih.gov/sos6/sra-pub-zq-40/ERR012/12036/ERR12036255/ERR12036255.lite.1,ERX11419729,S9,AMPLICON,PCR,METAGENOMIC,SINGLE,0,0,ILLUMINA,Illumina MiSeq,ERP151034,PRJEB65938,NA,1110487,ERS16336446,SAMEA114347431,simple,10090,Mus musculus,SAMEA114347431,NA,NA,NA,NA,NA,NA,no,NA,NA,NA,NA,LOUVAIN DRUG RESEARCH INSTITUTE,ERA27202676,NA,public,72E4D2FB633A253D8BB000A0930A9C15,B6B9A034AF436F60E18DFD52EC5B46B1,ERR12036255
ERR12036256,2024-07-21 18:03:17,2024-07-30 15:53:02,78761,22310542,0,283,5,NA,https://sra-downloadb.be-md.ncbi.nlm.nih.gov/sos6/sra-pub-zq-40/ERR012/12036/ERR12036256/ERR12036256.lite.1,ERX11419730,S10,AMPLICON,PCR,METAGENOMIC,SINGLE,0,0,ILLUMINA,Illumina MiSeq,ERP151034,PRJEB65938,NA,1110487,ERS16336447,SAMEA114347432,simple,10090,Mus musculus,SAMEA114347432,NA,NA,NA,NA,NA,NA,no,NA,NA,NA,NA,LOUVAIN DRUG RESEARCH INSTITUTE,ERA27202676,NA,public,B2F421DD814DA375C0B137EF24A2201F,B17E1F492058A3C39E38F27AB97363BA,ERR12036256
ERR12036257,2024-07-21 22:24:20,2024-07-30 20:23:50,79990,22673754,0,283,5,NA,https://sra-downloadb.be-md.ncbi.nlm.nih.gov/sos6/sra-pub-zq-40/ERR012/12036/ERR12036257/ERR12036257.lite.1,ERX11419731,S11,AMPLICON,PCR,METAGENOMIC,SINGLE,0,0,ILLUMINA,Illumina MiSeq,ERP151034,PRJEB65938,NA,1110487,ERS16336448,SAMEA114347433,simple,10090,Mus musculus,SAMEA114347433,NA,NA,NA,NA,NA,NA,no,NA,NA,NA,NA,LOUVAIN DRUG RESEARCH INSTITUTE,ERA27202676,NA,public,B73AE727882C4F99FCF9C107DB95AF25,F74444AF8E8D3A20FC42E4A2B03DABCC,ERR12036257
ERR12036258,2024-07-21 12:09:32,2024-07-30 08:49:59,47770,13537007,0,283,3,NA,https://sra-downloadb.be-md.ncbi.nlm.nih.gov/sos6/sra-pub-zq-40/ERR012/12036/ERR12036258/ERR12036258.lite.1,ERX11419732,S12,AMPLICON,PCR,METAGENOMIC,SINGLE,0,0,ILLUMINA,Illumina MiSeq,ERP151034,PRJEB65938,NA,1110487,ERS16336449,SAMEA114347434,simple,10090,Mus musculus,SAMEA114347434,NA,NA,NA,NA,NA,NA,no,NA,NA,NA,NA,LOUVAIN DRUG RESEARCH INSTITUTE,ERA27202676,NA,public,CCF5E6E53C08B360B8077D2B7113C8D3,05811AC395FE4975CC1EA25A9A3650B1,ERR12036258
ERR12036259,2024-07-21 18:03:17,2024-07-30 15:53:13,39311,11138066,0,283,2,NA,https://sra-downloadb.be-md.ncbi.nlm.nih.gov/sos6/sra-pub-zq-40/ERR012/12036/ERR12036259/ERR12036259.lite.1,ERX11419733,S13,AMPLICON,PCR,METAGENOMIC,SINGLE,0,0,ILLUMINA,Illumina MiSeq,ERP151034,PRJEB65938,NA,1110487,ERS16336450,SAMEA114347435,simple,10090,Mus musculus,SAMEA114347435,NA,NA,NA,NA,NA,NA,no,NA,NA,NA,NA,LOUVAIN DRUG RESEARCH INSTITUTE,ERA27202676,NA,public,66E0F4C609DCE58FDE9AD36AE5CBC5DF,98B8876F993F86286F01CAA11075E8FA,ERR12036259
ERR12036260,2024-07-21 10:52:07,2024-07-30 05:49:15,52397,14847978,0,283,3,NA,https://sra-downloadb.be-md.ncbi.nlm.nih.gov/sos6/sra-pub-zq-40/ERR012/12036/ERR12036260/ERR12036260.lite.1,ERX11419734,S14,AMPLICON,PCR,METAGENOMIC,SINGLE,0,0,ILLUMINA,Illumina MiSeq,ERP151034,PRJEB65938,NA,1110487,ERS16336451,SAMEA114347436,simple,10090,Mus musculus,SAMEA114347436,NA,NA,NA,NA,NA,NA,no,NA,NA,NA,NA,LOUVAIN DRUG RESEARCH INSTITUTE,ERA27202676,NA,public,12CFC053DF6AA3DCE2E205A48D0802E6,963ADB21E91BC3FBA71945488BBD31FD,ERR12036260
ERR12036261,2024-07-21 17:49:03,2024-07-30 15:54:01,61572,17441574,0,283,4,NA,https://sra-downloadb.be-md.ncbi.nlm.nih.gov/sos6/sra-pub-zq-40/ERR012/12036/ERR12036261/ERR12036261.lite.1,ERX11419735,S15,AMPLICON,PCR,METAGENOMIC,SINGLE,0,0,ILLUMINA,Illumina MiSeq,ERP151034,PRJEB65938,NA,1110487,ERS16336452,SAMEA114347437,simple,10090,Mus musculus,SAMEA114347437,NA,NA,NA,NA,NA,NA,no,NA,NA,NA,NA,LOUVAIN DRUG RESEARCH INSTITUTE,ERA27202676,NA,public,CF501FB0A15FCFD1A0EA58EE3834A57E,77AEC9F572B1330B1968D4A6C4C292F7,ERR12036261
ERR12036262,2024-07-22 02:24:57,2024-07-31 02:04:49,68497,19392939,0,283,4,NA,https://sra-downloadb.be-md.ncbi.nlm.nih.gov/sos6/sra-pub-zq-40/ERR012/12036/ERR12036262/ERR12036262.lite.1,ERX11419736,S16,AMPLICON,PCR,METAGENOMIC,SINGLE,0,0,ILLUMINA,Illumina MiSeq,ERP151034,PRJEB65938,NA,1110487,ERS16336453,SAMEA114347438,simple,10090,Mus musculus,SAMEA114347438,NA,NA,NA,NA,NA,NA,no,NA,NA,NA,NA,LOUVAIN DRUG RESEARCH INSTITUTE,ERA27202676,NA,public,6A198736D9E0A5D94B92C43F91CE585B,2BDFAA4AC562550C8D42AD60468DA15C,ERR12036262
ERR12036263,2024-07-21 12:21:34,2024-07-30 10:24:46,82901,23495232,0,283,6,NA,https://sra-downloadb.be-md.ncbi.nlm.nih.gov/sos6/sra-pub-zq-40/ERR012/12036/ERR12036263/ERR12036263.lite.1,ERX11419737,S17,AMPLICON,PCR,METAGENOMIC,SINGLE,0,0,ILLUMINA,Illumina MiSeq,ERP151034,PRJEB65938,NA,1110487,ERS16336454,SAMEA114347439,simple,10090,Mus musculus,SAMEA114347439,NA,NA,NA,NA,NA,NA,no,NA,NA,NA,NA,LOUVAIN DRUG RESEARCH INSTITUTE,ERA27202676,NA,public,6C94A13BAC47729B1A2E651B6C087B90,1AD48FADC4406CF82130C21222B50456,ERR12036263
ERR12036264,2024-07-21 10:52:07,2024-07-30 06:47:27,80179,22709018,0,283,5,NA,https://sra-downloadb.be-md.ncbi.nlm.nih.gov/sos6/sra-pub-zq-40/ERR012/12036/ERR12036264/ERR12036264.lite.1,ERX11419738,S18,AMPLICON,PCR,METAGENOMIC,SINGLE,0,0,ILLUMINA,Illumina MiSeq,ERP151034,PRJEB65938,NA,1110487,ERS16336455,SAMEA114347440,simple,10090,Mus musculus,SAMEA114347440,NA,NA,NA,NA,NA,NA,no,NA,NA,NA,NA,LOUVAIN DRUG RESEARCH INSTITUTE,ERA27202676,NA,public,F7213FDA2528E5B85948955D81F1F870,488479822AC9BFB35C46F3BDCFCB0584,ERR12036264
ERR12036265,2024-07-21 09:23:34,2024-07-30 04:09:52,103881,29332340,0,282,7,NA,https://sra-downloadb.be-md.ncbi.nlm.nih.gov/sos6/sra-pub-zq-40/ERR012/12036/ERR12036265/ERR12036265.lite.1,ERX11419739,S21,AMPLICON,PCR,METAGENOMIC,SINGLE,0,0,ILLUMINA,Illumina MiSeq,ERP151034,PRJEB65938,NA,1110487,ERS16336456,SAMEA114347441,simple,10090,Mus musculus,SAMEA114347441,NA,NA,NA,NA,NA,NA,no,NA,NA,NA,NA,LOUVAIN DRUG RESEARCH INSTITUTE,ERA27202676,NA,public,17A32BE3674128C95342065BFB3252B4,2F733577102A6582790E0FC7FBA8E5BE,ERR12036265
ERR12036266,2024-07-21 11:03:12,2024-07-30 08:42:08,75511,21366473,0,282,5,NA,https://sra-downloadb.be-md.ncbi.nlm.nih.gov/sos6/sra-pub-zq-40/ERR012/12036/ERR12036266/ERR12036266.lite.1,ERX11419740,S22,AMPLICON,PCR,METAGENOMIC,SINGLE,0,0,ILLUMINA,Illumina MiSeq,ERP151034,PRJEB65938,NA,1110487,ERS16336457,SAMEA114347442,simple,10090,Mus musculus,SAMEA114347442,NA,NA,NA,NA,NA,NA,no,NA,NA,NA,NA,LOUVAIN DRUG RESEARCH INSTITUTE,ERA27202676,NA,public,2B9EE7942468C8DB218F67BC996A580B,81D8A24FD73E1D1938F09706E60CDD77,ERR12036266
ERR12036267,2024-07-21 12:21:34,2024-07-30 10:25:18,71425,20200747,0,282,5,NA,https://sra-downloadb.be-md.ncbi.nlm.nih.gov/sos6/sra-pub-zq-40/ERR012/12036/ERR12036267/ERR12036267.lite.1,ERX11419741,S23,AMPLICON,PCR,METAGENOMIC,SINGLE,0,0,ILLUMINA,Illumina MiSeq,ERP151034,PRJEB65938,NA,1110487,ERS16336458,SAMEA114347443,simple,10090,Mus musculus,SAMEA114347443,NA,NA,NA,NA,NA,NA,no,NA,NA,NA,NA,LOUVAIN DRUG RESEARCH INSTITUTE,ERA27202676,NA,public,F9867E022228B080503BEF57B7A776DE,B91B77071F352EF532352A9CCC5B2397,ERR12036267
ERR12036268,2024-07-21 17:49:03,2024-07-30 15:52:59,96355,27263602,0,282,6,NA,https://sra-downloadb.be-md.ncbi.nlm.nih.gov/sos6/sra-pub-zq-40/ERR012/12036/ERR12036268/ERR12036268.lite.1,ERX11419742,S24,AMPLICON,PCR,METAGENOMIC,SINGLE,0,0,ILLUMINA,Illumina MiSeq,ERP151034,PRJEB65938,NA,1110487,ERS16336459,SAMEA114347444,simple,10090,Mus musculus,SAMEA114347444,NA,NA,NA,NA,NA,NA,no,NA,NA,NA,NA,LOUVAIN DRUG RESEARCH INSTITUTE,ERA27202676,NA,public,0F5DFEC78FCCAFCBCBA3FF8B56330ABD,FD9D3E8172BA79AD01CF16D71B5238EB,ERR12036268
ERR12036269,2024-07-21 09:30:10,2024-07-31 01:35:17,93370,26441295,0,283,6,NA,https://sra-downloadb.be-md.ncbi.nlm.nih.gov/sos6/sra-pub-zq-40/ERR012/12036/ERR12036269/ERR12036269.lite.1,ERX11419743,S25,AMPLICON,PCR,METAGENOMIC,SINGLE,0,0,ILLUMINA,Illumina MiSeq,ERP151034,PRJEB65938,NA,1110487,ERS16336460,SAMEA114347445,simple,10090,Mus musculus,SAMEA114347445,NA,NA,NA,NA,NA,NA,no,NA,NA,NA,NA,LOUVAIN DRUG RESEARCH INSTITUTE,ERA27202676,NA,public,CF6F0ECEEB420AEDD919B0E5F26A9867,8F725195527628F6C2D8CAA9F4B25A1A,ERR12036269
ERR12036270,2024-07-21 12:21:34,2024-07-30 10:24:47,72117,20428918,0,283,5,NA,https://sra-downloadb.be-md.ncbi.nlm.nih.gov/sos6/sra-pub-zq-40/ERR012/12036/ERR12036270/ERR12036270.lite.1,ERX11419744,S26,AMPLICON,PCR,METAGENOMIC,SINGLE,0,0,ILLUMINA,Illumina MiSeq,ERP151034,PRJEB65938,NA,1110487,ERS16336461,SAMEA114347446,simple,10090,Mus musculus,SAMEA114347446,NA,NA,NA,NA,NA,NA,no,NA,NA,NA,NA,LOUVAIN DRUG RESEARCH INSTITUTE,ERA27202676,NA,public,6588122579B745E75E1D9CF9CD77BE45,CEA53135C8A263850A8FC99C42D20D01,ERR12036270
ERR12036271,2024-07-21 18:12:24,2024-07-30 15:59:06,100115,28340639,0,283,7,NA,https://sra-downloadb.be-md.ncbi.nlm.nih.gov/sos6/sra-pub-zq-40/ERR012/12036/ERR12036271/ERR12036271.lite.1,ERX11419745,S27,AMPLICON,PCR,METAGENOMIC,SINGLE,0,0,ILLUMINA,Illumina MiSeq,ERP151034,PRJEB65938,NA,1110487,ERS16336462,SAMEA114347447,simple,10090,Mus musculus,SAMEA114347447,NA,NA,NA,NA,NA,NA,no,NA,NA,NA,NA,LOUVAIN DRUG RESEARCH INSTITUTE,ERA27202676,NA,public,9ED1E5969FA2035EF72B0A425988E44D,1F43341D26CE95ADA6AD499174518123,ERR12036271
ERR12036272,2024-07-22 00:01:53,2024-07-30 22:03:14,60547,17147790,0,283,4,NA,https://sra-downloadb.be-md.ncbi.nlm.nih.gov/sos6/sra-pub-zq-40/ERR012/12036/ERR12036272/ERR12036272.lite.1,ERX11419746,S28,AMPLICON,PCR,METAGENOMIC,SINGLE,0,0,ILLUMINA,Illumina MiSeq,ERP151034,PRJEB65938,NA,1110487,ERS16336463,SAMEA114347448,simple,10090,Mus musculus,SAMEA114347448,NA,NA,NA,NA,NA,NA,no,NA,NA,NA,NA,LOUVAIN DRUG RESEARCH INSTITUTE,ERA27202676,NA,public,B3B347EFEC187F3DAE06EF3DE092A591,82EBD8C4B2B1DD0389DFED1976B67241,ERR12036272
ERR12036273,2024-07-21 14:58:54,2024-07-30 12:08:09,85793,24281661,0,283,6,NA,https://sra-downloadb.be-md.ncbi.nlm.nih.gov/sos6/sra-pub-zq-40/ERR012/12036/ERR12036273/ERR12036273.lite.1,ERX11419747,S29,AMPLICON,PCR,METAGENOMIC,SINGLE,0,0,ILLUMINA,Illumina MiSeq,ERP151034,PRJEB65938,NA,1110487,ERS16336464,SAMEA114347449,simple,10090,Mus musculus,SAMEA114347449,NA,NA,NA,NA,NA,NA,no,NA,NA,NA,NA,LOUVAIN DRUG RESEARCH INSTITUTE,ERA27202676,NA,public,3424CD63A43ACA0097AD1F7C3834A86E,03A1E8D1ACEA6AC478D4BD3D059F50E0,ERR12036273
ERR12036274,2024-07-21 10:52:07,2024-07-30 06:59:07,134082,37939065,0,282,9,NA,https://sra-downloadb.be-md.ncbi.nlm.nih.gov/sos6/sra-pub-zq-40/ERR012/12036/ERR12036274/ERR12036274.lite.1,ERX11419748,S30,AMPLICON,PCR,METAGENOMIC,SINGLE,0,0,ILLUMINA,Illumina MiSeq,ERP151034,PRJEB65938,NA,1110487,ERS16336465,SAMEA114347450,simple,10090,Mus musculus,SAMEA114347450,NA,NA,NA,NA,NA,NA,no,NA,NA,NA,NA,LOUVAIN DRUG RESEARCH INSTITUTE,ERA27202676,NA,public,7F8F4E8FF87DEBCD22742334A9EC13C4,C6553C71FDD7F568987704FCACD40D85,ERR12036274
ERR2167319,2020-06-19 17:48:35,2020-06-19 17:46:40,196234,117529591,196234,598,79,NA,https://sra-downloadb.be-md.ncbi.nlm.nih.gov/sos4/sra-pub-zq-1/ERR002/2167/ERR2167319/ERR2167319.lite.1,ERX2223761,uramsg,AMPLICON,PCR,METAGENOMIC,PAIRED,440,0,ILLUMINA,Illumina MiSeq,ERP104700,PRJEB22970,NA,640560,ERS1970983,SAMEA104346005,simple,9606,Homo sapiens,SAMEA104346005,NA,NA,NA,NA,NA,NA,no,NA,NA,NA,NA,COPENHAGEN UNIVERSITY,ERA1116214,NA,public,D0EE2542565B71B9BCC4799CC3A18784,FC0C2A4852A9E99767CE5047C3A6C716,ERR2167319
ERR2167320,2020-06-19 17:48:35,2020-06-19 17:46:37,223600,133985047,223600,599,90,NA,https://sra-downloadb.be-md.ncbi.nlm.nih.gov/sos4/sra-pub-zq-1/ERR002/2167/ERR2167320/ERR2167320.lite.1,ERX2223762,uramsg,AMPLICON,PCR,METAGENOMIC,PAIRED,440,0,ILLUMINA,Illumina MiSeq,ERP104700,PRJEB22970,NA,640560,ERS1970984,SAMEA104346006,simple,9606,Homo sapiens,SAMEA104346006,NA,NA,NA,NA,NA,NA,no,NA,NA,NA,NA,COPENHAGEN UNIVERSITY,ERA1116214,NA,public,C59D8C770EB5480C13CBD3F05A85296D,699E3419AEA93DBC9CEB86F4E33DBEF3,ERR2167320
ERR2167321,2020-06-19 17:48:35,2020-06-19 17:46:51,300809,180520343,300809,600,123,NA,https://sra-downloadb.be-md.ncbi.nlm.nih.gov/sos4/sra-pub-zq-1/ERR002/2167/ERR2167321/ERR2167321.lite.1,ERX2223763,uramsg,AMPLICON,PCR,METAGENOMIC,PAIRED,440,0,ILLUMINA,Illumina MiSeq,ERP104700,PRJEB22970,NA,640560,ERS1970985,SAMEA104346007,simple,9606,Homo sapiens,SAMEA104346007,NA,NA,NA,NA,NA,NA,no,NA,NA,NA,NA,COPENHAGEN UNIVERSITY,ERA1116214,NA,public,4DB15B09E61B8BDE4CB1A0F3241A592E,4340EF344BBBDFB951B9A2C7E4ECA2C9,ERR2167321
ERR2167322,2020-06-19 17:48:35,2020-06-19 17:46:55,406256,242172043,406256,596,160,NA,https://sra-downloadb.be-md.ncbi.nlm.nih.gov/sos4/sra-pub-zq-1/ERR002/2167/ERR2167322/ERR2167322.lite.1,ERX2223764,uramsg,AMPLICON,PCR,METAGENOMIC,PAIRED,440,0,ILLUMINA,Illumina MiSeq,ERP104700,PRJEB22970,NA,640560,ERS1970986,SAMEA104346008,simple,9606,Homo sapiens,SAMEA104346008,NA,NA,NA,NA,NA,NA,no,NA,NA,NA,NA,COPENHAGEN UNIVERSITY,ERA1116214,NA,public,62C82DF76D41865ED88D8FB514302AE4,AF9653478339E0F984930E7C64C85EFF,ERR2167322
ERR2167323,2020-06-19 17:48:35,2020-06-19 17:47:06,439609,262773593,439609,597,175,NA,https://sra-downloadb.be-md.ncbi.nlm.nih.gov/sos4/sra-pub-zq-1/ERR002/2167/ERR2167323/ERR2167323.lite.1,ERX2223765,uramsg,AMPLICON,PCR,METAGENOMIC,PAIRED,440,0,ILLUMINA,Illumina MiSeq,ERP104700,PRJEB22970,NA,640560,ERS1970987,SAMEA104346009,simple,9606,Homo sapiens,SAMEA104346009,NA,NA,NA,NA,NA,NA,no,NA,NA,NA,NA,COPENHAGEN UNIVERSITY,ERA1116214,NA,public,8A7C132695BB02E1D5DE6CFB871C463A,1C10E57E214A428E8CF553454F1FDB68,ERR2167323
ERR2167324,2020-06-19 17:48:35,2020-06-19 17:47:12,391207,234415456,391207,599,154,NA,https://sra-downloadb.be-md.ncbi.nlm.nih.gov/sos4/sra-pub-zq-1/ERR002/2167/ERR2167324/ERR2167324.lite.1,ERX2223766,uramsg,AMPLICON,PCR,METAGENOMIC,PAIRED,440,0,ILLUMINA,Illumina MiSeq,ERP104700,PRJEB22970,NA,640560,ERS1970988,SAMEA104346010,simple,9606,Homo sapiens,SAMEA104346010,NA,NA,NA,NA,NA,NA,no,NA,NA,NA,NA,COPENHAGEN UNIVERSITY,ERA1116214,NA,public,2987E52E917404690CDFE5DB0ABD23BD,BBAB40DD9B7442BA0FEA91E66E8E7F87,ERR2167324
ERR2167325,2020-06-19 17:48:35,2020-06-19 17:47:22,274736,164893629,274736,600,111,NA,https://sra-downloadb.be-md.ncbi.nlm.nih.gov/sos4/sra-pub-zq-1/ERR002/2167/ERR2167325/ERR2167325.lite.1,ERX2223767,uramsg,AMPLICON,PCR,METAGENOMIC,PAIRED,440,0,ILLUMINA,Illumina MiSeq,ERP104700,PRJEB22970,NA,640560,ERS1970989,SAMEA104346011,simple,9606,Homo sapiens,SAMEA104346011,NA,NA,NA,NA,NA,NA,no,NA,NA,NA,NA,COPENHAGEN UNIVERSITY,ERA1116214,NA,public,3FFB9583C69838004596BCE39AB3107A,BC0C9940FB75F10674BE19247E47CFE5,ERR2167325
ERR2167326,2020-06-19 17:48:35,2020-06-19 17:47:25,163074,96348245,163074,590,65,NA,https://sra-downloadb.be-md.ncbi.nlm.nih.gov/sos4/sra-pub-zq-1/ERR002/2167/ERR2167326/ERR2167326.lite.1,ERX2223768,uramsg,AMPLICON,PCR,METAGENOMIC,PAIRED,440,0,ILLUMINA,Illumina MiSeq,ERP104700,PRJEB22970,NA,640560,ERS1970990,SAMEA104346012,simple,9606,Homo sapiens,SAMEA104346012,NA,NA,NA,NA,NA,NA,no,NA,NA,NA,NA,COPENHAGEN UNIVERSITY,ERA1116214,NA,public,26EDCFCD0AAB7FCFD3E13B10E0139E0E,517087A8CF33FC2F47FCBF63C77CAD9D,ERR2167326
ERR2167327,2020-06-19 17:48:35,2020-06-19 17:47:37,291290,174479256,291290,598,119,NA,https://sra-downloadb.be-md.ncbi.nlm.nih.gov/sos4/sra-pub-zq-1/ERR002/2167/ERR2167327/ERR2167327.lite.1,ERX2223769,uramsg,AMPLICON,PCR,METAGENOMIC,PAIRED,440,0,ILLUMINA,Illumina MiSeq,ERP104700,PRJEB22970,NA,640560,ERS1970991,SAMEA104346013,simple,9606,Homo sapiens,SAMEA104346013,NA,NA,NA,NA,NA,NA,no,NA,NA,NA,NA,COPENHAGEN UNIVERSITY,ERA1116214,NA,public,046FB763DD3AB8231B7CFD574AF687E9,E20D994129BB8B0ACC71D475D155838B,ERR2167327
ERR2167328,2020-06-19 17:48:35,2020-06-19 17:47:39,249923,149689576,249923,598,100,NA,https://sra-downloadb.be-md.ncbi.nlm.nih.gov/sos4/sra-pub-zq-1/ERR002/2167/ERR2167328/ERR2167328.lite.1,ERX2223770,uramsg,AMPLICON,PCR,METAGENOMIC,PAIRED,440,0,ILLUMINA,Illumina MiSeq,ERP104700,PRJEB22970,NA,640560,ERS1970992,SAMEA104346014,simple,9606,Homo sapiens,SAMEA104346014,NA,NA,NA,NA,NA,NA,no,NA,NA,NA,NA,COPENHAGEN UNIVERSITY,ERA1116214,NA,public,A1B474DD5D2487CB7699A2FE512B3BD8,12EE330CC3B2BDF3F3520D08D6633038,ERR2167328
ERR2167329,2020-06-19 17:48:35,2020-06-19 17:47:50,182581,109486629,182581,599,75,NA,https://sra-downloadb.be-md.ncbi.nlm.nih.gov/sos4/sra-pub-zq-1/ERR002/2167/ERR2167329/ERR2167329.lite.1,ERX2223771,uramsg,AMPLICON,PCR,METAGENOMIC,PAIRED,440,0,ILLUMINA,Illumina MiSeq,ERP104700,PRJEB22970,NA,640560,ERS1970993,SAMEA104346015,simple,9606,Homo sapiens,SAMEA104346015,NA,NA,NA,NA,NA,NA,no,NA,NA,NA,NA,COPENHAGEN UNIVERSITY,ERA1116214,NA,public,E2B2E2FC33D120E808160D602B5BC47D,942A687E4F5C4F08838C02E7F094DCED,ERR2167329
ERR2167330,2020-06-19 17:48:35,2020-06-19 17:47:55,302224,180774341,302224,598,121,NA,https://sra-downloadb.be-md.ncbi.nlm.nih.gov/sos4/sra-pub-zq-1/ERR002/2167/ERR2167330/ERR2167330.lite.1,ERX2223772,uramsg,AMPLICON,PCR,METAGENOMIC,PAIRED,440,0,ILLUMINA,Illumina MiSeq,ERP104700,PRJEB22970,NA,640560,ERS1970994,SAMEA104346016,simple,9606,Homo sapiens,SAMEA104346016,NA,NA,NA,NA,NA,NA,no,NA,NA,NA,NA,COPENHAGEN UNIVERSITY,ERA1116214,NA,public,7D55621DD477EEF98AFA16914EF76534,9D4990A64E6B732BF70CF9723D32D3A5,ERR2167330
ERR2167331,2020-06-19 17:48:35,2020-06-19 17:48:07,245544,146948154,245544,598,99,NA,https://sra-downloadb.be-md.ncbi.nlm.nih.gov/sos4/sra-pub-zq-1/ERR002/2167/ERR2167331/ERR2167331.lite.1,ERX2223773,uramsg,AMPLICON,PCR,METAGENOMIC,PAIRED,440,0,ILLUMINA,Illumina MiSeq,ERP104700,PRJEB22970,NA,640560,ERS1970995,SAMEA104346017,simple,9606,Homo sapiens,SAMEA104346017,NA,NA,NA,NA,NA,NA,no,NA,NA,NA,NA,COPENHAGEN UNIVERSITY,ERA1116214,NA,public,5518FD5FC2F7D86A4DB533C2442B352C,E8461CC03E6CDE935A52479506C77610,ERR2167331
ERR2167332,2020-06-19 17:48:35,2020-06-19 17:48:15,272046,162896701,272046,598,111,NA,https://sra-downloadb.be-md.ncbi.nlm.nih.gov/sos4/sra-pub-zq-1/ERR002/2167/ERR2167332/ERR2167332.lite.1,ERX2223774,uramsg,AMPLICON,PCR,METAGENOMIC,PAIRED,440,0,ILLUMINA,Illumina MiSeq,ERP104700,PRJEB22970,NA,640560,ERS1970996,SAMEA104346018,simple,9606,Homo sapiens,SAMEA104346018,NA,NA,NA,NA,NA,NA,no,NA,NA,NA,NA,COPENHAGEN UNIVERSITY,ERA1116214,NA,public,26862329FA23EB3E386AACC9F16C5FE1,5571DB7CBEDAB9990F6A24A66AD540CA,ERR2167332
ERR2167333,2020-06-19 17:48:35,2020-06-19 17:48:21,220431,130327584,220431,591,89,NA,https://sra-downloadb.be-md.ncbi.nlm.nih.gov/sos4/sra-pub-zq-1/ERR002/2167/ERR2167333/ERR2167333.lite.1,ERX2223775,uramsg,AMPLICON,PCR,METAGENOMIC,PAIRED,440,0,ILLUMINA,Illumina MiSeq,ERP104700,PRJEB22970,NA,640560,ERS1970997,SAMEA104346019,simple,9606,Homo sapiens,SAMEA104346019,NA,NA,NA,NA,NA,NA,no,NA,NA,NA,NA,COPENHAGEN UNIVERSITY,ERA1116214,NA,public,3E0C35FD810B08FA547C36F584432312,3BE7C1B3E2C69389593DCE1D2CC0B6C2,ERR2167333
ERR2167334,2020-06-19 17:48:35,2020-06-19 17:48:35,1058968,635737880,1058968,600,412,NA,https://sra-downloadb.be-md.ncbi.nlm.nih.gov/sos4/sra-pub-zq-1/ERR002/2167/ERR2167334/ERR2167334.lite.1,ERX2223776,uramsg,AMPLICON,PCR,METAGENOMIC,PAIRED,440,0,ILLUMINA,Illumina MiSeq,ERP104700,PRJEB22970,NA,640560,ERS1970998,SAMEA104346020,simple,9606,Homo sapiens,SAMEA104346020,NA,NA,NA,NA,NA,NA,no,NA,NA,NA,NA,COPENHAGEN UNIVERSITY,ERA1116214,NA,public,05F800BE7E55B8C7E29F47E66854E936,43EDF868EB930C0431DC195C1CD0B661,ERR2167334
ERR2167335,2020-06-19 17:48:35,2020-06-19 17:48:39,292824,175507358,292824,599,118,NA,https://sra-downloadb.be-md.ncbi.nlm.nih.gov/sos4/sra-pub-zq-1/ERR002/2167/ERR2167335/ERR2167335.lite.1,ERX2223777,uramsg,AMPLICON,PCR,METAGENOMIC,PAIRED,440,0,ILLUMINA,Illumina MiSeq,ERP104700,PRJEB22970,NA,640560,ERS1970999,SAMEA104346021,simple,9606,Homo sapiens,SAMEA104346021,NA,NA,NA,NA,NA,NA,no,NA,NA,NA,NA,COPENHAGEN UNIVERSITY,ERA1116214,NA,public,654EBA7AE1551088285DA5A3CD9D9BB6,66FAB65FDACC4C7168AA30867D9C6FD7,ERR2167335
ERR2167336,2020-06-19 17:48:35,2020-06-19 17:48:42,570006,339147079,570006,594,217,NA,https://sra-downloadb.be-md.ncbi.nlm.nih.gov/sos4/sra-pub-zq-1/ERR002/2167/ERR2167336/ERR2167336.lite.1,ERX2223778,uramsg,AMPLICON,PCR,METAGENOMIC,PAIRED,440,0,ILLUMINA,Illumina MiSeq,ERP104700,PRJEB22970,NA,640560,ERS1971000,SAMEA104346022,simple,9606,Homo sapiens,SAMEA104346022,NA,NA,NA,NA,NA,NA,no,NA,NA,NA,NA,COPENHAGEN UNIVERSITY,ERA1116214,NA,public,5D6720AD90D6A4A3744F73772E86EC98,EB1143EAF0AF9D316B2685B33FFDCF88,ERR2167336
ERR2167337,2020-06-19 17:48:35,2020-06-19 17:49:01,978397,585747462,978397,598,378,NA,https://sra-downloadb.be-md.ncbi.nlm.nih.gov/sos4/sra-pub-zq-1/ERR002/2167/ERR2167337/ERR2167337.lite.1,ERX2223779,uramsg,AMPLICON,PCR,METAGENOMIC,PAIRED,440,0,ILLUMINA,Illumina MiSeq,ERP104700,PRJEB22970,NA,640560,ERS1971001,SAMEA104346023,simple,9606,Homo sapiens,SAMEA104346023,NA,NA,NA,NA,NA,NA,no,NA,NA,NA,NA,COPENHAGEN UNIVERSITY,ERA1116214,NA,public,2A75A584F886DA8F4C7081720E36AC22,F3B945A7032C5DC781AD564862116793,ERR2167337
ERR2167338,2020-06-19 17:48:35,2020-06-19 17:48:56,328862,197114849,328862,599,132,NA,https://sra-downloadb.be-md.ncbi.nlm.nih.gov/sos4/sra-pub-zq-1/ERR002/2167/ERR2167338/ERR2167338.lite.1,ERX2223780,uramsg,AMPLICON,PCR,METAGENOMIC,PAIRED,440,0,ILLUMINA,Illumina MiSeq,ERP104700,PRJEB22970,NA,640560,ERS1971002,SAMEA104346024,simple,9606,Homo sapiens,SAMEA104346024,NA,NA,NA,NA,NA,NA,no,NA,NA,NA,NA,COPENHAGEN UNIVERSITY,ERA1116214,NA,public,DF4ECD5467E73E1B40D44063D75090CD,CEA65F1CCFDA6BFD2744A5461143D170,ERR2167338
ERR2167339,2020-06-19 17:48:35,2020-06-19 17:49:08,47876,28708407,47876,599,15,NA,https://sra-downloadb.be-md.ncbi.nlm.nih.gov/sos4/sra-pub-zq-1/ERR002/2167/ERR2167339/ERR2167339.lite.1,ERX2223781,uramsg,AMPLICON,PCR,METAGENOMIC,PAIRED,440,0,ILLUMINA,Illumina MiSeq,ERP104700,PRJEB22970,NA,640560,ERS1971003,SAMEA104346025,simple,9606,Homo sapiens,SAMEA104346025,NA,NA,NA,NA,NA,NA,no,NA,NA,NA,NA,COPENHAGEN UNIVERSITY,ERA1116214,NA,public,09F10804CB44EC47E3C2F6CEB41954CB,D6200E53BD86A0A5731A91B360E88B65,ERR2167339
ERR2167340,2020-06-19 17:48:35,2022-07-26 07:08:22,49933,29990490,49933,600,16,NA,https://sra-downloadb.be-md.ncbi.nlm.nih.gov/sos1/sra-pub-zq-38/ERR002/2167/ERR2167340/ERR2167340.lite.1,ERX2223782,uramsg,AMPLICON,PCR,METAGENOMIC,PAIRED,440,0,ILLUMINA,Illumina MiSeq,ERP104700,PRJEB22970,NA,640560,ERS1971004,SAMEA104346026,simple,9606,Homo sapiens,SAMEA104346026,NA,NA,NA,NA,NA,NA,no,NA,NA,NA,NA,COPENHAGEN UNIVERSITY,ERA1116214,NA,public,699354A0F99EA6F2E7D962827FE04518,084BA2E8675F97BCA828238EDD2FC9B4,ERR2167340
ERR2167341,2020-06-19 17:48:35,2020-06-19 17:49:20,88461,53121732,88461,600,29,NA,https://sra-downloadb.be-md.ncbi.nlm.nih.gov/sos4/sra-pub-zq-1/ERR002/2167/ERR2167341/ERR2167341.lite.1,ERX2223783,uramsg,AMPLICON,PCR,METAGENOMIC,PAIRED,440,0,ILLUMINA,Illumina MiSeq,ERP104700,PRJEB22970,NA,640560,ERS1971005,SAMEA104346027,simple,9606,Homo sapiens,SAMEA104346027,NA,NA,NA,NA,NA,NA,no,NA,NA,NA,NA,COPENHAGEN UNIVERSITY,ERA1116214,NA,public,8343C822EDCBD0E88F679B019B606104,B77CEC4C93BDF04F8005295E43CC9AB6,ERR2167341
ERR2167342,2020-06-19 17:48:35,2020-06-19 17:49:24,160167,96130862,160167,600,53,NA,https://sra-downloadb.be-md.ncbi.nlm.nih.gov/sos4/sra-pub-zq-1/ERR002/2167/ERR2167342/ERR2167342.lite.1,ERX2223784,uramsg,AMPLICON,PCR,METAGENOMIC,PAIRED,440,0,ILLUMINA,Illumina MiSeq,ERP104700,PRJEB22970,NA,640560,ERS1971006,SAMEA104346028,simple,9606,Homo sapiens,SAMEA104346028,NA,NA,NA,NA,NA,NA,no,NA,NA,NA,NA,COPENHAGEN UNIVERSITY,ERA1116214,NA,public,7362266D63512C9E2B7FAEB0A0AF8DAF,B62493727C8738F396FEADED6BD68F04,ERR2167342
ERR2167343,2020-06-19 17:48:35,2022-07-14 17:34:14,101304,60866832,101304,600,35,NA,https://sra-downloadb.be-md.ncbi.nlm.nih.gov/sos8/sra-pub-zq-820/ERR002/2167/ERR2167343/ERR2167343.lite.1,ERX2223785,uramsg,AMPLICON,PCR,METAGENOMIC,PAIRED,440,0,ILLUMINA,Illumina MiSeq,ERP104700,PRJEB22970,NA,640560,ERS1971007,SAMEA104346029,simple,9606,Homo sapiens,SAMEA104346029,NA,NA,NA,NA,NA,NA,no,NA,NA,NA,NA,COPENHAGEN UNIVERSITY,ERA1116214,NA,public,DCC99B8F7A677DB5617FF7E46FF0B2E6,F6909E045513971E38CC775139E31FEA,ERR2167343
ERR2167344,2020-06-19 17:48:35,2020-06-19 17:49:35,58609,35110085,58609,599,19,NA,https://sra-downloadb.be-md.ncbi.nlm.nih.gov/sos4/sra-pub-zq-1/ERR002/2167/ERR2167344/ERR2167344.lite.1,ERX2223786,uramsg,AMPLICON,PCR,METAGENOMIC,PAIRED,440,0,ILLUMINA,Illumina MiSeq,ERP104700,PRJEB22970,NA,640560,ERS1971008,SAMEA104346030,simple,9606,Homo sapiens,SAMEA104346030,NA,NA,NA,NA,NA,NA,no,NA,NA,NA,NA,COPENHAGEN UNIVERSITY,ERA1116214,NA,public,0CEA297E26ED2DDDDDB33B22BE1198A4,F80EEFCED932D662DA873AA698B00D6B,ERR2167344
ERR2167345,2020-06-19 17:48:35,2020-06-19 17:49:49,84676,50851553,84676,600,29,NA,https://sra-downloadb.be-md.ncbi.nlm.nih.gov/sos4/sra-pub-zq-1/ERR002/2167/ERR2167345/ERR2167345.lite.1,ERX2223787,uramsg,AMPLICON,PCR,METAGENOMIC,PAIRED,440,0,ILLUMINA,Illumina MiSeq,ERP104700,PRJEB22970,NA,640560,ERS1971009,SAMEA104346031,simple,9606,Homo sapiens,SAMEA104346031,NA,NA,NA,NA,NA,NA,no,NA,NA,NA,NA,COPENHAGEN UNIVERSITY,ERA1116214,NA,public,2B25802E283C6123DAC34069345BCD1F,6D1A9C9AAD17722AF71BF673A6D9EA83,ERR2167345
ERR2167346,2020-06-19 17:48:35,2020-06-19 17:49:51,83586,50144714,83586,599,28,NA,https://sra-downloadb.be-md.ncbi.nlm.nih.gov/sos4/sra-pub-zq-1/ERR002/2167/ERR2167346/ERR2167346.lite.1,ERX2223788,uramsg,AMPLICON,PCR,METAGENOMIC,PAIRED,440,0,ILLUMINA,Illumina MiSeq,ERP104700,PRJEB22970,NA,640560,ERS1971010,SAMEA104346032,simple,9606,Homo sapiens,SAMEA104346032,NA,NA,NA,NA,NA,NA,no,NA,NA,NA,NA,COPENHAGEN UNIVERSITY,ERA1116214,NA,public,BF870B3E95B364D439C38D43421A19A6,DADEE85ED5D278181DCAAA1C623FA7D8,ERR2167346
ERR2167347,2020-06-19 17:48:35,2020-06-19 17:50:05,91140,54709829,91140,600,30,NA,https://sra-downloadb.be-md.ncbi.nlm.nih.gov/sos4/sra-pub-zq-1/ERR002/2167/ERR2167347/ERR2167347.lite.1,ERX2223789,uramsg,AMPLICON,PCR,METAGENOMIC,PAIRED,440,0,ILLUMINA,Illumina MiSeq,ERP104700,PRJEB22970,NA,640560,ERS1971011,SAMEA104346033,simple,9606,Homo sapiens,SAMEA104346033,NA,NA,NA,NA,NA,NA,no,NA,NA,NA,NA,COPENHAGEN UNIVERSITY,ERA1116214,NA,public,E7BC06FC88EE70EAD2CCC9CB568E8AD6,5F083558A25AB223EFB8BC000E47FFEB,ERR2167347
ERR2167348,2020-06-19 17:48:35,2020-06-19 17:50:07,92318,55401202,92318,600,31,NA,https://sra-downloadb.be-md.ncbi.nlm.nih.gov/sos4/sra-pub-zq-1/ERR002/2167/ERR2167348/ERR2167348.lite.1,ERX2223790,uramsg,AMPLICON,PCR,METAGENOMIC,PAIRED,440,0,ILLUMINA,Illumina MiSeq,ERP104700,PRJEB22970,NA,640560,ERS1971012,SAMEA104346034,simple,9606,Homo sapiens,SAMEA104346034,NA,NA,NA,NA,NA,NA,no,NA,NA,NA,NA,COPENHAGEN UNIVERSITY,ERA1116214,NA,public,EE40C93377B7F17DD1E69316BE32D463,68BD5D917F20C7F4CE89C514414ED384,ERR2167348
ERR2167349,2020-06-19 17:48:35,2022-07-13 21:39:13,67002,40217255,67002,600,21,NA,https://sra-downloadb.be-md.ncbi.nlm.nih.gov/sos8/sra-pub-zq-818/ERR002/2167/ERR2167349/ERR2167349.lite.1,ERX2223791,uramsg,AMPLICON,PCR,METAGENOMIC,PAIRED,440,0,ILLUMINA,Illumina MiSeq,ERP104700,PRJEB22970,NA,640560,ERS1971013,SAMEA104346035,simple,9606,Homo sapiens,SAMEA104346035,NA,NA,NA,NA,NA,NA,no,NA,NA,NA,NA,COPENHAGEN UNIVERSITY,ERA1116214,NA,public,09ADEE3563B95AD9BC51F812E73A9466,9D4F4DF22D043290F31C02EB7AD92311,ERR2167349
ERR2167350,2020-06-19 17:48:35,2020-06-19 17:50:18,66943,40160431,66943,599,22,NA,https://sra-downloadb.be-md.ncbi.nlm.nih.gov/sos4/sra-pub-zq-1/ERR002/2167/ERR2167350/ERR2167350.lite.1,ERX2223792,uramsg,AMPLICON,PCR,METAGENOMIC,PAIRED,440,0,ILLUMINA,Illumina MiSeq,ERP104700,PRJEB22970,NA,640560,ERS1971014,SAMEA104346036,simple,9606,Homo sapiens,SAMEA104346036,NA,NA,NA,NA,NA,NA,no,NA,NA,NA,NA,COPENHAGEN UNIVERSITY,ERA1116214,NA,public,8D494EC121B472B0886ADB14B459B30A,039182226190C80F87F22ECD487BA685,ERR2167350
ERR2167351,2020-06-19 17:48:35,2020-06-19 17:50:35,72279,43366586,72279,599,24,NA,https://sra-downloadb.be-md.ncbi.nlm.nih.gov/sos4/sra-pub-zq-1/ERR002/2167/ERR2167351/ERR2167351.lite.1,ERX2223793,uramsg,AMPLICON,PCR,METAGENOMIC,PAIRED,440,0,ILLUMINA,Illumina MiSeq,ERP104700,PRJEB22970,NA,640560,ERS1971015,SAMEA104346037,simple,9606,Homo sapiens,SAMEA104346037,NA,NA,NA,NA,NA,NA,no,NA,NA,NA,NA,COPENHAGEN UNIVERSITY,ERA1116214,NA,public,2F1C08F40B434272BB5BB6FEB1A48C08,D2FFB398E860752594F19B602DE857B1,ERR2167351
ERR2167352,2020-06-19 17:48:35,2020-06-19 17:50:33,102230,61360578,102230,600,34,NA,https://sra-downloadb.be-md.ncbi.nlm.nih.gov/sos4/sra-pub-zq-1/ERR002/2167/ERR2167352/ERR2167352.lite.1,ERX2223794,uramsg,AMPLICON,PCR,METAGENOMIC,PAIRED,440,0,ILLUMINA,Illumina MiSeq,ERP104700,PRJEB22970,NA,640560,ERS1971016,SAMEA104346038,simple,9606,Homo sapiens,SAMEA104346038,NA,NA,NA,NA,NA,NA,no,NA,NA,NA,NA,COPENHAGEN UNIVERSITY,ERA1116214,NA,public,D91020B2CE1A6254D8B846AF401B66F4,A8DC047AF2D1A4D5E45F6E9B0A4619C6,ERR2167352
ERR2167353,2020-06-19 17:48:35,2020-06-19 17:50:45,99209,59563346,99209,600,33,NA,https://sra-downloadb.be-md.ncbi.nlm.nih.gov/sos4/sra-pub-zq-1/ERR002/2167/ERR2167353/ERR2167353.lite.1,ERX2223795,uramsg,AMPLICON,PCR,METAGENOMIC,PAIRED,440,0,ILLUMINA,Illumina MiSeq,ERP104700,PRJEB22970,NA,640560,ERS1971017,SAMEA104346039,simple,9606,Homo sapiens,SAMEA104346039,NA,NA,NA,NA,NA,NA,no,NA,NA,NA,NA,COPENHAGEN UNIVERSITY,ERA1116214,NA,public,59C42E6403DFE1FC1A18CF6F130F56BE,B7CC5B50EEAC24D2D151F08A278E5050,ERR2167353
ERR2167354,2020-06-19 17:48:35,2020-06-19 17:50:47,103951,62351174,103951,599,34,NA,https://sra-downloadb.be-md.ncbi.nlm.nih.gov/sos4/sra-pub-zq-1/ERR002/2167/ERR2167354/ERR2167354.lite.1,ERX2223796,uramsg,AMPLICON,PCR,METAGENOMIC,PAIRED,440,0,ILLUMINA,Illumina MiSeq,ERP104700,PRJEB22970,NA,640560,ERS1971018,SAMEA104346040,simple,9606,Homo sapiens,SAMEA104346040,NA,NA,NA,NA,NA,NA,no,NA,NA,NA,NA,COPENHAGEN UNIVERSITY,ERA1116214,NA,public,D5FF3997417154FCA559528AC6C591B5,737D68C6493D559A440EBC4164BD4087,ERR2167354
ERR2167355,2020-06-19 17:48:36,2020-06-19 17:50:58,106175,63685168,106175,599,35,NA,https://sra-downloadb.be-md.ncbi.nlm.nih.gov/sos4/sra-pub-zq-1/ERR002/2167/ERR2167355/ERR2167355.lite.1,ERX2223797,uramsg,AMPLICON,PCR,METAGENOMIC,PAIRED,440,0,ILLUMINA,Illumina MiSeq,ERP104700,PRJEB22970,NA,640560,ERS1971019,SAMEA104346041,simple,9606,Homo sapiens,SAMEA104346041,NA,NA,NA,NA,NA,NA,no,NA,NA,NA,NA,COPENHAGEN UNIVERSITY,ERA1116214,NA,public,1DAC771F000A852DC7DC287A4E156753,FED7FA776A37ECEA3693690CE2F10CF3,ERR2167355
ERR2167356,2020-06-19 17:48:36,2020-06-19 17:51:00,191292,114784110,191292,600,79,NA,https://sra-downloadb.be-md.ncbi.nlm.nih.gov/sos4/sra-pub-zq-1/ERR002/2167/ERR2167356/ERR2167356.lite.1,ERX2223798,uramsg,AMPLICON,PCR,METAGENOMIC,PAIRED,440,0,ILLUMINA,Illumina MiSeq,ERP104700,PRJEB22970,NA,640560,ERS1971020,SAMEA104346042,simple,9606,Homo sapiens,SAMEA104346042,NA,NA,NA,NA,NA,NA,no,NA,NA,NA,NA,COPENHAGEN UNIVERSITY,ERA1116214,NA,public,AFBC2A240576EA1F2F14CF487AF57322,D9F4349464DA8B0052760C77C6F91961,ERR2167356
ERR2167357,2020-06-19 17:48:36,2020-06-19 17:51:13,305869,183659471,305869,600,124,NA,https://sra-downloadb.be-md.ncbi.nlm.nih.gov/sos4/sra-pub-zq-1/ERR002/2167/ERR2167357/ERR2167357.lite.1,ERX2223799,uramsg,AMPLICON,PCR,METAGENOMIC,PAIRED,440,0,ILLUMINA,Illumina MiSeq,ERP104700,PRJEB22970,NA,640560,ERS1971021,SAMEA104346043,simple,9606,Homo sapiens,SAMEA104346043,NA,NA,NA,NA,NA,NA,no,NA,NA,NA,NA,COPENHAGEN UNIVERSITY,ERA1116214,NA,public,CD935D9FA5D499A913CAB0BE639E4D81,5D172C57B0EA13E2162D91A34651EE50,ERR2167357
ERR2167358,2020-06-19 17:48:36,2020-06-19 17:51:14,239360,143492064,239360,599,97,NA,https://sra-downloadb.be-md.ncbi.nlm.nih.gov/sos4/sra-pub-zq-1/ERR002/2167/ERR2167358/ERR2167358.lite.1,ERX2223800,uramsg,AMPLICON,PCR,METAGENOMIC,PAIRED,440,0,ILLUMINA,Illumina MiSeq,ERP104700,PRJEB22970,NA,640560,ERS1971022,SAMEA104346044,simple,9606,Homo sapiens,SAMEA104346044,NA,NA,NA,NA,NA,NA,no,NA,NA,NA,NA,COPENHAGEN UNIVERSITY,ERA1116214,NA,public,24B42D779351F4A3E24B00162AF0AA05,00DD914F756113F6ACA8AAED83317ED2,ERR2167358
ERR2167359,2020-06-19 17:48:36,2020-06-19 17:51:29,453632,262482482,453632,578,177,NA,https://sra-downloadb.be-md.ncbi.nlm.nih.gov/sos4/sra-pub-zq-1/ERR002/2167/ERR2167359/ERR2167359.lite.1,ERX2223801,uramsg,AMPLICON,PCR,METAGENOMIC,PAIRED,440,0,ILLUMINA,Illumina MiSeq,ERP104700,PRJEB22970,NA,640560,ERS1971023,SAMEA104346045,simple,9606,Homo sapiens,SAMEA104346045,NA,NA,NA,NA,NA,NA,no,NA,NA,NA,NA,COPENHAGEN UNIVERSITY,ERA1116214,NA,public,D76C49646E577A780BFBB6E1B952378E,D231C191A992ACFC94D9E5FDA71E1601,ERR2167359
ERR2167360,2020-06-19 17:48:36,2020-06-19 17:51:35,1142699,681062455,1142699,596,438,NA,https://sra-downloadb.be-md.ncbi.nlm.nih.gov/sos4/sra-pub-zq-1/ERR002/2167/ERR2167360/ERR2167360.lite.1,ERX2223802,uramsg,AMPLICON,PCR,METAGENOMIC,PAIRED,440,0,ILLUMINA,Illumina MiSeq,ERP104700,PRJEB22970,NA,640560,ERS1971024,SAMEA104346046,simple,9606,Homo sapiens,SAMEA104346046,NA,NA,NA,NA,NA,NA,no,NA,NA,NA,NA,COPENHAGEN UNIVERSITY,ERA1116214,NA,public,33C8A3DBF1331C830E948294E2E8970F,7F0EDD889A061CFEDC0D551A72493EE3,ERR2167360
ERR2167361,2020-06-19 17:48:36,2020-06-19 17:51:56,342900,200409226,342900,584,134,NA,https://sra-downloadb.be-md.ncbi.nlm.nih.gov/sos4/sra-pub-zq-1/ERR002/2167/ERR2167361/ERR2167361.lite.1,ERX2223803,uramsg,AMPLICON,PCR,METAGENOMIC,PAIRED,440,0,ILLUMINA,Illumina MiSeq,ERP104700,PRJEB22970,NA,640560,ERS1971025,SAMEA104346047,simple,9606,Homo sapiens,SAMEA104346047,NA,NA,NA,NA,NA,NA,no,NA,NA,NA,NA,COPENHAGEN UNIVERSITY,ERA1116214,NA,public,B71691F1CD974747D4643B9DFD7CC663,536BF30015C96B13B9220B6E6EB04285,ERR2167361
ERR2167362,2020-06-19 17:48:36,2020-06-19 17:52:11,284012,167456204,284012,589,116,NA,https://sra-downloadb.be-md.ncbi.nlm.nih.gov/sos4/sra-pub-zq-1/ERR002/2167/ERR2167362/ERR2167362.lite.1,ERX2223804,uramsg,AMPLICON,PCR,METAGENOMIC,PAIRED,440,0,ILLUMINA,Illumina MiSeq,ERP104700,PRJEB22970,NA,640560,ERS1971026,SAMEA104346048,simple,9606,Homo sapiens,SAMEA104346048,NA,NA,NA,NA,NA,NA,no,NA,NA,NA,NA,COPENHAGEN UNIVERSITY,ERA1116214,NA,public,EA1D407E2B4A5C69FE91376DA00427B8,7A28292D40675305ADE04EF1830D0931,ERR2167362
ERR2167363,2020-06-19 17:48:36,2020-06-19 17:52:27,393349,231696496,393349,589,156,NA,https://sra-downloadb.be-md.ncbi.nlm.nih.gov/sos4/sra-pub-zq-1/ERR002/2167/ERR2167363/ERR2167363.lite.1,ERX2223805,uramsg,AMPLICON,PCR,METAGENOMIC,PAIRED,440,0,ILLUMINA,Illumina MiSeq,ERP104700,PRJEB22970,NA,640560,ERS1971027,SAMEA104346049,simple,9606,Homo sapiens,SAMEA104346049,NA,NA,NA,NA,NA,NA,no,NA,NA,NA,NA,COPENHAGEN UNIVERSITY,ERA1116214,NA,public,828DBDC7B5FE173D3831E6D5B7C6AAC2,BE50D91A20276A44AF3EAE59445E630E,ERR2167363
ERR2167364,2020-06-19 17:48:36,2020-06-19 17:52:34,238749,139745626,238749,585,95,NA,https://sra-downloadb.be-md.ncbi.nlm.nih.gov/sos4/sra-pub-zq-1/ERR002/2167/ERR2167364/ERR2167364.lite.1,ERX2223806,uramsg,AMPLICON,PCR,METAGENOMIC,PAIRED,440,0,ILLUMINA,Illumina MiSeq,ERP104700,PRJEB22970,NA,640560,ERS1971028,SAMEA104346050,simple,9606,Homo sapiens,SAMEA104346050,NA,NA,NA,NA,NA,NA,no,NA,NA,NA,NA,COPENHAGEN UNIVERSITY,ERA1116214,NA,public,722AFF566999CBC2F8E097AC15742F98,B0041B0BCA921D6F30CB0FAAF1A4C713,ERR2167364
ERR2167365,2020-06-19 17:48:36,2020-06-19 17:52:57,1559792,917832777,1559792,588,596,NA,https://sra-downloadb.be-md.ncbi.nlm.nih.gov/sos4/sra-pub-zq-1/ERR002/2167/ERR2167365/ERR2167365.lite.1,ERX2223807,uramsg,AMPLICON,PCR,METAGENOMIC,PAIRED,440,0,ILLUMINA,Illumina MiSeq,ERP104700,PRJEB22970,NA,640560,ERS1971029,SAMEA104346051,simple,9606,Homo sapiens,SAMEA104346051,NA,NA,NA,NA,NA,NA,no,NA,NA,NA,NA,COPENHAGEN UNIVERSITY,ERA1116214,NA,public,5362FF7B272EE03DEADAEB39DDC2B3D7,4A9F0CB5F14ADFD1B034ED927B1F32C1,ERR2167365
ERR2167366,2020-06-19 17:48:36,2020-06-19 17:52:49,150927,90072274,150927,596,61,NA,https://sra-downloadb.be-md.ncbi.nlm.nih.gov/sos4/sra-pub-zq-1/ERR002/2167/ERR2167366/ERR2167366.lite.1,ERX2223808,uramsg,AMPLICON,PCR,METAGENOMIC,PAIRED,440,0,ILLUMINA,Illumina MiSeq,ERP104700,PRJEB22970,NA,640560,ERS1971030,SAMEA104346052,simple,9606,Homo sapiens,SAMEA104346052,NA,NA,NA,NA,NA,NA,no,NA,NA,NA,NA,COPENHAGEN UNIVERSITY,ERA1116214,NA,public,8BC1E85DEC0F4852CDDB3521E2ECFE68,33E23E39CAB8067DB557B4BD0C851C96,ERR2167366
ERR2167367,2020-06-19 17:48:36,2020-06-19 17:53:03,227718,136338772,227718,598,92,NA,https://sra-downloadb.be-md.ncbi.nlm.nih.gov/sos4/sra-pub-zq-1/ERR002/2167/ERR2167367/ERR2167367.lite.1,ERX2223809,uramsg,AMPLICON,PCR,METAGENOMIC,PAIRED,440,0,ILLUMINA,Illumina MiSeq,ERP104700,PRJEB22970,NA,640560,ERS1971031,SAMEA104346053,simple,9606,Homo sapiens,SAMEA104346053,NA,NA,NA,NA,NA,NA,no,NA,NA,NA,NA,COPENHAGEN UNIVERSITY,ERA1116214,NA,public,E2451ED6E7E58E7BB3D0DC6907A59004,90BB665135AC733D9522DC9090D30314,ERR2167367
ERR2167368,2020-06-19 17:48:36,2020-06-19 17:53:13,355179,206638999,355179,581,140,NA,https://sra-downloadb.be-md.ncbi.nlm.nih.gov/sos4/sra-pub-zq-1/ERR002/2167/ERR2167368/ERR2167368.lite.1,ERX2223810,uramsg,AMPLICON,PCR,METAGENOMIC,PAIRED,440,0,ILLUMINA,Illumina MiSeq,ERP104700,PRJEB22970,NA,640560,ERS1971032,SAMEA104346054,simple,9606,Homo sapiens,SAMEA104346054,NA,NA,NA,NA,NA,NA,no,NA,NA,NA,NA,COPENHAGEN UNIVERSITY,ERA1116214,NA,public,63DAEB67DBAD10144899AB7E302BC880,705C3998ECA8E83AB7B13DD5AF75DC58,ERR2167368
ERR2167369,2020-06-19 17:48:36,2020-06-19 17:53:16,154888,92611380,154888,597,62,NA,https://sra-downloadb.be-md.ncbi.nlm.nih.gov/sos4/sra-pub-zq-1/ERR002/2167/ERR2167369/ERR2167369.lite.1,ERX2223811,uramsg,AMPLICON,PCR,METAGENOMIC,PAIRED,440,0,ILLUMINA,Illumina MiSeq,ERP104700,PRJEB22970,NA,640560,ERS1971033,SAMEA104346055,simple,9606,Homo sapiens,SAMEA104346055,NA,NA,NA,NA,NA,NA,no,NA,NA,NA,NA,COPENHAGEN UNIVERSITY,ERA1116214,NA,public,79F64ABA95EDC89F5A3147390A41EB99,B7846B583FC8BA907535D37DB0D13855,ERR2167369
ERR2167370,2020-06-19 17:48:36,2020-06-19 17:53:26,225565,132554716,225565,587,88,NA,https://sra-downloadb.be-md.ncbi.nlm.nih.gov/sos4/sra-pub-zq-1/ERR002/2167/ERR2167370/ERR2167370.lite.1,ERX2223812,uramsg,AMPLICON,PCR,METAGENOMIC,PAIRED,440,0,ILLUMINA,Illumina MiSeq,ERP104700,PRJEB22970,NA,640560,ERS1971034,SAMEA104346056,simple,9606,Homo sapiens,SAMEA104346056,NA,NA,NA,NA,NA,NA,no,NA,NA,NA,NA,COPENHAGEN UNIVERSITY,ERA1116214,NA,public,4CD76B47F67B62A1E94C4A5623B47804,293D2D38541C5480DA6D84B6E2BBE83F,ERR2167370
ERR2167371,2020-06-19 17:48:36,2020-06-19 17:53:30,344329,204160687,344329,592,137,NA,https://sra-downloadb.be-md.ncbi.nlm.nih.gov/sos4/sra-pub-zq-1/ERR002/2167/ERR2167371/ERR2167371.lite.1,ERX2223813,uramsg,AMPLICON,PCR,METAGENOMIC,PAIRED,440,0,ILLUMINA,Illumina MiSeq,ERP104700,PRJEB22970,NA,640560,ERS1971035,SAMEA104346057,simple,9606,Homo sapiens,SAMEA104346057,NA,NA,NA,NA,NA,NA,no,NA,NA,NA,NA,COPENHAGEN UNIVERSITY,ERA1116214,NA,public,A562C0DDE7AC4379F84D004CE0CA0452,93D0093DDC9B3AC1F0ACDFF3DA9FA862,ERR2167371
ERR2167372,2020-06-19 17:48:36,2020-06-19 17:53:47,492061,279345122,492061,567,180,NA,https://sra-downloadb.be-md.ncbi.nlm.nih.gov/sos4/sra-pub-zq-1/ERR002/2167/ERR2167372/ERR2167372.lite.1,ERX2223814,uramsg,AMPLICON,PCR,METAGENOMIC,PAIRED,440,0,ILLUMINA,Illumina MiSeq,ERP104700,PRJEB22970,NA,640560,ERS1971036,SAMEA104346058,simple,9606,Homo sapiens,SAMEA104346058,NA,NA,NA,NA,NA,NA,no,NA,NA,NA,NA,COPENHAGEN UNIVERSITY,ERA1116214,NA,public,3088FCE0E811B9C18F8091060F348AEC,1BAFB8FB1C89EFEE27943C29045C63DA,ERR2167372
ERR2167373,2020-06-19 17:48:36,2020-06-19 17:54:06,1080823,642730991,1080823,594,418,NA,https://sra-downloadb.be-md.ncbi.nlm.nih.gov/sos4/sra-pub-zq-1/ERR002/2167/ERR2167373/ERR2167373.lite.1,ERX2223815,uramsg,AMPLICON,PCR,METAGENOMIC,PAIRED,440,0,ILLUMINA,Illumina MiSeq,ERP104700,PRJEB22970,NA,640560,ERS1971037,SAMEA104346059,simple,9606,Homo sapiens,SAMEA104346059,NA,NA,NA,NA,NA,NA,no,NA,NA,NA,NA,COPENHAGEN UNIVERSITY,ERA1116214,NA,public,04FB9F1FEC9BCE8FC8A0837C75FDFDAA,82076653135F464E6894488D54D62E35,ERR2167373
ERR2167374,2020-06-19 17:48:36,2020-06-19 17:54:20,286834,168644215,286834,587,112,NA,https://sra-downloadb.be-md.ncbi.nlm.nih.gov/sos4/sra-pub-zq-1/ERR002/2167/ERR2167374/ERR2167374.lite.1,ERX2223816,uramsg,AMPLICON,PCR,METAGENOMIC,PAIRED,440,0,ILLUMINA,Illumina MiSeq,ERP104700,PRJEB22970,NA,640560,ERS1971038,SAMEA104346060,simple,9606,Homo sapiens,SAMEA104346060,NA,NA,NA,NA,NA,NA,no,NA,NA,NA,NA,COPENHAGEN UNIVERSITY,ERA1116214,NA,public,2CC6A164C2222C4FA9CCD9BB0A4383F6,2C88E855A46FB37050FAD1268AE1CD9A,ERR2167374
ERR2167375,2020-06-19 17:48:36,2020-06-19 17:54:34,178526,106119395,178526,594,71,NA,https://sra-downloadb.be-md.ncbi.nlm.nih.gov/sos4/sra-pub-zq-1/ERR002/2167/ERR2167375/ERR2167375.lite.1,ERX2223817,uramsg,AMPLICON,PCR,METAGENOMIC,PAIRED,440,0,ILLUMINA,Illumina MiSeq,ERP104700,PRJEB22970,NA,640560,ERS1971039,SAMEA104346061,simple,9606,Homo sapiens,SAMEA104346061,NA,NA,NA,NA,NA,NA,no,NA,NA,NA,NA,COPENHAGEN UNIVERSITY,ERA1116214,NA,public,774A357E91B5066EDD3BF01035396E60,D67AA9E13FAD0913A5AC4F238B39F350,ERR2167375
ERR2167376,2020-06-19 17:48:36,2020-06-19 17:54:35,272766,160993635,272766,590,108,NA,https://sra-downloadb.be-md.ncbi.nlm.nih.gov/sos4/sra-pub-zq-1/ERR002/2167/ERR2167376/ERR2167376.lite.1,ERX2223818,uramsg,AMPLICON,PCR,METAGENOMIC,PAIRED,440,0,ILLUMINA,Illumina MiSeq,ERP104700,PRJEB22970,NA,640560,ERS1971040,SAMEA104346062,simple,9606,Homo sapiens,SAMEA104346062,NA,NA,NA,NA,NA,NA,no,NA,NA,NA,NA,COPENHAGEN UNIVERSITY,ERA1116214,NA,public,F8D8BC2A0959A35F5EE4827DA143C63D,BA3B22A0C822A48A7FFE77BB52A3C7E3,ERR2167376
ERR2167377,2020-06-19 17:48:36,2020-06-19 17:54:49,301898,178539979,301898,591,119,NA,https://sra-downloadb.be-md.ncbi.nlm.nih.gov/sos4/sra-pub-zq-1/ERR002/2167/ERR2167377/ERR2167377.lite.1,ERX2223819,uramsg,AMPLICON,PCR,METAGENOMIC,PAIRED,440,0,ILLUMINA,Illumina MiSeq,ERP104700,PRJEB22970,NA,640560,ERS1971041,SAMEA104346063,simple,9606,Homo sapiens,SAMEA104346063,NA,NA,NA,NA,NA,NA,no,NA,NA,NA,NA,COPENHAGEN UNIVERSITY,ERA1116214,NA,public,70C3C00C6ED75515301C0C21ABD03C7B,8FDF4DB597531E52EBC870F8358E4392,ERR2167377
ERR2167378,2020-06-19 17:48:36,2020-06-19 17:54:48,187904,110559099,187904,588,75,NA,https://sra-downloadb.be-md.ncbi.nlm.nih.gov/sos4/sra-pub-zq-1/ERR002/2167/ERR2167378/ERR2167378.lite.1,ERX2223820,uramsg,AMPLICON,PCR,METAGENOMIC,PAIRED,440,0,ILLUMINA,Illumina MiSeq,ERP104700,PRJEB22970,NA,640560,ERS1971042,SAMEA104346064,simple,9606,Homo sapiens,SAMEA104346064,NA,NA,NA,NA,NA,NA,no,NA,NA,NA,NA,COPENHAGEN UNIVERSITY,ERA1116214,NA,public,C0DDA4F4F860F698D690D46157BFEA6E,976EDE01A9CC7361F78AE770B15DA626,ERR2167378
ERR2167379,2020-06-19 17:48:36,2020-06-19 17:55:02,319329,188684456,319329,590,126,NA,https://sra-downloadb.be-md.ncbi.nlm.nih.gov/sos4/sra-pub-zq-1/ERR002/2167/ERR2167379/ERR2167379.lite.1,ERX2223821,uramsg,AMPLICON,PCR,METAGENOMIC,PAIRED,440,0,ILLUMINA,Illumina MiSeq,ERP104700,PRJEB22970,NA,640560,ERS1971043,SAMEA104346065,simple,9606,Homo sapiens,SAMEA104346065,NA,NA,NA,NA,NA,NA,no,NA,NA,NA,NA,COPENHAGEN UNIVERSITY,ERA1116214,NA,public,9FDCBB2FB7B48CC4CE78CA9B7697AA1E,A3EA8BF22F8AA56299D11106739DF89B,ERR2167379
ERR2167380,2020-06-19 17:48:36,2020-06-19 17:55:02,149189,88581574,149189,593,59,NA,https://sra-downloadb.be-md.ncbi.nlm.nih.gov/sos4/sra-pub-zq-1/ERR002/2167/ERR2167380/ERR2167380.lite.1,ERX2223822,uramsg,AMPLICON,PCR,METAGENOMIC,PAIRED,440,0,ILLUMINA,Illumina MiSeq,ERP104700,PRJEB22970,NA,640560,ERS1971044,SAMEA104346066,simple,9606,Homo sapiens,SAMEA104346066,NA,NA,NA,NA,NA,NA,no,NA,NA,NA,NA,COPENHAGEN UNIVERSITY,ERA1116214,NA,public,88F1DB65D4B9C6DE4AED563E6FF9FE11,249020C1ED697282EABDD30DED94A10F,ERR2167380
ERR2167381,2020-06-19 17:48:36,2020-06-19 17:55:22,1103263,656686369,1103263,595,422,NA,https://sra-downloadb.be-md.ncbi.nlm.nih.gov/sos4/sra-pub-zq-1/ERR002/2167/ERR2167381/ERR2167381.lite.1,ERX2223823,uramsg,AMPLICON,PCR,METAGENOMIC,PAIRED,440,0,ILLUMINA,Illumina MiSeq,ERP104700,PRJEB22970,NA,640560,ERS1971045,SAMEA104346067,simple,9606,Homo sapiens,SAMEA104346067,NA,NA,NA,NA,NA,NA,no,NA,NA,NA,NA,COPENHAGEN UNIVERSITY,ERA1116214,NA,public,9BAC5FC9E18036E2019C51F81DFE5751,5D44EF7AB5B0574A4801DC38A7CDB220,ERR2167381
ERR2167382,2020-06-19 17:48:36,2020-06-19 17:55:17,260581,155491125,260581,596,106,NA,https://sra-downloadb.be-md.ncbi.nlm.nih.gov/sos4/sra-pub-zq-1/ERR002/2167/ERR2167382/ERR2167382.lite.1,ERX2223824,uramsg,AMPLICON,PCR,METAGENOMIC,PAIRED,440,0,ILLUMINA,Illumina MiSeq,ERP104700,PRJEB22970,NA,640560,ERS1971046,SAMEA104346068,simple,9606,Homo sapiens,SAMEA104346068,NA,NA,NA,NA,NA,NA,no,NA,NA,NA,NA,COPENHAGEN UNIVERSITY,ERA1116214,NA,public,BCFB5FE1C44519655AD5AC884B9898DE,6D83B8EE684FD3BD2EDB53DCA3FFBCF9,ERR2167382
ERR2167383,2020-06-19 17:48:36,2020-06-19 17:55:31,354441,210263161,354441,593,141,NA,https://sra-downloadb.be-md.ncbi.nlm.nih.gov/sos4/sra-pub-zq-1/ERR002/2167/ERR2167383/ERR2167383.lite.1,ERX2223825,uramsg,AMPLICON,PCR,METAGENOMIC,PAIRED,440,0,ILLUMINA,Illumina MiSeq,ERP104700,PRJEB22970,NA,640560,ERS1971047,SAMEA104346069,simple,9606,Homo sapiens,SAMEA104346069,NA,NA,NA,NA,NA,NA,no,NA,NA,NA,NA,COPENHAGEN UNIVERSITY,ERA1116214,NA,public,EFD80557B986AF273329B8E5E0D92F5E,CBD49E2CC3D8D82906531A8CC0B26367,ERR2167383
ERR2167384,2020-06-19 17:48:36,2020-06-19 17:55:37,341471,202069250,341471,591,135,NA,https://sra-downloadb.be-md.ncbi.nlm.nih.gov/sos4/sra-pub-zq-1/ERR002/2167/ERR2167384/ERR2167384.lite.1,ERX2223826,uramsg,AMPLICON,PCR,METAGENOMIC,PAIRED,440,0,ILLUMINA,Illumina MiSeq,ERP104700,PRJEB22970,NA,640560,ERS1971048,SAMEA104346070,simple,9606,Homo sapiens,SAMEA104346070,NA,NA,NA,NA,NA,NA,no,NA,NA,NA,NA,COPENHAGEN UNIVERSITY,ERA1116214,NA,public,E8AD90D17AA4F8F4C7A4BFA10951BA2E,E67E66A9D627C6ED2E1331B2424E3967,ERR2167384
ERR2167385,2020-06-19 17:48:36,2020-06-19 17:55:50,262145,156631732,262145,597,104,NA,https://sra-downloadb.be-md.ncbi.nlm.nih.gov/sos4/sra-pub-zq-1/ERR002/2167/ERR2167385/ERR2167385.lite.1,ERX2223827,uramsg,AMPLICON,PCR,METAGENOMIC,PAIRED,440,0,ILLUMINA,Illumina MiSeq,ERP104700,PRJEB22970,NA,640560,ERS1971049,SAMEA104346071,simple,9606,Homo sapiens,SAMEA104346071,NA,NA,NA,NA,NA,NA,no,NA,NA,NA,NA,COPENHAGEN UNIVERSITY,ERA1116214,NA,public,671859E119C26FCF479AD595361EBFAB,0EFF4FB54F2AF3DC9CD33B0EF251FF08,ERR2167385
ERR2167386,2020-06-19 17:48:36,2020-06-19 17:55:50,247539,148072387,247539,598,99,NA,https://sra-downloadb.be-md.ncbi.nlm.nih.gov/sos4/sra-pub-zq-1/ERR002/2167/ERR2167386/ERR2167386.lite.1,ERX2223828,uramsg,AMPLICON,PCR,METAGENOMIC,PAIRED,440,0,ILLUMINA,Illumina MiSeq,ERP104700,PRJEB22970,NA,640560,ERS1971050,SAMEA104346072,simple,9606,Homo sapiens,SAMEA104346072,NA,NA,NA,NA,NA,NA,no,NA,NA,NA,NA,COPENHAGEN UNIVERSITY,ERA1116214,NA,public,2AADF62CFA24E78C8A4AB5A8F1DE4B9D,F9245D89C802579BF0B9C974C34D5AA5,ERR2167386
ERR2167387,2020-06-19 17:48:36,2020-06-19 17:56:05,208113,123744440,208113,594,82,NA,https://sra-downloadb.be-md.ncbi.nlm.nih.gov/sos4/sra-pub-zq-1/ERR002/2167/ERR2167387/ERR2167387.lite.1,ERX2223829,uramsg,AMPLICON,PCR,METAGENOMIC,PAIRED,440,0,ILLUMINA,Illumina MiSeq,ERP104700,PRJEB22970,NA,640560,ERS1971051,SAMEA104346073,simple,9606,Homo sapiens,SAMEA104346073,NA,NA,NA,NA,NA,NA,no,NA,NA,NA,NA,COPENHAGEN UNIVERSITY,ERA1116214,NA,public,2F6DE3FDD1AF3343D7296B56C154A1D1,3D71E26153138EA133667E99C0D70AFA,ERR2167387
ERR2167388,2020-06-19 17:48:36,2020-06-19 17:56:07,278813,165118660,278813,592,110,NA,https://sra-downloadb.be-md.ncbi.nlm.nih.gov/sos4/sra-pub-zq-1/ERR002/2167/ERR2167388/ERR2167388.lite.1,ERX2223830,uramsg,AMPLICON,PCR,METAGENOMIC,PAIRED,440,0,ILLUMINA,Illumina MiSeq,ERP104700,PRJEB22970,NA,640560,ERS1971052,SAMEA104346074,simple,9606,Homo sapiens,SAMEA104346074,NA,NA,NA,NA,NA,NA,no,NA,NA,NA,NA,COPENHAGEN UNIVERSITY,ERA1116214,NA,public,ED2CD99D5523F434E7EC68D2ED983C52,F098A8ADFB6392DCF55DF9B318F422A0,ERR2167388
ERR2167389,2020-06-19 17:48:36,2020-06-19 17:56:26,1021916,605959069,1021916,592,395,NA,https://sra-downloadb.be-md.ncbi.nlm.nih.gov/sos4/sra-pub-zq-1/ERR002/2167/ERR2167389/ERR2167389.lite.1,ERX2223831,uramsg,AMPLICON,PCR,METAGENOMIC,PAIRED,440,0,ILLUMINA,Illumina MiSeq,ERP104700,PRJEB22970,NA,640560,ERS1971053,SAMEA104346075,simple,9606,Homo sapiens,SAMEA104346075,NA,NA,NA,NA,NA,NA,no,NA,NA,NA,NA,COPENHAGEN UNIVERSITY,ERA1116214,NA,public,7710FE07536E8E335FE8F94FF6661274,58A79CF991FC424C2C52AA931BA3D549,ERR2167389
ERR2167390,2020-06-19 17:48:36,2020-06-19 17:56:23,291264,173370400,291264,595,116,NA,https://sra-downloadb.be-md.ncbi.nlm.nih.gov/sos4/sra-pub-zq-1/ERR002/2167/ERR2167390/ERR2167390.lite.1,ERX2223832,uramsg,AMPLICON,PCR,METAGENOMIC,PAIRED,440,0,ILLUMINA,Illumina MiSeq,ERP104700,PRJEB22970,NA,640560,ERS1971054,SAMEA104346076,simple,9606,Homo sapiens,SAMEA104346076,NA,NA,NA,NA,NA,NA,no,NA,NA,NA,NA,COPENHAGEN UNIVERSITY,ERA1116214,NA,public,8071870E5A5A70C1807DB8AC59EB6C49,1ADECB3CFE95B6E4D6771B80B44731AC,ERR2167390
ERR2167391,2020-06-19 17:48:36,2020-06-19 17:56:41,442643,264021662,442643,596,177,NA,https://sra-downloadb.be-md.ncbi.nlm.nih.gov/sos4/sra-pub-zq-1/ERR002/2167/ERR2167391/ERR2167391.lite.1,ERX2223833,uramsg,AMPLICON,PCR,METAGENOMIC,PAIRED,440,0,ILLUMINA,Illumina MiSeq,ERP104700,PRJEB22970,NA,640560,ERS1971055,SAMEA104346077,simple,9606,Homo sapiens,SAMEA104346077,NA,NA,NA,NA,NA,NA,no,NA,NA,NA,NA,COPENHAGEN UNIVERSITY,ERA1116214,NA,public,D8ABEBB75E54E9BA131426132D67A792,5F9D9BE453CEF7F4273A6E3D05687E7D,ERR2167391
ERR2167392,2020-06-19 17:48:36,2020-06-19 17:56:43,578563,346258144,578563,598,229,NA,https://sra-downloadb.be-md.ncbi.nlm.nih.gov/sos4/sra-pub-zq-1/ERR002/2167/ERR2167392/ERR2167392.lite.1,ERX2223834,uramsg,AMPLICON,PCR,METAGENOMIC,PAIRED,440,0,ILLUMINA,Illumina MiSeq,ERP104700,PRJEB22970,NA,640560,ERS1971056,SAMEA104346078,simple,9606,Homo sapiens,SAMEA104346078,NA,NA,NA,NA,NA,NA,no,NA,NA,NA,NA,COPENHAGEN UNIVERSITY,ERA1116214,NA,public,0DC6F23423265B9E2B68EF59B4C7B9D4,1451C74156ADDC5F6A9C9AC42C16ADD9,ERR2167392
ERR2167393,2020-06-19 17:48:36,2020-06-19 17:57:01,410244,243091217,410244,592,163,NA,https://sra-downloadb.be-md.ncbi.nlm.nih.gov/sos4/sra-pub-zq-1/ERR002/2167/ERR2167393/ERR2167393.lite.1,ERX2223835,uramsg,AMPLICON,PCR,METAGENOMIC,PAIRED,440,0,ILLUMINA,Illumina MiSeq,ERP104700,PRJEB22970,NA,640560,ERS1971057,SAMEA104346079,simple,9606,Homo sapiens,SAMEA104346079,NA,NA,NA,NA,NA,NA,no,NA,NA,NA,NA,COPENHAGEN UNIVERSITY,ERA1116214,NA,public,D34FB3E960EB3D330B571036E8EB6C42,18172C3A33530647A1E53BF385852E9D,ERR2167393
ERR2167394,2020-06-19 17:48:36,2020-06-19 17:56:57,151326,90395038,151326,597,60,NA,https://sra-downloadb.be-md.ncbi.nlm.nih.gov/sos4/sra-pub-zq-1/ERR002/2167/ERR2167394/ERR2167394.lite.1,ERX2223836,uramsg,AMPLICON,PCR,METAGENOMIC,PAIRED,440,0,ILLUMINA,Illumina MiSeq,ERP104700,PRJEB22970,NA,640560,ERS1971058,SAMEA104346080,simple,9606,Homo sapiens,SAMEA104346080,NA,NA,NA,NA,NA,NA,no,NA,NA,NA,NA,COPENHAGEN UNIVERSITY,ERA1116214,NA,public,11CA8D12E0CF914F187734ED8D17FFE4,80A84886F61202E3A052B7EB883EC8C0,ERR2167394
ERR2167395,2020-06-19 17:48:36,2020-06-19 17:57:15,514396,307697639,514396,598,204,NA,https://sra-downloadb.be-md.ncbi.nlm.nih.gov/sos4/sra-pub-zq-1/ERR002/2167/ERR2167395/ERR2167395.lite.1,ERX2223837,uramsg,AMPLICON,PCR,METAGENOMIC,PAIRED,440,0,ILLUMINA,Illumina MiSeq,ERP104700,PRJEB22970,NA,640560,ERS1971059,SAMEA104346081,simple,9606,Homo sapiens,SAMEA104346081,NA,NA,NA,NA,NA,NA,no,NA,NA,NA,NA,COPENHAGEN UNIVERSITY,ERA1116214,NA,public,6AD2A7E392D11269ED7960F342604ECB,61FE2F4AF704CF3C7FF00B499165111A,ERR2167395
ERR2167396,2020-06-19 17:48:36,2020-06-19 17:57:14,109149,64694511,109149,592,45,NA,https://sra-downloadb.be-md.ncbi.nlm.nih.gov/sos4/sra-pub-zq-1/ERR002/2167/ERR2167396/ERR2167396.lite.1,ERX2223838,uramsg,AMPLICON,PCR,METAGENOMIC,PAIRED,440,0,ILLUMINA,Illumina MiSeq,ERP104700,PRJEB22970,NA,640560,ERS1971060,SAMEA104346082,simple,9606,Homo sapiens,SAMEA104346082,NA,NA,NA,NA,NA,NA,no,NA,NA,NA,NA,COPENHAGEN UNIVERSITY,ERA1116214,NA,public,F92C3A45C301F07FFF0642E70A48FF95,8A67C0C84EA9AAADFC9538AD188DC162,ERR2167396
ERR2167397,2020-06-19 17:48:36,2020-06-19 17:57:35,940407,561806885,940407,597,369,NA,https://sra-downloadb.be-md.ncbi.nlm.nih.gov/sos4/sra-pub-zq-1/ERR002/2167/ERR2167397/ERR2167397.lite.1,ERX2223839,uramsg,AMPLICON,PCR,METAGENOMIC,PAIRED,440,0,ILLUMINA,Illumina MiSeq,ERP104700,PRJEB22970,NA,640560,ERS1971061,SAMEA104346083,simple,9606,Homo sapiens,SAMEA104346083,NA,NA,NA,NA,NA,NA,no,NA,NA,NA,NA,COPENHAGEN UNIVERSITY,ERA1116214,NA,public,CD283EBCAC6A508616A94DE7A80C8A9C,3586C75D3A22D1501C96F7740AE77939,ERR2167397
ERR2167398,2020-06-19 17:48:36,2020-06-19 17:57:31,187567,111024437,187567,591,75,NA,https://sra-downloadb.be-md.ncbi.nlm.nih.gov/sos4/sra-pub-zq-1/ERR002/2167/ERR2167398/ERR2167398.lite.1,ERX2223840,uramsg,AMPLICON,PCR,METAGENOMIC,PAIRED,440,0,ILLUMINA,Illumina MiSeq,ERP104700,PRJEB22970,NA,640560,ERS1971062,SAMEA104346084,simple,9606,Homo sapiens,SAMEA104346084,NA,NA,NA,NA,NA,NA,no,NA,NA,NA,NA,COPENHAGEN UNIVERSITY,ERA1116214,NA,public,B42E7DED451CB1D738F81B7A6DD67D21,AA4B3A3425B70030AEDBC52696AF4B10,ERR2167398
ERR2167399,2020-06-19 17:48:36,2020-06-19 17:57:49,226558,134593880,226558,594,91,NA,https://sra-downloadb.be-md.ncbi.nlm.nih.gov/sos4/sra-pub-zq-1/ERR002/2167/ERR2167399/ERR2167399.lite.1,ERX2223841,uramsg,AMPLICON,PCR,METAGENOMIC,PAIRED,440,0,ILLUMINA,Illumina MiSeq,ERP104700,PRJEB22970,NA,640560,ERS1971063,SAMEA104346085,simple,9606,Homo sapiens,SAMEA104346085,NA,NA,NA,NA,NA,NA,no,NA,NA,NA,NA,COPENHAGEN UNIVERSITY,ERA1116214,NA,public,487E81EA9BC896318E0F79681C9A4323,09F1A73FC1813187A264AEAD691B717E,ERR2167399
ERR2167400,2020-06-19 17:48:36,2020-06-19 17:58:06,381564,228498518,381564,598,153,NA,https://sra-downloadb.be-md.ncbi.nlm.nih.gov/sos4/sra-pub-zq-1/ERR002/2167/ERR2167400/ERR2167400.lite.1,ERX2223842,uramsg,AMPLICON,PCR,METAGENOMIC,PAIRED,440,0,ILLUMINA,Illumina MiSeq,ERP104700,PRJEB22970,NA,640560,ERS1971064,SAMEA104346086,simple,9606,Homo sapiens,SAMEA104346086,NA,NA,NA,NA,NA,NA,no,NA,NA,NA,NA,COPENHAGEN UNIVERSITY,ERA1116214,NA,public,D2D275825FF7269F56B6DB276F18FDC8,C77B9E608C053299033C03B149EE995C,ERR2167400
ERR2167401,2020-06-19 17:48:36,2020-06-19 17:58:21,377089,224162200,377089,594,152,NA,https://sra-downloadb.be-md.ncbi.nlm.nih.gov/sos4/sra-pub-zq-1/ERR002/2167/ERR2167401/ERR2167401.lite.1,ERX2223843,uramsg,AMPLICON,PCR,METAGENOMIC,PAIRED,440,0,ILLUMINA,Illumina MiSeq,ERP104700,PRJEB22970,NA,640560,ERS1971065,SAMEA104346087,simple,9606,Homo sapiens,SAMEA104346087,NA,NA,NA,NA,NA,NA,no,NA,NA,NA,NA,COPENHAGEN UNIVERSITY,ERA1116214,NA,public,3CB5220A63CFBE8B28AAAF5C42555F92,ADA289179BAD1F5879AF8D59F9185ED2,ERR2167401
ERR2167402,2020-06-19 17:48:37,2020-06-19 17:58:42,418784,248010176,418784,592,167,NA,https://sra-downloadb.be-md.ncbi.nlm.nih.gov/sos4/sra-pub-zq-1/ERR002/2167/ERR2167402/ERR2167402.lite.1,ERX2223844,uramsg,AMPLICON,PCR,METAGENOMIC,PAIRED,440,0,ILLUMINA,Illumina MiSeq,ERP104700,PRJEB22970,NA,640560,ERS1971066,SAMEA104346088,simple,9606,Homo sapiens,SAMEA104346088,NA,NA,NA,NA,NA,NA,no,NA,NA,NA,NA,COPENHAGEN UNIVERSITY,ERA1116214,NA,public,B4D05CA43A2BD2F7131EA1E3C94B45BC,8DB91E4A3637F4438FAE883E65E7B9B2,ERR2167402
ERR2167403,2020-06-19 17:48:37,2020-06-19 17:58:39,280729,167950764,280729,598,112,NA,https://sra-downloadb.be-md.ncbi.nlm.nih.gov/sos4/sra-pub-zq-1/ERR002/2167/ERR2167403/ERR2167403.lite.1,ERX2223845,uramsg,AMPLICON,PCR,METAGENOMIC,PAIRED,440,0,ILLUMINA,Illumina MiSeq,ERP104700,PRJEB22970,NA,640560,ERS1971067,SAMEA104346089,simple,9606,Homo sapiens,SAMEA104346089,NA,NA,NA,NA,NA,NA,no,NA,NA,NA,NA,COPENHAGEN UNIVERSITY,ERA1116214,NA,public,0B1D97B33C5BCA0B786F5C048743E6A6,A22C2EA59728BACC3E4CC59B4E0802A6,ERR2167403
ERR2167404,2020-06-19 17:48:37,2020-06-19 17:58:37,165991,97671033,165991,588,65,NA,https://sra-downloadb.be-md.ncbi.nlm.nih.gov/sos4/sra-pub-zq-1/ERR002/2167/ERR2167404/ERR2167404.lite.1,ERX2223846,uramsg,AMPLICON,PCR,METAGENOMIC,PAIRED,440,0,ILLUMINA,Illumina MiSeq,ERP104700,PRJEB22970,NA,640560,ERS1971068,SAMEA104346090,simple,9606,Homo sapiens,SAMEA104346090,NA,NA,NA,NA,NA,NA,no,NA,NA,NA,NA,COPENHAGEN UNIVERSITY,ERA1116214,NA,public,88E7DC072F4FAE9C020BBF807A1689E3,358496E2734696490043C1F25579A8C3,ERR2167404
ERR2167405,2020-06-19 17:48:37,2020-06-19 17:58:53,242311,143743463,242311,593,96,NA,https://sra-downloadb.be-md.ncbi.nlm.nih.gov/sos4/sra-pub-zq-1/ERR002/2167/ERR2167405/ERR2167405.lite.1,ERX2223847,uramsg,AMPLICON,PCR,METAGENOMIC,PAIRED,440,0,ILLUMINA,Illumina MiSeq,ERP104700,PRJEB22970,NA,640560,ERS1971069,SAMEA104346091,simple,9606,Homo sapiens,SAMEA104346091,NA,NA,NA,NA,NA,NA,no,NA,NA,NA,NA,COPENHAGEN UNIVERSITY,ERA1116214,NA,public,4FEAD5DB588AE497226F538C2C369D01,82296F719E914A6265CADBFF0C0DDEC6,ERR2167405
ERR2167406,2020-06-19 17:48:37,2020-06-19 17:58:58,97991,58660484,97991,598,39,NA,https://sra-downloadb.be-md.ncbi.nlm.nih.gov/sos4/sra-pub-zq-1/ERR002/2167/ERR2167406/ERR2167406.lite.1,ERX2223848,uramsg,AMPLICON,PCR,METAGENOMIC,PAIRED,440,0,ILLUMINA,Illumina MiSeq,ERP104700,PRJEB22970,NA,640560,ERS1971070,SAMEA104346092,simple,9606,Homo sapiens,SAMEA104346092,NA,NA,NA,NA,NA,NA,no,NA,NA,NA,NA,COPENHAGEN UNIVERSITY,ERA1116214,NA,public,84094D97705EED17B5FA82C39A3F7AF7,93B08FFE3EB46E33EE1F9A7F2BC276CC,ERR2167406
ERR2167407,2020-06-19 17:48:37,2020-06-19 17:59:07,289855,171087259,289855,590,113,NA,https://sra-downloadb.be-md.ncbi.nlm.nih.gov/sos4/sra-pub-zq-1/ERR002/2167/ERR2167407/ERR2167407.lite.1,ERX2223849,uramsg,AMPLICON,PCR,METAGENOMIC,PAIRED,440,0,ILLUMINA,Illumina MiSeq,ERP104700,PRJEB22970,NA,640560,ERS1971071,SAMEA104346093,simple,9606,Homo sapiens,SAMEA104346093,NA,NA,NA,NA,NA,NA,no,NA,NA,NA,NA,COPENHAGEN UNIVERSITY,ERA1116214,NA,public,D555263FE953349A73E78E9BB757C6FC,A1D140F5F833487F0DE37B1093777679,ERR2167407
ERR2167408,2020-06-19 17:48:37,2020-06-19 17:59:18,343843,205147534,343843,596,136,NA,https://sra-downloadb.be-md.ncbi.nlm.nih.gov/sos4/sra-pub-zq-1/ERR002/2167/ERR2167408/ERR2167408.lite.1,ERX2223850,uramsg,AMPLICON,PCR,METAGENOMIC,PAIRED,440,0,ILLUMINA,Illumina MiSeq,ERP104700,PRJEB22970,NA,640560,ERS1971072,SAMEA104346094,simple,9606,Homo sapiens,SAMEA104346094,NA,NA,NA,NA,NA,NA,no,NA,NA,NA,NA,COPENHAGEN UNIVERSITY,ERA1116214,NA,public,24138BD052749F60BBABA10BC055D173,EDA365B38B0E62BDFA2C7F13D652928C,ERR2167408
ERR2167409,2020-06-19 17:48:37,2020-06-19 17:59:21,176938,105045517,176938,593,69,NA,https://sra-downloadb.be-md.ncbi.nlm.nih.gov/sos4/sra-pub-zq-1/ERR002/2167/ERR2167409/ERR2167409.lite.1,ERX2223851,uramsg,AMPLICON,PCR,METAGENOMIC,PAIRED,440,0,ILLUMINA,Illumina MiSeq,ERP104700,PRJEB22970,NA,640560,ERS1971073,SAMEA104346095,simple,9606,Homo sapiens,SAMEA104346095,NA,NA,NA,NA,NA,NA,no,NA,NA,NA,NA,COPENHAGEN UNIVERSITY,ERA1116214,NA,public,366DFA2BCFAF5C7ACFC29AE21FB3DFCC,7B7DDF64F4BB15C6D5F0F5AB70F39DE3,ERR2167409
ERR2167410,2020-06-19 17:48:37,2020-06-19 17:59:34,323029,191634260,323029,593,128,NA,https://sra-downloadb.be-md.ncbi.nlm.nih.gov/sos4/sra-pub-zq-1/ERR002/2167/ERR2167410/ERR2167410.lite.1,ERX2223852,uramsg,AMPLICON,PCR,METAGENOMIC,PAIRED,440,0,ILLUMINA,Illumina MiSeq,ERP104700,PRJEB22970,NA,640560,ERS1971074,SAMEA104346096,simple,9606,Homo sapiens,SAMEA104346096,NA,NA,NA,NA,NA,NA,no,NA,NA,NA,NA,COPENHAGEN UNIVERSITY,ERA1116214,NA,public,4D7A9380D747DDBB907B458CBD959B83,7493947E786EBC1EEAAB1C9B41AC01AE,ERR2167410
ERR2167411,2020-06-19 17:48:37,2020-06-19 17:59:36,221762,131612076,221762,593,87,NA,https://sra-downloadb.be-md.ncbi.nlm.nih.gov/sos4/sra-pub-zq-1/ERR002/2167/ERR2167411/ERR2167411.lite.1,ERX2223853,uramsg,AMPLICON,PCR,METAGENOMIC,PAIRED,440,0,ILLUMINA,Illumina MiSeq,ERP104700,PRJEB22970,NA,640560,ERS1971075,SAMEA104346097,simple,9606,Homo sapiens,SAMEA104346097,NA,NA,NA,NA,NA,NA,no,NA,NA,NA,NA,COPENHAGEN UNIVERSITY,ERA1116214,NA,public,A3B2174BB57F8417E3CA0DFAE550DAEF,7292EEDCE3EDB732758B14B23858B2BC,ERR2167411
ERR2167412,2020-06-19 17:48:37,2020-06-19 17:59:49,268188,160918153,268188,600,109,NA,https://sra-downloadb.be-md.ncbi.nlm.nih.gov/sos4/sra-pub-zq-1/ERR002/2167/ERR2167412/ERR2167412.lite.1,ERX2223854,uramsg,AMPLICON,PCR,METAGENOMIC,PAIRED,440,0,ILLUMINA,Illumina MiSeq,ERP104700,PRJEB22970,NA,640560,ERS1971076,SAMEA104346098,simple,9606,Homo sapiens,SAMEA104346098,NA,NA,NA,NA,NA,NA,no,NA,NA,NA,NA,COPENHAGEN UNIVERSITY,ERA1116214,NA,public,97CEDA8C82B7A07A4FBC9FC384FF624B,351788659B3D24EB4626CBF6FCB539F3,ERR2167412
ERR2167413,2020-06-19 17:48:37,2020-06-19 18:00:04,248871,148392062,248871,596,98,NA,https://sra-downloadb.be-md.ncbi.nlm.nih.gov/sos4/sra-pub-zq-1/ERR002/2167/ERR2167413/ERR2167413.lite.1,ERX2223855,uramsg,AMPLICON,PCR,METAGENOMIC,PAIRED,440,0,ILLUMINA,Illumina MiSeq,ERP104700,PRJEB22970,NA,640560,ERS1971077,SAMEA104346099,simple,9606,Homo sapiens,SAMEA104346099,NA,NA,NA,NA,NA,NA,no,NA,NA,NA,NA,COPENHAGEN UNIVERSITY,ERA1116214,NA,public,2D7C74C1E62BEE4EC116D023AE1AE74A,62577DB2E446F9B9A0E675D98B791DCE,ERR2167413
ERR2167414,2020-06-19 17:48:37,2020-06-19 18:00:22,249955,149161422,249955,596,100,NA,https://sra-downloadb.be-md.ncbi.nlm.nih.gov/sos4/sra-pub-zq-1/ERR002/2167/ERR2167414/ERR2167414.lite.1,ERX2223856,uramsg,AMPLICON,PCR,METAGENOMIC,PAIRED,440,0,ILLUMINA,Illumina MiSeq,ERP104700,PRJEB22970,NA,640560,ERS1971078,SAMEA104346100,simple,9606,Homo sapiens,SAMEA104346100,NA,NA,NA,NA,NA,NA,no,NA,NA,NA,NA,COPENHAGEN UNIVERSITY,ERA1116214,NA,public,183646A47722EF70C8B92C4F0C729E25,EF1E20C2D707A0C37D5A0EA7ABC18C21,ERR2167414
ERR2167415,2020-06-19 17:48:37,2020-06-19 18:00:36,323910,193793157,323910,598,131,NA,https://sra-downloadb.be-md.ncbi.nlm.nih.gov/sos4/sra-pub-zq-1/ERR002/2167/ERR2167415/ERR2167415.lite.1,ERX2223857,uramsg,AMPLICON,PCR,METAGENOMIC,PAIRED,440,0,ILLUMINA,Illumina MiSeq,ERP104700,PRJEB22970,NA,640560,ERS1971079,SAMEA104346101,simple,9606,Homo sapiens,SAMEA104346101,NA,NA,NA,NA,NA,NA,no,NA,NA,NA,NA,COPENHAGEN UNIVERSITY,ERA1116214,NA,public,2270010E0A280A3BA42F6117CFD232C9,F4ED619C5A254F6164DBA0DA733F3832,ERR2167415
ERR2167416,2020-06-19 17:48:37,2020-06-19 18:00:38,346134,206894478,346134,597,138,NA,https://sra-downloadb.be-md.ncbi.nlm.nih.gov/sos4/sra-pub-zq-1/ERR002/2167/ERR2167416/ERR2167416.lite.1,ERX2223858,uramsg,AMPLICON,PCR,METAGENOMIC,PAIRED,440,0,ILLUMINA,Illumina MiSeq,ERP104700,PRJEB22970,NA,640560,ERS1971080,SAMEA104346102,simple,9606,Homo sapiens,SAMEA104346102,NA,NA,NA,NA,NA,NA,no,NA,NA,NA,NA,COPENHAGEN UNIVERSITY,ERA1116214,NA,public,C43402087293504D27B285A185F1BD1C,BBB42A1F6F07A6105965B6514F4F310F,ERR2167416
ERR2167417,2020-06-19 17:48:37,2020-06-19 18:00:50,162859,97744765,162859,600,66,NA,https://sra-downloadb.be-md.ncbi.nlm.nih.gov/sos4/sra-pub-zq-1/ERR002/2167/ERR2167417/ERR2167417.lite.1,ERX2223859,uramsg,AMPLICON,PCR,METAGENOMIC,PAIRED,440,0,ILLUMINA,Illumina MiSeq,ERP104700,PRJEB22970,NA,640560,ERS1971081,SAMEA104346103,simple,9606,Homo sapiens,SAMEA104346103,NA,NA,NA,NA,NA,NA,no,NA,NA,NA,NA,COPENHAGEN UNIVERSITY,ERA1116214,NA,public,6CE0806F96F6718FD004F7B40A4F92B1,281B6490F335CC74ECD482CA9E3BF9BF,ERR2167417
ERR2167418,2020-06-19 17:48:37,2020-06-19 18:00:56,679606,405757654,679606,597,262,NA,https://sra-downloadb.be-md.ncbi.nlm.nih.gov/sos4/sra-pub-zq-1/ERR002/2167/ERR2167418/ERR2167418.lite.1,ERX2223860,uramsg,AMPLICON,PCR,METAGENOMIC,PAIRED,440,0,ILLUMINA,Illumina MiSeq,ERP104700,PRJEB22970,NA,640560,ERS1971082,SAMEA104346104,simple,9606,Homo sapiens,SAMEA104346104,NA,NA,NA,NA,NA,NA,no,NA,NA,NA,NA,COPENHAGEN UNIVERSITY,ERA1116214,NA,public,2533128A09F914AC6B2C8A2949365F61,A322053E7717338347637F23C8D08359,ERR2167418
ERR2167419,2020-06-19 17:48:37,2020-06-19 18:01:07,195198,116882122,195198,598,79,NA,https://sra-downloadb.be-md.ncbi.nlm.nih.gov/sos4/sra-pub-zq-1/ERR002/2167/ERR2167419/ERR2167419.lite.1,ERX2223861,uramsg,AMPLICON,PCR,METAGENOMIC,PAIRED,440,0,ILLUMINA,Illumina MiSeq,ERP104700,PRJEB22970,NA,640560,ERS1971083,SAMEA104346105,simple,9606,Homo sapiens,SAMEA104346105,NA,NA,NA,NA,NA,NA,no,NA,NA,NA,NA,COPENHAGEN UNIVERSITY,ERA1116214,NA,public,DACF04E063806CE95E941D0FFA07C8E6,0A73D96687E7DC226F9F953F8E1EF963,ERR2167419
ERR2167420,2020-06-19 17:48:37,2020-06-19 18:01:12,222636,131841827,222636,592,89,NA,https://sra-downloadb.be-md.ncbi.nlm.nih.gov/sos4/sra-pub-zq-1/ERR002/2167/ERR2167420/ERR2167420.lite.1,ERX2223862,uramsg,AMPLICON,PCR,METAGENOMIC,PAIRED,440,0,ILLUMINA,Illumina MiSeq,ERP104700,PRJEB22970,NA,640560,ERS1971084,SAMEA104346106,simple,9606,Homo sapiens,SAMEA104346106,NA,NA,NA,NA,NA,NA,no,NA,NA,NA,NA,COPENHAGEN UNIVERSITY,ERA1116214,NA,public,BB07E89708924B3659F32A08FB068F80,E3A820FB3781DA0A6D460B086A239496,ERR2167420
ERR2167421,2020-06-19 17:48:37,2020-06-19 18:01:21,260868,156329222,260868,599,105,NA,https://sra-downloadb.be-md.ncbi.nlm.nih.gov/sos4/sra-pub-zq-1/ERR002/2167/ERR2167421/ERR2167421.lite.1,ERX2223863,uramsg,AMPLICON,PCR,METAGENOMIC,PAIRED,440,0,ILLUMINA,Illumina MiSeq,ERP104700,PRJEB22970,NA,640560,ERS1971085,SAMEA104346107,simple,9606,Homo sapiens,SAMEA104346107,NA,NA,NA,NA,NA,NA,no,NA,NA,NA,NA,COPENHAGEN UNIVERSITY,ERA1116214,NA,public,C1C3FB95426F3BB4D07DA26F6039D5D3,2471055B70D3991E3710549EBC126A95,ERR2167421
ERR2167422,2020-06-19 17:48:37,2020-06-19 18:01:26,80736,48456794,80736,600,32,NA,https://sra-downloadb.be-md.ncbi.nlm.nih.gov/sos4/sra-pub-zq-1/ERR002/2167/ERR2167422/ERR2167422.lite.1,ERX2223864,uramsg,AMPLICON,PCR,METAGENOMIC,PAIRED,440,0,ILLUMINA,Illumina MiSeq,ERP104700,PRJEB22970,NA,640560,ERS1971086,SAMEA104346108,simple,9606,Homo sapiens,SAMEA104346108,NA,NA,NA,NA,NA,NA,no,NA,NA,NA,NA,COPENHAGEN UNIVERSITY,ERA1116214,NA,public,DDA7DB510852FD7AF66B65B21E6BEE8A,78AC34687DC0B2C85634AB273F17FFD6,ERR2167422
ERR2167423,2020-06-19 17:48:37,2020-06-19 18:01:42,228391,136919711,228391,599,93,NA,https://sra-downloadb.be-md.ncbi.nlm.nih.gov/sos4/sra-pub-zq-1/ERR002/2167/ERR2167423/ERR2167423.lite.1,ERX2223865,uramsg,AMPLICON,PCR,METAGENOMIC,PAIRED,440,0,ILLUMINA,Illumina MiSeq,ERP104700,PRJEB22970,NA,640560,ERS1971087,SAMEA104346109,simple,9606,Homo sapiens,SAMEA104346109,NA,NA,NA,NA,NA,NA,no,NA,NA,NA,NA,COPENHAGEN UNIVERSITY,ERA1116214,NA,public,EB48761DA579AFAD5C7ECECAC83DE728,79295D96D14C2E61C8D6EAA3DEA2E897,ERR2167423
ERR2167424,2020-06-19 17:48:37,2020-06-19 18:01:43,306765,182604319,306765,595,122,NA,https://sra-downloadb.be-md.ncbi.nlm.nih.gov/sos4/sra-pub-zq-1/ERR002/2167/ERR2167424/ERR2167424.lite.1,ERX2223866,uramsg,AMPLICON,PCR,METAGENOMIC,PAIRED,440,0,ILLUMINA,Illumina MiSeq,ERP104700,PRJEB22970,NA,640560,ERS1971088,SAMEA104346110,simple,9606,Homo sapiens,SAMEA104346110,NA,NA,NA,NA,NA,NA,no,NA,NA,NA,NA,COPENHAGEN UNIVERSITY,ERA1116214,NA,public,06A04D220BA317A83254018C9EDDE341,C5EE91057F45C1B1F514C2CDFF92A287,ERR2167424
ERR2167425,2020-06-19 17:48:37,2020-06-19 18:02:01,809052,480781609,809052,594,312,NA,https://sra-downloadb.be-md.ncbi.nlm.nih.gov/sos4/sra-pub-zq-1/ERR002/2167/ERR2167425/ERR2167425.lite.1,ERX2223867,uramsg,AMPLICON,PCR,METAGENOMIC,PAIRED,440,0,ILLUMINA,Illumina MiSeq,ERP104700,PRJEB22970,NA,640560,ERS1971089,SAMEA104346111,simple,9606,Homo sapiens,SAMEA104346111,NA,NA,NA,NA,NA,NA,no,NA,NA,NA,NA,COPENHAGEN UNIVERSITY,ERA1116214,NA,public,E2DC717E7E7118264D889CEF2931CC66,12DC7617FDD97F44387C9BFC133E018C,ERR2167425
ERR2167426,2020-06-19 17:48:37,2020-06-19 18:02:18,617059,368588917,617059,597,246,NA,https://sra-downloadb.be-md.ncbi.nlm.nih.gov/sos4/sra-pub-zq-1/ERR002/2167/ERR2167426/ERR2167426.lite.1,ERX2223868,uramsg,AMPLICON,PCR,METAGENOMIC,PAIRED,440,0,ILLUMINA,Illumina MiSeq,ERP104700,PRJEB22970,NA,640560,ERS1971090,SAMEA104346112,simple,9606,Homo sapiens,SAMEA104346112,NA,NA,NA,NA,NA,NA,no,NA,NA,NA,NA,COPENHAGEN UNIVERSITY,ERA1116214,NA,public,AC049B3CC0806131164B1583778DC913,44C17ED262AFAFA01C43DB7FB6FEA9E4,ERR2167426
ERR2167427,2020-06-19 17:48:37,2020-06-19 18:02:16,279228,165825802,279228,593,111,NA,https://sra-downloadb.be-md.ncbi.nlm.nih.gov/sos4/sra-pub-zq-1/ERR002/2167/ERR2167427/ERR2167427.lite.1,ERX2223869,uramsg,AMPLICON,PCR,METAGENOMIC,PAIRED,440,0,ILLUMINA,Illumina MiSeq,ERP104700,PRJEB22970,NA,640560,ERS1971091,SAMEA104346113,simple,9606,Homo sapiens,SAMEA104346113,NA,NA,NA,NA,NA,NA,no,NA,NA,NA,NA,COPENHAGEN UNIVERSITY,ERA1116214,NA,public,681A031DD0C9920738D4E11AE66AEAC2,5D8D908AC5FC8B712B829D20A60A29A9,ERR2167427
ERR2167428,2020-06-19 17:48:37,2020-06-19 18:02:28,139160,81986505,139160,589,55,NA,https://sra-downloadb.be-md.ncbi.nlm.nih.gov/sos4/sra-pub-zq-1/ERR002/2167/ERR2167428/ERR2167428.lite.1,ERX2223870,uramsg,AMPLICON,PCR,METAGENOMIC,PAIRED,440,0,ILLUMINA,Illumina MiSeq,ERP104700,PRJEB22970,NA,640560,ERS1971092,SAMEA104346114,simple,9606,Homo sapiens,SAMEA104346114,NA,NA,NA,NA,NA,NA,no,NA,NA,NA,NA,COPENHAGEN UNIVERSITY,ERA1116214,NA,public,C063EDC29C01D06160D7AB62EDBDC3F6,F4D896048436E9C54826EEF8A091CCCE,ERR2167428
ERR2168235,2020-06-19 17:50:48,2020-06-19 18:02:39,183468,110447736,183468,602,63,NA,https://sra-downloadb.be-md.ncbi.nlm.nih.gov/sos4/sra-pub-zq-1/ERR002/2168/ERR2168235/ERR2168235.lite.1,ERX2224677,uraspd,AMPLICON,PCR,METAGENOMIC,PAIRED,524,0,ILLUMINA,Illumina MiSeq,ERP104707,PRJEB22977,NA,640561,ERS1971593,SAMEA104346615,simple,9606,Homo sapiens,SAMEA104346615,NA,NA,NA,NA,NA,NA,no,NA,NA,NA,NA,COPENHAGEN UNIVERSITY,ERA1116241,NA,public,DA030532B1454EE553ABCDDAF074335A,2F796A777299560582D4FD8471AC6F9D,ERR2168235
ERR2168236,2020-06-19 17:50:48,2020-06-19 18:02:42,176040,105976080,176040,602,61,NA,https://sra-downloadb.be-md.ncbi.nlm.nih.gov/sos4/sra-pub-zq-1/ERR002/2168/ERR2168236/ERR2168236.lite.1,ERX2224678,uraspd,AMPLICON,PCR,METAGENOMIC,PAIRED,524,0,ILLUMINA,Illumina MiSeq,ERP104707,PRJEB22977,NA,640561,ERS1971594,SAMEA104346616,simple,9606,Homo sapiens,SAMEA104346616,NA,NA,NA,NA,NA,NA,no,NA,NA,NA,NA,COPENHAGEN UNIVERSITY,ERA1116241,NA,public,901FDFBA3FBF09C1751B8C1B78F5A207,E2B440C8CE85894B590720BDC386D6BA,ERR2168236
ERR2168237,2020-06-19 17:50:48,2020-06-19 18:02:56,198794,119673988,198794,602,68,NA,https://sra-downloadb.be-md.ncbi.nlm.nih.gov/sos4/sra-pub-zq-1/ERR002/2168/ERR2168237/ERR2168237.lite.1,ERX2224679,uraspd,AMPLICON,PCR,METAGENOMIC,PAIRED,524,0,ILLUMINA,Illumina MiSeq,ERP104707,PRJEB22977,NA,640561,ERS1971595,SAMEA104346617,simple,9606,Homo sapiens,SAMEA104346617,NA,NA,NA,NA,NA,NA,no,NA,NA,NA,NA,COPENHAGEN UNIVERSITY,ERA1116241,NA,public,B9B36490F369D98FCC91EA33890BCD90,099D875909F271DF0EA13139246BDD2B,ERR2168237
ERR2168238,2020-06-19 17:50:48,2020-06-19 18:02:56,169797,102217794,169797,602,59,NA,https://sra-downloadb.be-md.ncbi.nlm.nih.gov/sos4/sra-pub-zq-1/ERR002/2168/ERR2168238/ERR2168238.lite.1,ERX2224680,uraspd,AMPLICON,PCR,METAGENOMIC,PAIRED,524,0,ILLUMINA,Illumina MiSeq,ERP104707,PRJEB22977,NA,640561,ERS1971596,SAMEA104346618,simple,9606,Homo sapiens,SAMEA104346618,NA,NA,NA,NA,NA,NA,no,NA,NA,NA,NA,COPENHAGEN UNIVERSITY,ERA1116241,NA,public,BAC980398842F36736B0E29AC72F18BD,11288549E416E7A97B03F90F9812EBAC,ERR2168238
ERR2168239,2020-06-19 17:50:48,2020-06-19 18:03:39,202509,121910418,202509,602,70,NA,https://sra-downloadb.be-md.ncbi.nlm.nih.gov/sos4/sra-pub-zq-1/ERR002/2168/ERR2168239/ERR2168239.lite.1,ERX2224681,uraspd,AMPLICON,PCR,METAGENOMIC,PAIRED,524,0,ILLUMINA,Illumina MiSeq,ERP104707,PRJEB22977,NA,640561,ERS1971597,SAMEA104346619,simple,9606,Homo sapiens,SAMEA104346619,NA,NA,NA,NA,NA,NA,no,NA,NA,NA,NA,COPENHAGEN UNIVERSITY,ERA1116241,NA,public,75058BBF9DD7C7C19B729C57A6B213F5,6BEA505DBB75F8B7EEAF56EEC9B637C3,ERR2168239
ERR2168240,2020-06-19 17:50:48,2020-06-19 18:03:44,215809,129917018,215809,602,75,NA,https://sra-downloadb.be-md.ncbi.nlm.nih.gov/sos4/sra-pub-zq-1/ERR002/2168/ERR2168240/ERR2168240.lite.1,ERX2224682,uraspd,AMPLICON,PCR,METAGENOMIC,PAIRED,524,0,ILLUMINA,Illumina MiSeq,ERP104707,PRJEB22977,NA,640561,ERS1971598,SAMEA104346620,simple,9606,Homo sapiens,SAMEA104346620,NA,NA,NA,NA,NA,NA,no,NA,NA,NA,NA,COPENHAGEN UNIVERSITY,ERA1116241,NA,public,DB09ED15DDBC7294147D3C002F7F8CD9,4E15DECA03C7EF61C69F42AFEB5F293F,ERR2168240
ERR2168241,2020-06-19 17:50:48,2020-06-19 18:03:58,216918,130584636,216918,602,76,NA,https://sra-downloadb.be-md.ncbi.nlm.nih.gov/sos4/sra-pub-zq-1/ERR002/2168/ERR2168241/ERR2168241.lite.1,ERX2224683,uraspd,AMPLICON,PCR,METAGENOMIC,PAIRED,524,0,ILLUMINA,Illumina MiSeq,ERP104707,PRJEB22977,NA,640561,ERS1971599,SAMEA104346621,simple,9606,Homo sapiens,SAMEA104346621,NA,NA,NA,NA,NA,NA,no,NA,NA,NA,NA,COPENHAGEN UNIVERSITY,ERA1116241,NA,public,AE82766C3E370A72432841D105CA8644,B207A3FA126453AF27AF029A9A0A2FE8,ERR2168241
ERR2168242,2020-06-19 17:50:48,2020-06-19 18:04:14,102786,61877172,102786,602,34,NA,https://sra-downloadb.be-md.ncbi.nlm.nih.gov/sos4/sra-pub-zq-1/ERR002/2168/ERR2168242/ERR2168242.lite.1,ERX2224684,uraspd,AMPLICON,PCR,METAGENOMIC,PAIRED,524,0,ILLUMINA,Illumina MiSeq,ERP104707,PRJEB22977,NA,640561,ERS1971600,SAMEA104346622,simple,9606,Homo sapiens,SAMEA104346622,NA,NA,NA,NA,NA,NA,no,NA,NA,NA,NA,COPENHAGEN UNIVERSITY,ERA1116241,NA,public,712D085705AA31AFBBCA9AD1FD9117B6,B7AA1B7152D08B743B6E08C3643BBF4A,ERR2168242
ERR2168243,2020-06-19 17:50:48,2020-06-19 18:04:12,259257,156072714,259257,602,90,NA,https://sra-downloadb.be-md.ncbi.nlm.nih.gov/sos4/sra-pub-zq-1/ERR002/2168/ERR2168243/ERR2168243.lite.1,ERX2224685,uraspd,AMPLICON,PCR,METAGENOMIC,PAIRED,524,0,ILLUMINA,Illumina MiSeq,ERP104707,PRJEB22977,NA,640561,ERS1971601,SAMEA104346623,simple,9606,Homo sapiens,SAMEA104346623,NA,NA,NA,NA,NA,NA,no,NA,NA,NA,NA,COPENHAGEN UNIVERSITY,ERA1116241,NA,public,DB813F126E44D8CF68E8DD20FA48925E,8D8CC76F09F7A30AD44E021F31C80B6B,ERR2168243
ERR2168244,2020-06-19 17:50:48,2020-06-19 18:04:28,188781,113646162,188781,602,66,NA,https://sra-downloadb.be-md.ncbi.nlm.nih.gov/sos4/sra-pub-zq-1/ERR002/2168/ERR2168244/ERR2168244.lite.1,ERX2224686,uraspd,AMPLICON,PCR,METAGENOMIC,PAIRED,524,0,ILLUMINA,Illumina MiSeq,ERP104707,PRJEB22977,NA,640561,ERS1971602,SAMEA104346624,simple,9606,Homo sapiens,SAMEA104346624,NA,NA,NA,NA,NA,NA,no,NA,NA,NA,NA,COPENHAGEN UNIVERSITY,ERA1116241,NA,public,6230E0A24A6ABFFA3D92544C6EFD159D,7954B00A88A2E558091CF7968A45294D,ERR2168244
ERR2168245,2020-06-19 17:50:48,2020-06-19 18:04:29,213127,128302454,213127,602,74,NA,https://sra-downloadb.be-md.ncbi.nlm.nih.gov/sos4/sra-pub-zq-1/ERR002/2168/ERR2168245/ERR2168245.lite.1,ERX2224687,uraspd,AMPLICON,PCR,METAGENOMIC,PAIRED,524,0,ILLUMINA,Illumina MiSeq,ERP104707,PRJEB22977,NA,640561,ERS1971603,SAMEA104346625,simple,9606,Homo sapiens,SAMEA104346625,NA,NA,NA,NA,NA,NA,no,NA,NA,NA,NA,COPENHAGEN UNIVERSITY,ERA1116241,NA,public,84C95BABDC72812A0B729DAEC58C3CCF,D7FC30F94E17FF798086202208B35A1C,ERR2168245
ERR2168246,2020-06-19 17:50:48,2020-06-19 18:04:41,184050,110798100,184050,602,64,NA,https://sra-downloadb.be-md.ncbi.nlm.nih.gov/sos4/sra-pub-zq-1/ERR002/2168/ERR2168246/ERR2168246.lite.1,ERX2224688,uraspd,AMPLICON,PCR,METAGENOMIC,PAIRED,524,0,ILLUMINA,Illumina MiSeq,ERP104707,PRJEB22977,NA,640561,ERS1971604,SAMEA104346626,simple,9606,Homo sapiens,SAMEA104346626,NA,NA,NA,NA,NA,NA,no,NA,NA,NA,NA,COPENHAGEN UNIVERSITY,ERA1116241,NA,public,BBB9D7AE60392B06839AD98C108B5B92,E5A724C8AB34C8263900A7C8238129E1,ERR2168246
ERR2168247,2020-06-19 17:50:48,2020-06-19 18:04:42,207409,124860218,207409,602,72,NA,https://sra-downloadb.be-md.ncbi.nlm.nih.gov/sos4/sra-pub-zq-1/ERR002/2168/ERR2168247/ERR2168247.lite.1,ERX2224689,uraspd,AMPLICON,PCR,METAGENOMIC,PAIRED,524,0,ILLUMINA,Illumina MiSeq,ERP104707,PRJEB22977,NA,640561,ERS1971605,SAMEA104346627,simple,9606,Homo sapiens,SAMEA104346627,NA,NA,NA,NA,NA,NA,no,NA,NA,NA,NA,COPENHAGEN UNIVERSITY,ERA1116241,NA,public,D255660BBC87A99993BD81DDE75C706A,00A6645BE82E056EECE460E670D79EE4,ERR2168247
ERR2168248,2020-06-19 17:50:48,2020-06-19 18:04:56,242909,146231218,242909,602,86,NA,https://sra-downloadb.be-md.ncbi.nlm.nih.gov/sos4/sra-pub-zq-1/ERR002/2168/ERR2168248/ERR2168248.lite.1,ERX2224690,uraspd,AMPLICON,PCR,METAGENOMIC,PAIRED,524,0,ILLUMINA,Illumina MiSeq,ERP104707,PRJEB22977,NA,640561,ERS1971606,SAMEA104346628,simple,9606,Homo sapiens,SAMEA104346628,NA,NA,NA,NA,NA,NA,no,NA,NA,NA,NA,COPENHAGEN UNIVERSITY,ERA1116241,NA,public,F5AF2781833527AE1410E437B3735D5C,BDDA9AADC3EC40E0BA17EB86B0CB95C5,ERR2168248
ERR2168249,2020-06-19 17:50:48,2020-06-19 18:04:55,163549,98456498,163549,602,57,NA,https://sra-downloadb.be-md.ncbi.nlm.nih.gov/sos4/sra-pub-zq-1/ERR002/2168/ERR2168249/ERR2168249.lite.1,ERX2224691,uraspd,AMPLICON,PCR,METAGENOMIC,PAIRED,524,0,ILLUMINA,Illumina MiSeq,ERP104707,PRJEB22977,NA,640561,ERS1971607,SAMEA104346629,simple,9606,Homo sapiens,SAMEA104346629,NA,NA,NA,NA,NA,NA,no,NA,NA,NA,NA,COPENHAGEN UNIVERSITY,ERA1116241,NA,public,08CA61B33BE99B9466F411DAC797A21B,21C26F24B05728361BD4C7C0F0D7BCB8,ERR2168249
ERR2168250,2020-06-19 17:50:48,2020-06-19 18:05:10,227074,136698548,227074,602,79,NA,https://sra-downloadb.be-md.ncbi.nlm.nih.gov/sos4/sra-pub-zq-1/ERR002/2168/ERR2168250/ERR2168250.lite.1,ERX2224692,uraspd,AMPLICON,PCR,METAGENOMIC,PAIRED,524,0,ILLUMINA,Illumina MiSeq,ERP104707,PRJEB22977,NA,640561,ERS1971608,SAMEA104346630,simple,9606,Homo sapiens,SAMEA104346630,NA,NA,NA,NA,NA,NA,no,NA,NA,NA,NA,COPENHAGEN UNIVERSITY,ERA1116241,NA,public,F100D4C24B422202E06CFE881B6087B7,F1380E1138C32966F2599FA26CA0CCC6,ERR2168250
ERR2168251,2020-06-19 17:50:48,2020-06-19 18:05:09,160899,96861198,160899,602,54,NA,https://sra-downloadb.be-md.ncbi.nlm.nih.gov/sos4/sra-pub-zq-1/ERR002/2168/ERR2168251/ERR2168251.lite.1,ERX2224693,uraspd,AMPLICON,PCR,METAGENOMIC,PAIRED,524,0,ILLUMINA,Illumina MiSeq,ERP104707,PRJEB22977,NA,640561,ERS1971609,SAMEA104346631,simple,9606,Homo sapiens,SAMEA104346631,NA,NA,NA,NA,NA,NA,no,NA,NA,NA,NA,COPENHAGEN UNIVERSITY,ERA1116241,NA,public,726314463D27CE79B81C50B2407B10AD,DEA038AF3104D7684FBCBB7DB45A62DE,ERR2168251
ERR2168252,2020-06-19 17:50:48,2020-06-19 18:05:22,205322,123603844,205322,602,73,NA,https://sra-downloadb.be-md.ncbi.nlm.nih.gov/sos4/sra-pub-zq-1/ERR002/2168/ERR2168252/ERR2168252.lite.1,ERX2224694,uraspd,AMPLICON,PCR,METAGENOMIC,PAIRED,524,0,ILLUMINA,Illumina MiSeq,ERP104707,PRJEB22977,NA,640561,ERS1971610,SAMEA104346632,simple,9606,Homo sapiens,SAMEA104346632,NA,NA,NA,NA,NA,NA,no,NA,NA,NA,NA,COPENHAGEN UNIVERSITY,ERA1116241,NA,public,522169E132525FBCC2DBC5174A298C96,5454BC66C6692A1DA2508F4F9338BFBE,ERR2168252
ERR2168253,2020-06-19 17:50:48,2020-06-19 18:05:23,242021,145696642,242021,602,83,NA,https://sra-downloadb.be-md.ncbi.nlm.nih.gov/sos4/sra-pub-zq-1/ERR002/2168/ERR2168253/ERR2168253.lite.1,ERX2224695,uraspd,AMPLICON,PCR,METAGENOMIC,PAIRED,524,0,ILLUMINA,Illumina MiSeq,ERP104707,PRJEB22977,NA,640561,ERS1971611,SAMEA104346633,simple,9606,Homo sapiens,SAMEA104346633,NA,NA,NA,NA,NA,NA,no,NA,NA,NA,NA,COPENHAGEN UNIVERSITY,ERA1116241,NA,public,78919CE1200FCAE63386476578BB608E,7E861C3B72D2E5A21CDF2DD60CF4F032,ERR2168253
ERR2168254,2020-06-19 17:50:48,2020-06-19 18:05:37,195337,117592874,195337,602,66,NA,https://sra-downloadb.be-md.ncbi.nlm.nih.gov/sos4/sra-pub-zq-1/ERR002/2168/ERR2168254/ERR2168254.lite.1,ERX2224696,uraspd,AMPLICON,PCR,METAGENOMIC,PAIRED,524,0,ILLUMINA,Illumina MiSeq,ERP104707,PRJEB22977,NA,640561,ERS1971612,SAMEA104346634,simple,9606,Homo sapiens,SAMEA104346634,NA,NA,NA,NA,NA,NA,no,NA,NA,NA,NA,COPENHAGEN UNIVERSITY,ERA1116241,NA,public,A264F12DD035BCE9E686AE3FAAA153EA,BA766DACFBA14FF09B813779B6527B8A,ERR2168254
ERR2168255,2020-06-19 17:50:48,2020-06-19 18:05:52,197367,118814934,197367,602,69,NA,https://sra-downloadb.be-md.ncbi.nlm.nih.gov/sos4/sra-pub-zq-1/ERR002/2168/ERR2168255/ERR2168255.lite.1,ERX2224697,uraspd,AMPLICON,PCR,METAGENOMIC,PAIRED,524,0,ILLUMINA,Illumina MiSeq,ERP104707,PRJEB22977,NA,640561,ERS1971613,SAMEA104346635,simple,9606,Homo sapiens,SAMEA104346635,NA,NA,NA,NA,NA,NA,no,NA,NA,NA,NA,COPENHAGEN UNIVERSITY,ERA1116241,NA,public,D835648F0C28E81A2E67057EA97F7A12,693B8673EA332B9FCC3B5925E25CD715,ERR2168255
ERR2168256,2020-06-19 17:50:48,2020-06-19 18:06:03,52960,31881920,52960,602,18,NA,https://sra-downloadb.be-md.ncbi.nlm.nih.gov/sos4/sra-pub-zq-1/ERR002/2168/ERR2168256/ERR2168256.lite.1,ERX2224698,uraspd,AMPLICON,PCR,METAGENOMIC,PAIRED,524,0,ILLUMINA,Illumina MiSeq,ERP104707,PRJEB22977,NA,640561,ERS1971614,SAMEA104346636,simple,9606,Homo sapiens,SAMEA104346636,NA,NA,NA,NA,NA,NA,no,NA,NA,NA,NA,COPENHAGEN UNIVERSITY,ERA1116241,NA,public,B5DF607AF96600DC1FCB47DD236BCE46,CFD5069BCCA84C55A8B82BD816877A62,ERR2168256
ERR2168257,2020-06-19 17:50:48,2020-06-19 18:06:16,182655,109958310,182655,602,63,NA,https://sra-downloadb.be-md.ncbi.nlm.nih.gov/sos4/sra-pub-zq-1/ERR002/2168/ERR2168257/ERR2168257.lite.1,ERX2224699,uraspd,AMPLICON,PCR,METAGENOMIC,PAIRED,524,0,ILLUMINA,Illumina MiSeq,ERP104707,PRJEB22977,NA,640561,ERS1971615,SAMEA104346637,simple,9606,Homo sapiens,SAMEA104346637,NA,NA,NA,NA,NA,NA,no,NA,NA,NA,NA,COPENHAGEN UNIVERSITY,ERA1116241,NA,public,64603318326CD4D41C817833F12B636F,DD249CB89BA647A0C64838C9B129E862,ERR2168257
ERR2168258,2020-06-19 17:50:48,2020-06-19 18:06:36,263019,158337438,263019,602,90,NA,https://sra-downloadb.be-md.ncbi.nlm.nih.gov/sos4/sra-pub-zq-1/ERR002/2168/ERR2168258/ERR2168258.lite.1,ERX2224700,uraspd,AMPLICON,PCR,METAGENOMIC,PAIRED,524,0,ILLUMINA,Illumina MiSeq,ERP104707,PRJEB22977,NA,640561,ERS1971616,SAMEA104346638,simple,9606,Homo sapiens,SAMEA104346638,NA,NA,NA,NA,NA,NA,no,NA,NA,NA,NA,COPENHAGEN UNIVERSITY,ERA1116241,NA,public,05351A1743A20A509EB022E4505CB23E,0788C8602FA0A5DCA514F5EDD0D1818E,ERR2168258
ERR2168259,2020-06-19 17:50:48,2020-06-19 18:06:49,235171,141572942,235171,602,80,NA,https://sra-downloadb.be-md.ncbi.nlm.nih.gov/sos4/sra-pub-zq-1/ERR002/2168/ERR2168259/ERR2168259.lite.1,ERX2224701,uraspd,AMPLICON,PCR,METAGENOMIC,PAIRED,524,0,ILLUMINA,Illumina MiSeq,ERP104707,PRJEB22977,NA,640561,ERS1971617,SAMEA104346639,simple,9606,Homo sapiens,SAMEA104346639,NA,NA,NA,NA,NA,NA,no,NA,NA,NA,NA,COPENHAGEN UNIVERSITY,ERA1116241,NA,public,891B34CE4D1AD0885BB337DCA873B72E,DC2239113FBE83494E1E61EC814AF039,ERR2168259
ERR2168260,2020-06-19 17:50:48,2020-06-19 18:07:02,166581,100281762,166581,602,55,NA,https://sra-downloadb.be-md.ncbi.nlm.nih.gov/sos4/sra-pub-zq-1/ERR002/2168/ERR2168260/ERR2168260.lite.1,ERX2224702,uraspd,AMPLICON,PCR,METAGENOMIC,PAIRED,524,0,ILLUMINA,Illumina MiSeq,ERP104707,PRJEB22977,NA,640561,ERS1971618,SAMEA104346640,simple,9606,Homo sapiens,SAMEA104346640,NA,NA,NA,NA,NA,NA,no,NA,NA,NA,NA,COPENHAGEN UNIVERSITY,ERA1116241,NA,public,08162AD59564495E6F4D67A6ABD067D8,A40ACE0E17AD73C47305CE6E172EF99A,ERR2168260
ERR2168261,2020-06-19 17:50:48,2020-06-19 18:07:21,241215,145211430,241215,602,83,NA,https://sra-downloadb.be-md.ncbi.nlm.nih.gov/sos4/sra-pub-zq-1/ERR002/2168/ERR2168261/ERR2168261.lite.1,ERX2224703,uraspd,AMPLICON,PCR,METAGENOMIC,PAIRED,524,0,ILLUMINA,Illumina MiSeq,ERP104707,PRJEB22977,NA,640561,ERS1971619,SAMEA104346641,simple,9606,Homo sapiens,SAMEA104346641,NA,NA,NA,NA,NA,NA,no,NA,NA,NA,NA,COPENHAGEN UNIVERSITY,ERA1116241,NA,public,9917196D4F57F96CD5334FA1949BECB9,8E813CA7F84BAF162D974CDD9275FBCC,ERR2168261
ERR2168262,2020-06-19 17:50:48,2020-06-19 18:07:34,225642,135836484,225642,602,79,NA,https://sra-downloadb.be-md.ncbi.nlm.nih.gov/sos4/sra-pub-zq-1/ERR002/2168/ERR2168262/ERR2168262.lite.1,ERX2224704,uraspd,AMPLICON,PCR,METAGENOMIC,PAIRED,524,0,ILLUMINA,Illumina MiSeq,ERP104707,PRJEB22977,NA,640561,ERS1971620,SAMEA104346642,simple,9606,Homo sapiens,SAMEA104346642,NA,NA,NA,NA,NA,NA,no,NA,NA,NA,NA,COPENHAGEN UNIVERSITY,ERA1116241,NA,public,49A0F9FEF80E5ECE17188C26DD44CB68,8877F0F0B04F0B858F61541141EDFEEE,ERR2168262
ERR2168263,2020-06-19 17:50:48,2020-06-19 18:07:34,259922,156473044,259922,602,88,NA,https://sra-downloadb.be-md.ncbi.nlm.nih.gov/sos4/sra-pub-zq-1/ERR002/2168/ERR2168263/ERR2168263.lite.1,ERX2224705,uraspd,AMPLICON,PCR,METAGENOMIC,PAIRED,524,0,ILLUMINA,Illumina MiSeq,ERP104707,PRJEB22977,NA,640561,ERS1971621,SAMEA104346643,simple,9606,Homo sapiens,SAMEA104346643,NA,NA,NA,NA,NA,NA,no,NA,NA,NA,NA,COPENHAGEN UNIVERSITY,ERA1116241,NA,public,C3B2C40188209141E89848396ACD56F0,9DE819CE75315C370647D208F0F823FA,ERR2168263
ERR2168264,2020-06-19 17:50:48,2020-06-19 18:07:48,319102,192099404,319102,602,110,NA,https://sra-downloadb.be-md.ncbi.nlm.nih.gov/sos4/sra-pub-zq-1/ERR002/2168/ERR2168264/ERR2168264.lite.1,ERX2224706,uraspd,AMPLICON,PCR,METAGENOMIC,PAIRED,524,0,ILLUMINA,Illumina MiSeq,ERP104707,PRJEB22977,NA,640561,ERS1971622,SAMEA104346644,simple,9606,Homo sapiens,SAMEA104346644,NA,NA,NA,NA,NA,NA,no,NA,NA,NA,NA,COPENHAGEN UNIVERSITY,ERA1116241,NA,public,2313504735D9D29C2BE9AAF1E988C5F3,DD86E512DC29E0E7AD935B2CFCA78AB0,ERR2168264
ERR2168265,2020-06-19 17:50:48,2020-06-19 18:07:47,138405,83319810,138405,602,48,NA,https://sra-downloadb.be-md.ncbi.nlm.nih.gov/sos4/sra-pub-zq-1/ERR002/2168/ERR2168265/ERR2168265.lite.1,ERX2224707,uraspd,AMPLICON,PCR,METAGENOMIC,PAIRED,524,0,ILLUMINA,Illumina MiSeq,ERP104707,PRJEB22977,NA,640561,ERS1971623,SAMEA104346645,simple,9606,Homo sapiens,SAMEA104346645,NA,NA,NA,NA,NA,NA,no,NA,NA,NA,NA,COPENHAGEN UNIVERSITY,ERA1116241,NA,public,F4DA04905759772CEEA74606017B44E3,D1A96EAAE1067E9A9C092D3EF4134ACD,ERR2168265
ERR2168266,2020-06-19 17:50:48,2020-06-19 18:08:01,186059,112007518,186059,602,64,NA,https://sra-downloadb.be-md.ncbi.nlm.nih.gov/sos4/sra-pub-zq-1/ERR002/2168/ERR2168266/ERR2168266.lite.1,ERX2224708,uraspd,AMPLICON,PCR,METAGENOMIC,PAIRED,524,0,ILLUMINA,Illumina MiSeq,ERP104707,PRJEB22977,NA,640561,ERS1971624,SAMEA104346646,simple,9606,Homo sapiens,SAMEA104346646,NA,NA,NA,NA,NA,NA,no,NA,NA,NA,NA,COPENHAGEN UNIVERSITY,ERA1116241,NA,public,60CD6BA127DC6649CEACE8302A890C99,2DAD3B3B18AE277DF22F6F282DFDB891,ERR2168266
ERR2168267,2020-06-19 17:50:48,2020-06-19 18:08:01,191036,115003672,191036,602,65,NA,https://sra-downloadb.be-md.ncbi.nlm.nih.gov/sos4/sra-pub-zq-1/ERR002/2168/ERR2168267/ERR2168267.lite.1,ERX2224709,uraspd,AMPLICON,PCR,METAGENOMIC,PAIRED,524,0,ILLUMINA,Illumina MiSeq,ERP104707,PRJEB22977,NA,640561,ERS1971625,SAMEA104346647,simple,9606,Homo sapiens,SAMEA104346647,NA,NA,NA,NA,NA,NA,no,NA,NA,NA,NA,COPENHAGEN UNIVERSITY,ERA1116241,NA,public,23FFDB924E1C07473A6FC0613966D890,0F2968828AEF8866D16274DBF75228CA,ERR2168267
ERR2168268,2020-06-19 17:50:48,2020-06-19 18:08:14,153019,92117438,153019,602,53,NA,https://sra-downloadb.be-md.ncbi.nlm.nih.gov/sos4/sra-pub-zq-1/ERR002/2168/ERR2168268/ERR2168268.lite.1,ERX2224710,uraspd,AMPLICON,PCR,METAGENOMIC,PAIRED,524,0,ILLUMINA,Illumina MiSeq,ERP104707,PRJEB22977,NA,640561,ERS1971626,SAMEA104346648,simple,9606,Homo sapiens,SAMEA104346648,NA,NA,NA,NA,NA,NA,no,NA,NA,NA,NA,COPENHAGEN UNIVERSITY,ERA1116241,NA,public,B7F48373C65EB3651A2FA6BD740B0675,DA1C9DD570B8E98B00EC9AAC6D35F190,ERR2168268
ERR2168269,2020-06-19 17:50:48,2020-06-19 18:08:23,236196,142189992,236196,602,83,NA,https://sra-downloadb.be-md.ncbi.nlm.nih.gov/sos4/sra-pub-zq-1/ERR002/2168/ERR2168269/ERR2168269.lite.1,ERX2224711,uraspd,AMPLICON,PCR,METAGENOMIC,PAIRED,524,0,ILLUMINA,Illumina MiSeq,ERP104707,PRJEB22977,NA,640561,ERS1971627,SAMEA104346649,simple,9606,Homo sapiens,SAMEA104346649,NA,NA,NA,NA,NA,NA,no,NA,NA,NA,NA,COPENHAGEN UNIVERSITY,ERA1116241,NA,public,1157E0AB243AB7777593FF03B8607D81,61315806F995F7DC2083D1659EB46884,ERR2168269
ERR2168270,2020-06-19 17:50:48,2020-06-19 18:08:27,204237,122950674,204237,602,71,NA,https://sra-downloadb.be-md.ncbi.nlm.nih.gov/sos4/sra-pub-zq-1/ERR002/2168/ERR2168270/ERR2168270.lite.1,ERX2224712,uraspd,AMPLICON,PCR,METAGENOMIC,PAIRED,524,0,ILLUMINA,Illumina MiSeq,ERP104707,PRJEB22977,NA,640561,ERS1971628,SAMEA104346650,simple,9606,Homo sapiens,SAMEA104346650,NA,NA,NA,NA,NA,NA,no,NA,NA,NA,NA,COPENHAGEN UNIVERSITY,ERA1116241,NA,public,BB082C9AD8FB5A2A98E5E7679B628159,3D55AC9DE3496C59F2828EB936E4A3B7,ERR2168270
ERR2168271,2020-06-19 17:50:48,2020-06-19 18:08:44,240453,144752706,240453,602,85,NA,https://sra-downloadb.be-md.ncbi.nlm.nih.gov/sos4/sra-pub-zq-1/ERR002/2168/ERR2168271/ERR2168271.lite.1,ERX2224713,uraspd,AMPLICON,PCR,METAGENOMIC,PAIRED,524,0,ILLUMINA,Illumina MiSeq,ERP104707,PRJEB22977,NA,640561,ERS1971629,SAMEA104346651,simple,9606,Homo sapiens,SAMEA104346651,NA,NA,NA,NA,NA,NA,no,NA,NA,NA,NA,COPENHAGEN UNIVERSITY,ERA1116241,NA,public,AD9CEA62C809413A4CF972526B1B7745,C2E4A8B06901F8F6C9F6CB8D221CC875,ERR2168271
ERR2168272,2020-06-19 17:50:48,2020-06-19 18:08:45,190794,114857988,190794,602,67,NA,https://sra-downloadb.be-md.ncbi.nlm.nih.gov/sos4/sra-pub-zq-1/ERR002/2168/ERR2168272/ERR2168272.lite.1,ERX2224714,uraspd,AMPLICON,PCR,METAGENOMIC,PAIRED,524,0,ILLUMINA,Illumina MiSeq,ERP104707,PRJEB22977,NA,640561,ERS1971630,SAMEA104346652,simple,9606,Homo sapiens,SAMEA104346652,NA,NA,NA,NA,NA,NA,no,NA,NA,NA,NA,COPENHAGEN UNIVERSITY,ERA1116241,NA,public,C0B84ADFFB545E8F4786C257B26061BD,1C86B908DF49B91CC01625AF67DEB5B9,ERR2168272
ERR2168273,2020-06-19 17:50:48,2020-06-19 18:09:00,216936,130595472,216936,602,76,NA,https://sra-downloadb.be-md.ncbi.nlm.nih.gov/sos4/sra-pub-zq-1/ERR002/2168/ERR2168273/ERR2168273.lite.1,ERX2224715,uraspd,AMPLICON,PCR,METAGENOMIC,PAIRED,524,0,ILLUMINA,Illumina MiSeq,ERP104707,PRJEB22977,NA,640561,ERS1971631,SAMEA104346653,simple,9606,Homo sapiens,SAMEA104346653,NA,NA,NA,NA,NA,NA,no,NA,NA,NA,NA,COPENHAGEN UNIVERSITY,ERA1116241,NA,public,6941769D5AE3CD2B8ED46EC1692B8C4E,2FF72066895FDAA41DEFC12F6EF7354F,ERR2168273
ERR2168274,2020-06-19 17:50:48,2020-06-19 18:09:05,213669,128628738,213669,602,74,NA,https://sra-downloadb.be-md.ncbi.nlm.nih.gov/sos4/sra-pub-zq-1/ERR002/2168/ERR2168274/ERR2168274.lite.1,ERX2224716,uraspd,AMPLICON,PCR,METAGENOMIC,PAIRED,524,0,ILLUMINA,Illumina MiSeq,ERP104707,PRJEB22977,NA,640561,ERS1971632,SAMEA104346654,simple,9606,Homo sapiens,SAMEA104346654,NA,NA,NA,NA,NA,NA,no,NA,NA,NA,NA,COPENHAGEN UNIVERSITY,ERA1116241,NA,public,89F00D08F126ACD525BD58AB0514683B,827AAC743B12E10E55FC0831DACB1BDF,ERR2168274
ERR2168275,2020-06-19 17:50:48,2020-06-19 18:09:22,251593,151458986,251593,602,88,NA,https://sra-downloadb.be-md.ncbi.nlm.nih.gov/sos4/sra-pub-zq-1/ERR002/2168/ERR2168275/ERR2168275.lite.1,ERX2224717,uraspd,AMPLICON,PCR,METAGENOMIC,PAIRED,524,0,ILLUMINA,Illumina MiSeq,ERP104707,PRJEB22977,NA,640561,ERS1971633,SAMEA104346655,simple,9606,Homo sapiens,SAMEA104346655,NA,NA,NA,NA,NA,NA,no,NA,NA,NA,NA,COPENHAGEN UNIVERSITY,ERA1116241,NA,public,31EF009432360253C1461C70D6CE7C05,9193FDFD9431A95DAA321BDB4AC60D3B,ERR2168275
ERR2168276,2020-06-19 17:50:48,2020-06-19 18:09:44,176243,106098286,176243,602,61,NA,https://sra-downloadb.be-md.ncbi.nlm.nih.gov/sos4/sra-pub-zq-1/ERR002/2168/ERR2168276/ERR2168276.lite.1,ERX2224718,uraspd,AMPLICON,PCR,METAGENOMIC,PAIRED,524,0,ILLUMINA,Illumina MiSeq,ERP104707,PRJEB22977,NA,640561,ERS1971634,SAMEA104346656,simple,9606,Homo sapiens,SAMEA104346656,NA,NA,NA,NA,NA,NA,no,NA,NA,NA,NA,COPENHAGEN UNIVERSITY,ERA1116241,NA,public,7CB54B1D971D68A9F0578524654C25F5,EE38D5598E6A6A7FC9ECE8582AAECE9C,ERR2168276
ERR2168277,2020-06-19 17:50:48,2020-06-19 18:09:57,206660,124409320,206660,602,71,NA,https://sra-downloadb.be-md.ncbi.nlm.nih.gov/sos4/sra-pub-zq-1/ERR002/2168/ERR2168277/ERR2168277.lite.1,ERX2224719,uraspd,AMPLICON,PCR,METAGENOMIC,PAIRED,524,0,ILLUMINA,Illumina MiSeq,ERP104707,PRJEB22977,NA,640561,ERS1971635,SAMEA104346657,simple,9606,Homo sapiens,SAMEA104346657,NA,NA,NA,NA,NA,NA,no,NA,NA,NA,NA,COPENHAGEN UNIVERSITY,ERA1116241,NA,public,5120618DA52EFFA0E6CBB7161E121948,06BCD918F550043FFA7E97DD1096B089,ERR2168277
ERR2168278,2020-06-19 17:50:48,2020-06-19 18:10:13,185166,111469932,185166,602,64,NA,https://sra-downloadb.be-md.ncbi.nlm.nih.gov/sos4/sra-pub-zq-1/ERR002/2168/ERR2168278/ERR2168278.lite.1,ERX2224720,uraspd,AMPLICON,PCR,METAGENOMIC,PAIRED,524,0,ILLUMINA,Illumina MiSeq,ERP104707,PRJEB22977,NA,640561,ERS1971636,SAMEA104346658,simple,9606,Homo sapiens,SAMEA104346658,NA,NA,NA,NA,NA,NA,no,NA,NA,NA,NA,COPENHAGEN UNIVERSITY,ERA1116241,NA,public,ACC6CCB0C02DA4EB26EE56C6F157D004,27A1E95EE19444F620C0E853AA23434A,ERR2168278
ERR2168279,2020-06-19 17:50:48,2020-06-19 18:10:30,251122,151175444,251122,602,88,NA,https://sra-downloadb.be-md.ncbi.nlm.nih.gov/sos4/sra-pub-zq-1/ERR002/2168/ERR2168279/ERR2168279.lite.1,ERX2224721,uraspd,AMPLICON,PCR,METAGENOMIC,PAIRED,524,0,ILLUMINA,Illumina MiSeq,ERP104707,PRJEB22977,NA,640561,ERS1971637,SAMEA104346659,simple,9606,Homo sapiens,SAMEA104346659,NA,NA,NA,NA,NA,NA,no,NA,NA,NA,NA,COPENHAGEN UNIVERSITY,ERA1116241,NA,public,CE9E27B1594A08A388159C48310D3940,C48A71A2D4D6B8A4A600E650BB88849B,ERR2168279
ERR2168280,2020-06-19 17:50:48,2020-06-19 18:10:51,218661,131633922,218661,602,77,NA,https://sra-downloadb.be-md.ncbi.nlm.nih.gov/sos4/sra-pub-zq-1/ERR002/2168/ERR2168280/ERR2168280.lite.1,ERX2224722,uraspd,AMPLICON,PCR,METAGENOMIC,PAIRED,524,0,ILLUMINA,Illumina MiSeq,ERP104707,PRJEB22977,NA,640561,ERS1971638,SAMEA104346660,simple,9606,Homo sapiens,SAMEA104346660,NA,NA,NA,NA,NA,NA,no,NA,NA,NA,NA,COPENHAGEN UNIVERSITY,ERA1116241,NA,public,1C9BD820A28865BC154941C486EFE66C,A2A200AD4D432435A90CB587199F81DA,ERR2168280
ERR2168281,2020-06-19 17:50:48,2020-06-19 18:10:48,191957,115558114,191957,602,67,NA,https://sra-downloadb.be-md.ncbi.nlm.nih.gov/sos4/sra-pub-zq-1/ERR002/2168/ERR2168281/ERR2168281.lite.1,ERX2224723,uraspd,AMPLICON,PCR,METAGENOMIC,PAIRED,524,0,ILLUMINA,Illumina MiSeq,ERP104707,PRJEB22977,NA,640561,ERS1971639,SAMEA104346661,simple,9606,Homo sapiens,SAMEA104346661,NA,NA,NA,NA,NA,NA,no,NA,NA,NA,NA,COPENHAGEN UNIVERSITY,ERA1116241,NA,public,11CD4C741C03BBBA476D5F32648C579F,6BF15F2EF7C999FC1B02FEA6BADC5E34,ERR2168281
ERR2168282,2020-06-19 17:50:48,2020-06-19 18:11:04,358089,215569578,358089,602,120,NA,https://sra-downloadb.be-md.ncbi.nlm.nih.gov/sos4/sra-pub-zq-1/ERR002/2168/ERR2168282/ERR2168282.lite.1,ERX2224724,uraspd,AMPLICON,PCR,METAGENOMIC,PAIRED,524,0,ILLUMINA,Illumina MiSeq,ERP104707,PRJEB22977,NA,640561,ERS1971640,SAMEA104346662,simple,9606,Homo sapiens,SAMEA104346662,NA,NA,NA,NA,NA,NA,no,NA,NA,NA,NA,COPENHAGEN UNIVERSITY,ERA1116241,NA,public,6DC3FA8994A8C9DAC50048E59C22F1B8,C3D7975E20FA77315D91FE9AE5162890,ERR2168282
ERR2168283,2020-06-19 17:50:48,2020-06-19 18:11:13,393389,236820178,393389,602,132,NA,https://sra-downloadb.be-md.ncbi.nlm.nih.gov/sos4/sra-pub-zq-1/ERR002/2168/ERR2168283/ERR2168283.lite.1,ERX2224725,uraspd,AMPLICON,PCR,METAGENOMIC,PAIRED,524,0,ILLUMINA,Illumina MiSeq,ERP104707,PRJEB22977,NA,640561,ERS1971641,SAMEA104346663,simple,9606,Homo sapiens,SAMEA104346663,NA,NA,NA,NA,NA,NA,no,NA,NA,NA,NA,COPENHAGEN UNIVERSITY,ERA1116241,NA,public,8EC800C37BB54ED439144A26186B66C8,2D38ADF4E3108F471743DA7466D87533,ERR2168283
ERR2168284,2020-06-19 17:50:48,2020-06-19 18:11:27,454336,273510272,454336,602,153,NA,https://sra-downloadb.be-md.ncbi.nlm.nih.gov/sos4/sra-pub-zq-1/ERR002/2168/ERR2168284/ERR2168284.lite.1,ERX2224726,uraspd,AMPLICON,PCR,METAGENOMIC,PAIRED,524,0,ILLUMINA,Illumina MiSeq,ERP104707,PRJEB22977,NA,640561,ERS1971642,SAMEA104346664,simple,9606,Homo sapiens,SAMEA104346664,NA,NA,NA,NA,NA,NA,no,NA,NA,NA,NA,COPENHAGEN UNIVERSITY,ERA1116241,NA,public,C033A74524F715BAB94938C3E2AEA682,F78A496128F67811C2B8779C6C4E8BDE,ERR2168284
ERR2168285,2020-06-19 17:50:48,2020-06-19 18:11:32,420732,253280664,420732,602,141,NA,https://sra-downloadb.be-md.ncbi.nlm.nih.gov/sos4/sra-pub-zq-1/ERR002/2168/ERR2168285/ERR2168285.lite.1,ERX2224727,uraspd,AMPLICON,PCR,METAGENOMIC,PAIRED,524,0,ILLUMINA,Illumina MiSeq,ERP104707,PRJEB22977,NA,640561,ERS1971643,SAMEA104346665,simple,9606,Homo sapiens,SAMEA104346665,NA,NA,NA,NA,NA,NA,no,NA,NA,NA,NA,COPENHAGEN UNIVERSITY,ERA1116241,NA,public,EB3113B23A4757951FB2D9FE32AD385F,73539C4CDEBC5234DFE549C15A24E1BD,ERR2168285
ERR2168286,2020-06-19 17:50:48,2020-06-19 18:11:45,360436,216982472,360436,602,121,NA,https://sra-downloadb.be-md.ncbi.nlm.nih.gov/sos4/sra-pub-zq-1/ERR002/2168/ERR2168286/ERR2168286.lite.1,ERX2224728,uraspd,AMPLICON,PCR,METAGENOMIC,PAIRED,524,0,ILLUMINA,Illumina MiSeq,ERP104707,PRJEB22977,NA,640561,ERS1971644,SAMEA104346666,simple,9606,Homo sapiens,SAMEA104346666,NA,NA,NA,NA,NA,NA,no,NA,NA,NA,NA,COPENHAGEN UNIVERSITY,ERA1116241,NA,public,796EAD5AE27BD88A76655ABB1D18BFFD,F272DA40595AF835E5A07BD4903569AA,ERR2168286
ERR2168287,2020-06-19 17:50:48,2020-06-19 18:11:55,446229,268629858,446229,602,150,NA,https://sra-downloadb.be-md.ncbi.nlm.nih.gov/sos4/sra-pub-zq-1/ERR002/2168/ERR2168287/ERR2168287.lite.1,ERX2224729,uraspd,AMPLICON,PCR,METAGENOMIC,PAIRED,524,0,ILLUMINA,Illumina MiSeq,ERP104707,PRJEB22977,NA,640561,ERS1971645,SAMEA104346667,simple,9606,Homo sapiens,SAMEA104346667,NA,NA,NA,NA,NA,NA,no,NA,NA,NA,NA,COPENHAGEN UNIVERSITY,ERA1116241,NA,public,DACCDC3A2EADCD6802F3DA833DCF34B5,907763F3FB5EDF1F83F12FED4BFF71F2,ERR2168287
ERR2168288,2020-06-19 17:50:48,2020-06-19 18:12:03,482096,290221792,482096,602,162,NA,https://sra-downloadb.be-md.ncbi.nlm.nih.gov/sos4/sra-pub-zq-1/ERR002/2168/ERR2168288/ERR2168288.lite.1,ERX2224730,uraspd,AMPLICON,PCR,METAGENOMIC,PAIRED,524,0,ILLUMINA,Illumina MiSeq,ERP104707,PRJEB22977,NA,640561,ERS1971646,SAMEA104346668,simple,9606,Homo sapiens,SAMEA104346668,NA,NA,NA,NA,NA,NA,no,NA,NA,NA,NA,COPENHAGEN UNIVERSITY,ERA1116241,NA,public,FF0CF0E6A1E4197CF27AF8FFD3FC0246,3DE711199652BAEB44A464F14B2FCBEC,ERR2168288
ERR2168289,2020-06-19 17:50:48,2020-06-19 18:12:12,447638,269478076,447638,602,150,NA,https://sra-downloadb.be-md.ncbi.nlm.nih.gov/sos4/sra-pub-zq-1/ERR002/2168/ERR2168289/ERR2168289.lite.1,ERX2224731,uraspd,AMPLICON,PCR,METAGENOMIC,PAIRED,524,0,ILLUMINA,Illumina MiSeq,ERP104707,PRJEB22977,NA,640561,ERS1971647,SAMEA104346669,simple,9606,Homo sapiens,SAMEA104346669,NA,NA,NA,NA,NA,NA,no,NA,NA,NA,NA,COPENHAGEN UNIVERSITY,ERA1116241,NA,public,98C3C5F6691A8C0F9AA72B399C81CC62,02F39365386B84537010BA24AE0D3975,ERR2168289
ERR2168290,2020-06-19 17:50:48,2020-06-19 18:12:20,685268,412531336,685268,602,231,NA,https://sra-downloadb.be-md.ncbi.nlm.nih.gov/sos4/sra-pub-zq-1/ERR002/2168/ERR2168290/ERR2168290.lite.1,ERX2224732,uraspd,AMPLICON,PCR,METAGENOMIC,PAIRED,524,0,ILLUMINA,Illumina MiSeq,ERP104707,PRJEB22977,NA,640561,ERS1971648,SAMEA104346670,simple,9606,Homo sapiens,SAMEA104346670,NA,NA,NA,NA,NA,NA,no,NA,NA,NA,NA,COPENHAGEN UNIVERSITY,ERA1116241,NA,public,0F235F5E4C759317ACAFCA79570FD212,DEEA8DF7AF69B4051C311CB7F8A28BFF,ERR2168290
ERR2168291,2020-06-19 17:50:48,2020-06-19 18:12:31,345261,207847122,345261,602,115,NA,https://sra-downloadb.be-md.ncbi.nlm.nih.gov/sos4/sra-pub-zq-1/ERR002/2168/ERR2168291/ERR2168291.lite.1,ERX2224733,uraspd,AMPLICON,PCR,METAGENOMIC,PAIRED,524,0,ILLUMINA,Illumina MiSeq,ERP104707,PRJEB22977,NA,640561,ERS1971649,SAMEA104346671,simple,9606,Homo sapiens,SAMEA104346671,NA,NA,NA,NA,NA,NA,no,NA,NA,NA,NA,COPENHAGEN UNIVERSITY,ERA1116241,NA,public,FE03D74926AB7FC0A2E273632873D1EA,A23AB501DD9FC1C09CE35548BEE53ABD,ERR2168291
ERR2168292,2020-06-19 17:50:48,2020-06-19 18:12:35,142465,85763930,142465,602,48,NA,https://sra-downloadb.be-md.ncbi.nlm.nih.gov/sos4/sra-pub-zq-1/ERR002/2168/ERR2168292/ERR2168292.lite.1,ERX2224734,uraspd,AMPLICON,PCR,METAGENOMIC,PAIRED,524,0,ILLUMINA,Illumina MiSeq,ERP104707,PRJEB22977,NA,640561,ERS1971650,SAMEA104346672,simple,9606,Homo sapiens,SAMEA104346672,NA,NA,NA,NA,NA,NA,no,NA,NA,NA,NA,COPENHAGEN UNIVERSITY,ERA1116241,NA,public,276E44637C01B44B89C8B60DD9575FD6,FEB015685079A17D99A3CC7B9410BF0E,ERR2168292
ERR2168293,2020-06-19 17:50:48,2020-06-19 18:12:50,299995,180596990,299995,602,100,NA,https://sra-downloadb.be-md.ncbi.nlm.nih.gov/sos4/sra-pub-zq-1/ERR002/2168/ERR2168293/ERR2168293.lite.1,ERX2224735,uraspd,AMPLICON,PCR,METAGENOMIC,PAIRED,524,0,ILLUMINA,Illumina MiSeq,ERP104707,PRJEB22977,NA,640561,ERS1971651,SAMEA104346673,simple,9606,Homo sapiens,SAMEA104346673,NA,NA,NA,NA,NA,NA,no,NA,NA,NA,NA,COPENHAGEN UNIVERSITY,ERA1116241,NA,public,23557C7B9B10945BA9F1EFEF9830C2DB,7A23B1F2E4988FDC88CE39F31182F86A,ERR2168293
ERR2168294,2020-06-19 17:50:48,2020-06-19 18:13:05,355409,213956218,355409,602,119,NA,https://sra-downloadb.be-md.ncbi.nlm.nih.gov/sos4/sra-pub-zq-1/ERR002/2168/ERR2168294/ERR2168294.lite.1,ERX2224736,uraspd,AMPLICON,PCR,METAGENOMIC,PAIRED,524,0,ILLUMINA,Illumina MiSeq,ERP104707,PRJEB22977,NA,640561,ERS1971652,SAMEA104346674,simple,9606,Homo sapiens,SAMEA104346674,NA,NA,NA,NA,NA,NA,no,NA,NA,NA,NA,COPENHAGEN UNIVERSITY,ERA1116241,NA,public,A8DACD5885D80AF81F8C465B58397F84,11C1FD6B0424670FE6D5CFCD90EC159B,ERR2168294
ERR2168295,2020-06-19 17:50:48,2020-06-19 18:13:21,436389,262706178,436389,602,146,NA,https://sra-downloadb.be-md.ncbi.nlm.nih.gov/sos4/sra-pub-zq-1/ERR002/2168/ERR2168295/ERR2168295.lite.1,ERX2224737,uraspd,AMPLICON,PCR,METAGENOMIC,PAIRED,524,0,ILLUMINA,Illumina MiSeq,ERP104707,PRJEB22977,NA,640561,ERS1971653,SAMEA104346675,simple,9606,Homo sapiens,SAMEA104346675,NA,NA,NA,NA,NA,NA,no,NA,NA,NA,NA,COPENHAGEN UNIVERSITY,ERA1116241,NA,public,AD0A9624EE510EE160499515CCCCE7A4,F0791BF6D3A7899B7160C02D9F3F774F,ERR2168295
ERR2168296,2020-06-19 17:50:48,2020-06-19 18:13:36,317051,190864702,317051,602,106,NA,https://sra-downloadb.be-md.ncbi.nlm.nih.gov/sos4/sra-pub-zq-1/ERR002/2168/ERR2168296/ERR2168296.lite.1,ERX2224738,uraspd,AMPLICON,PCR,METAGENOMIC,PAIRED,524,0,ILLUMINA,Illumina MiSeq,ERP104707,PRJEB22977,NA,640561,ERS1971654,SAMEA104346676,simple,9606,Homo sapiens,SAMEA104346676,NA,NA,NA,NA,NA,NA,no,NA,NA,NA,NA,COPENHAGEN UNIVERSITY,ERA1116241,NA,public,9025B8F35446FC4675F55FE0BF6CA4E6,DB49FE050B6AA65E8C058F84E21D9A9F,ERR2168296
ERR2168297,2020-06-19 17:50:48,2020-06-19 18:13:37,345746,208139092,345746,602,116,NA,https://sra-downloadb.be-md.ncbi.nlm.nih.gov/sos4/sra-pub-zq-1/ERR002/2168/ERR2168297/ERR2168297.lite.1,ERX2224739,uraspd,AMPLICON,PCR,METAGENOMIC,PAIRED,524,0,ILLUMINA,Illumina MiSeq,ERP104707,PRJEB22977,NA,640561,ERS1971655,SAMEA104346677,simple,9606,Homo sapiens,SAMEA104346677,NA,NA,NA,NA,NA,NA,no,NA,NA,NA,NA,COPENHAGEN UNIVERSITY,ERA1116241,NA,public,B446B65548B05DE44F1A5E0663B8D7B0,9E7F775C8BC5422D4474ADCC51D049F5,ERR2168297
ERR2168298,2020-06-19 17:50:48,2020-06-19 18:13:52,278451,167627502,278451,602,93,NA,https://sra-downloadb.be-md.ncbi.nlm.nih.gov/sos4/sra-pub-zq-1/ERR002/2168/ERR2168298/ERR2168298.lite.1,ERX2224740,uraspd,AMPLICON,PCR,METAGENOMIC,PAIRED,524,0,ILLUMINA,Illumina MiSeq,ERP104707,PRJEB22977,NA,640561,ERS1971656,SAMEA104346678,simple,9606,Homo sapiens,SAMEA104346678,NA,NA,NA,NA,NA,NA,no,NA,NA,NA,NA,COPENHAGEN UNIVERSITY,ERA1116241,NA,public,4372F4781D8B4EB5CD559655BEA5A41F,92847C06327F891DE6C0CB0C505293C2,ERR2168298
ERR2168299,2020-06-19 17:50:48,2020-06-19 18:13:59,415181,249938962,415181,602,139,NA,https://sra-downloadb.be-md.ncbi.nlm.nih.gov/sos4/sra-pub-zq-1/ERR002/2168/ERR2168299/ERR2168299.lite.1,ERX2224741,uraspd,AMPLICON,PCR,METAGENOMIC,PAIRED,524,0,ILLUMINA,Illumina MiSeq,ERP104707,PRJEB22977,NA,640561,ERS1971657,SAMEA104346679,simple,9606,Homo sapiens,SAMEA104346679,NA,NA,NA,NA,NA,NA,no,NA,NA,NA,NA,COPENHAGEN UNIVERSITY,ERA1116241,NA,public,7E3CFC7C3990457F9167A0A16C42EC0F,1FAE7A7BC6345F2CF5A3445DC1F4DD9D,ERR2168299
ERR2168300,2020-06-19 17:50:48,2020-06-19 18:14:12,369900,222679800,369900,602,124,NA,https://sra-downloadb.be-md.ncbi.nlm.nih.gov/sos4/sra-pub-zq-1/ERR002/2168/ERR2168300/ERR2168300.lite.1,ERX2224742,uraspd,AMPLICON,PCR,METAGENOMIC,PAIRED,524,0,ILLUMINA,Illumina MiSeq,ERP104707,PRJEB22977,NA,640561,ERS1971658,SAMEA104346680,simple,9606,Homo sapiens,SAMEA104346680,NA,NA,NA,NA,NA,NA,no,NA,NA,NA,NA,COPENHAGEN UNIVERSITY,ERA1116241,NA,public,8287F2637680B5630BDF07ACBFC706C5,A719B6920CF1469E82B734C6E951CDE9,ERR2168300
ERR2168301,2020-06-19 17:50:48,2020-06-19 18:14:16,332802,200346804,332802,602,112,NA,https://sra-downloadb.be-md.ncbi.nlm.nih.gov/sos4/sra-pub-zq-1/ERR002/2168/ERR2168301/ERR2168301.lite.1,ERX2224743,uraspd,AMPLICON,PCR,METAGENOMIC,PAIRED,524,0,ILLUMINA,Illumina MiSeq,ERP104707,PRJEB22977,NA,640561,ERS1971659,SAMEA104346681,simple,9606,Homo sapiens,SAMEA104346681,NA,NA,NA,NA,NA,NA,no,NA,NA,NA,NA,COPENHAGEN UNIVERSITY,ERA1116241,NA,public,16A4BAC054DA9CB2744510EEA5130F82,B3C97CD076D6CEF71251EEAA6C9E4A26,ERR2168301
ERR2168302,2020-06-19 17:50:48,2020-06-19 18:14:32,360750,217171500,360750,602,121,NA,https://sra-downloadb.be-md.ncbi.nlm.nih.gov/sos4/sra-pub-zq-1/ERR002/2168/ERR2168302/ERR2168302.lite.1,ERX2224744,uraspd,AMPLICON,PCR,METAGENOMIC,PAIRED,524,0,ILLUMINA,Illumina MiSeq,ERP104707,PRJEB22977,NA,640561,ERS1971660,SAMEA104346682,simple,9606,Homo sapiens,SAMEA104346682,NA,NA,NA,NA,NA,NA,no,NA,NA,NA,NA,COPENHAGEN UNIVERSITY,ERA1116241,NA,public,FA7FDBF4EF5752EB9C1F42769442243F,121AE54B0881A758F4753537335C99CE,ERR2168302
ERR2168303,2020-06-19 17:50:48,2020-06-19 18:14:34,382732,230404664,382732,602,129,NA,https://sra-downloadb.be-md.ncbi.nlm.nih.gov/sos4/sra-pub-zq-1/ERR002/2168/ERR2168303/ERR2168303.lite.1,ERX2224745,uraspd,AMPLICON,PCR,METAGENOMIC,PAIRED,524,0,ILLUMINA,Illumina MiSeq,ERP104707,PRJEB22977,NA,640561,ERS1971661,SAMEA104346683,simple,9606,Homo sapiens,SAMEA104346683,NA,NA,NA,NA,NA,NA,no,NA,NA,NA,NA,COPENHAGEN UNIVERSITY,ERA1116241,NA,public,CA88185A0789C066F39F035ADEE97031,3C0619E6902206EDCCAD6D4AF6C7A98E,ERR2168303
ERR2168304,2020-06-19 17:50:48,2020-06-19 18:14:53,355221,213843042,355221,602,119,NA,https://sra-downloadb.be-md.ncbi.nlm.nih.gov/sos4/sra-pub-zq-1/ERR002/2168/ERR2168304/ERR2168304.lite.1,ERX2224746,uraspd,AMPLICON,PCR,METAGENOMIC,PAIRED,524,0,ILLUMINA,Illumina MiSeq,ERP104707,PRJEB22977,NA,640561,ERS1971662,SAMEA104346684,simple,9606,Homo sapiens,SAMEA104346684,NA,NA,NA,NA,NA,NA,no,NA,NA,NA,NA,COPENHAGEN UNIVERSITY,ERA1116241,NA,public,E7A8D9317FFC66E92C111D8B7A854D64,7A17CB4F52270256C34BAC6AE61AE05A,ERR2168304
ERR2168305,2020-06-19 17:50:48,2020-06-19 18:14:53,397727,239431654,397727,602,134,NA,https://sra-downloadb.be-md.ncbi.nlm.nih.gov/sos4/sra-pub-zq-1/ERR002/2168/ERR2168305/ERR2168305.lite.1,ERX2224747,uraspd,AMPLICON,PCR,METAGENOMIC,PAIRED,524,0,ILLUMINA,Illumina MiSeq,ERP104707,PRJEB22977,NA,640561,ERS1971663,SAMEA104346685,simple,9606,Homo sapiens,SAMEA104346685,NA,NA,NA,NA,NA,NA,no,NA,NA,NA,NA,COPENHAGEN UNIVERSITY,ERA1116241,NA,public,7BD5DC2231A24757BCEC5EC8D28D27C5,E820C5B7C3793CAD9159EFFB6E57CCFC,ERR2168305
ERR2168306,2020-06-19 17:50:49,2020-06-19 18:15:13,534758,321924316,534758,602,180,NA,https://sra-downloadb.be-md.ncbi.nlm.nih.gov/sos4/sra-pub-zq-1/ERR002/2168/ERR2168306/ERR2168306.lite.1,ERX2224748,uraspd,AMPLICON,PCR,METAGENOMIC,PAIRED,524,0,ILLUMINA,Illumina MiSeq,ERP104707,PRJEB22977,NA,640561,ERS1971664,SAMEA104346686,simple,9606,Homo sapiens,SAMEA104346686,NA,NA,NA,NA,NA,NA,no,NA,NA,NA,NA,COPENHAGEN UNIVERSITY,ERA1116241,NA,public,C17F6D61949F18948A5803861DD16F3D,4131B7D4ABF231BF2EDFFA260F83D7E4,ERR2168306
ERR2168307,2020-06-19 17:50:49,2020-06-19 18:15:13,333949,201037298,333949,602,112,NA,https://sra-downloadb.be-md.ncbi.nlm.nih.gov/sos4/sra-pub-zq-1/ERR002/2168/ERR2168307/ERR2168307.lite.1,ERX2224749,uraspd,AMPLICON,PCR,METAGENOMIC,PAIRED,524,0,ILLUMINA,Illumina MiSeq,ERP104707,PRJEB22977,NA,640561,ERS1971665,SAMEA104346687,simple,9606,Homo sapiens,SAMEA104346687,NA,NA,NA,NA,NA,NA,no,NA,NA,NA,NA,COPENHAGEN UNIVERSITY,ERA1116241,NA,public,0AD309D83B44FFCA466AE255BF05B178,034FDB87DE4A61754E05EC92BA164ACC,ERR2168307
ERR2168308,2020-06-19 17:50:49,2020-06-19 18:15:35,391689,235796778,391689,602,132,NA,https://sra-downloadb.be-md.ncbi.nlm.nih.gov/sos4/sra-pub-zq-1/ERR002/2168/ERR2168308/ERR2168308.lite.1,ERX2224750,uraspd,AMPLICON,PCR,METAGENOMIC,PAIRED,524,0,ILLUMINA,Illumina MiSeq,ERP104707,PRJEB22977,NA,640561,ERS1971666,SAMEA104346688,simple,9606,Homo sapiens,SAMEA104346688,NA,NA,NA,NA,NA,NA,no,NA,NA,NA,NA,COPENHAGEN UNIVERSITY,ERA1116241,NA,public,4C1626BE18206AC5CF05AAE842A5BF2F,C19D7581B714B6AF3D8CC0F9E8ABC49E,ERR2168308
ERR2168309,2020-06-19 17:50:49,2020-06-19 18:15:33,361586,217674772,361586,602,122,NA,https://sra-downloadb.be-md.ncbi.nlm.nih.gov/sos4/sra-pub-zq-1/ERR002/2168/ERR2168309/ERR2168309.lite.1,ERX2224751,uraspd,AMPLICON,PCR,METAGENOMIC,PAIRED,524,0,ILLUMINA,Illumina MiSeq,ERP104707,PRJEB22977,NA,640561,ERS1971667,SAMEA104346689,simple,9606,Homo sapiens,SAMEA104346689,NA,NA,NA,NA,NA,NA,no,NA,NA,NA,NA,COPENHAGEN UNIVERSITY,ERA1116241,NA,public,F3545857C0C0D57CBFF6FF101CA4BA9C,71450942B01FCCA5A6B0D1589A3ED452,ERR2168309
ERR2168310,2020-06-19 17:50:49,2020-06-19 18:15:53,392882,236514964,392882,602,132,NA,https://sra-downloadb.be-md.ncbi.nlm.nih.gov/sos4/sra-pub-zq-1/ERR002/2168/ERR2168310/ERR2168310.lite.1,ERX2224752,uraspd,AMPLICON,PCR,METAGENOMIC,PAIRED,524,0,ILLUMINA,Illumina MiSeq,ERP104707,PRJEB22977,NA,640561,ERS1971668,SAMEA104346690,simple,9606,Homo sapiens,SAMEA104346690,NA,NA,NA,NA,NA,NA,no,NA,NA,NA,NA,COPENHAGEN UNIVERSITY,ERA1116241,NA,public,424B4001341E58CD3123E85A449022D7,51296DA5F41A4D9C342C3CCE278C6CA0,ERR2168310
ERR2168311,2020-06-19 17:50:49,2020-06-19 18:16:14,405568,244151936,405568,602,136,NA,https://sra-downloadb.be-md.ncbi.nlm.nih.gov/sos4/sra-pub-zq-1/ERR002/2168/ERR2168311/ERR2168311.lite.1,ERX2224753,uraspd,AMPLICON,PCR,METAGENOMIC,PAIRED,524,0,ILLUMINA,Illumina MiSeq,ERP104707,PRJEB22977,NA,640561,ERS1971669,SAMEA104346691,simple,9606,Homo sapiens,SAMEA104346691,NA,NA,NA,NA,NA,NA,no,NA,NA,NA,NA,COPENHAGEN UNIVERSITY,ERA1116241,NA,public,3CA8420EACE12BECEDD8F29F2CBBE54B,D6AA3D0331963FB11615B2F2EF681868,ERR2168311
ERR2168312,2020-06-19 17:50:49,2020-06-19 18:16:35,442732,266524664,442732,602,150,NA,https://sra-downloadb.be-md.ncbi.nlm.nih.gov/sos4/sra-pub-zq-1/ERR002/2168/ERR2168312/ERR2168312.lite.1,ERX2224754,uraspd,AMPLICON,PCR,METAGENOMIC,PAIRED,524,0,ILLUMINA,Illumina MiSeq,ERP104707,PRJEB22977,NA,640561,ERS1971670,SAMEA104346692,simple,9606,Homo sapiens,SAMEA104346692,NA,NA,NA,NA,NA,NA,no,NA,NA,NA,NA,COPENHAGEN UNIVERSITY,ERA1116241,NA,public,E7AE48ED4152429231B548F8F09AF916,B436166D2D4188378C1C61701AA03FF2,ERR2168312
ERR2168313,2020-06-19 17:50:49,2020-06-19 18:16:36,352703,212327206,352703,602,118,NA,https://sra-downloadb.be-md.ncbi.nlm.nih.gov/sos4/sra-pub-zq-1/ERR002/2168/ERR2168313/ERR2168313.lite.1,ERX2224755,uraspd,AMPLICON,PCR,METAGENOMIC,PAIRED,524,0,ILLUMINA,Illumina MiSeq,ERP104707,PRJEB22977,NA,640561,ERS1971671,SAMEA104346693,simple,9606,Homo sapiens,SAMEA104346693,NA,NA,NA,NA,NA,NA,no,NA,NA,NA,NA,COPENHAGEN UNIVERSITY,ERA1116241,NA,public,40F9DEE6D41047B2A2FBDE5AF6C0CB4F,9E3B2D8831ED31E2283B7262715505DB,ERR2168313
ERR2168314,2020-06-19 17:50:49,2020-06-19 18:16:55,390385,235011770,390385,602,131,NA,https://sra-downloadb.be-md.ncbi.nlm.nih.gov/sos4/sra-pub-zq-1/ERR002/2168/ERR2168314/ERR2168314.lite.1,ERX2224756,uraspd,AMPLICON,PCR,METAGENOMIC,PAIRED,524,0,ILLUMINA,Illumina MiSeq,ERP104707,PRJEB22977,NA,640561,ERS1971672,SAMEA104346694,simple,9606,Homo sapiens,SAMEA104346694,NA,NA,NA,NA,NA,NA,no,NA,NA,NA,NA,COPENHAGEN UNIVERSITY,ERA1116241,NA,public,B325F414B304699F5B331AD03862F0AB,57D7F20C3F02F4636FE48416AE6C55A8,ERR2168314
ERR2168315,2020-06-19 17:50:49,2020-06-19 18:16:53,339832,204578864,339832,602,114,NA,https://sra-downloadb.be-md.ncbi.nlm.nih.gov/sos4/sra-pub-zq-1/ERR002/2168/ERR2168315/ERR2168315.lite.1,ERX2224757,uraspd,AMPLICON,PCR,METAGENOMIC,PAIRED,524,0,ILLUMINA,Illumina MiSeq,ERP104707,PRJEB22977,NA,640561,ERS1971673,SAMEA104346695,simple,9606,Homo sapiens,SAMEA104346695,NA,NA,NA,NA,NA,NA,no,NA,NA,NA,NA,COPENHAGEN UNIVERSITY,ERA1116241,NA,public,7F4864C5F9C0C08ECE6B2FA905743F49,9D0C04B4D6717A51FF9A1500B50C363C,ERR2168315
ERR2168316,2020-06-19 17:50:49,2020-06-19 18:17:11,472732,284584664,472732,602,158,NA,https://sra-downloadb.be-md.ncbi.nlm.nih.gov/sos4/sra-pub-zq-1/ERR002/2168/ERR2168316/ERR2168316.lite.1,ERX2224758,uraspd,AMPLICON,PCR,METAGENOMIC,PAIRED,524,0,ILLUMINA,Illumina MiSeq,ERP104707,PRJEB22977,NA,640561,ERS1971674,SAMEA104346696,simple,9606,Homo sapiens,SAMEA104346696,NA,NA,NA,NA,NA,NA,no,NA,NA,NA,NA,COPENHAGEN UNIVERSITY,ERA1116241,NA,public,366004E648D39D2184433D89947935B9,0E98040D47BD1D41F81ABEA5D554F119,ERR2168316
ERR2168317,2020-06-19 17:50:49,2020-06-19 18:17:15,384242,231313684,384242,602,128,NA,https://sra-downloadb.be-md.ncbi.nlm.nih.gov/sos4/sra-pub-zq-1/ERR002/2168/ERR2168317/ERR2168317.lite.1,ERX2224759,uraspd,AMPLICON,PCR,METAGENOMIC,PAIRED,524,0,ILLUMINA,Illumina MiSeq,ERP104707,PRJEB22977,NA,640561,ERS1971675,SAMEA104346697,simple,9606,Homo sapiens,SAMEA104346697,NA,NA,NA,NA,NA,NA,no,NA,NA,NA,NA,COPENHAGEN UNIVERSITY,ERA1116241,NA,public,03D466B1D221EF2E5FB7469F059AE268,9F9D29BE86A8D31FE83AE428F159A9A2,ERR2168317
ERR2168318,2020-06-19 17:50:49,2020-06-19 18:17:28,465655,280324310,465655,602,156,NA,https://sra-downloadb.be-md.ncbi.nlm.nih.gov/sos4/sra-pub-zq-1/ERR002/2168/ERR2168318/ERR2168318.lite.1,ERX2224760,uraspd,AMPLICON,PCR,METAGENOMIC,PAIRED,524,0,ILLUMINA,Illumina MiSeq,ERP104707,PRJEB22977,NA,640561,ERS1971676,SAMEA104346698,simple,9606,Homo sapiens,SAMEA104346698,NA,NA,NA,NA,NA,NA,no,NA,NA,NA,NA,COPENHAGEN UNIVERSITY,ERA1116241,NA,public,6C1D08FB144E5634557A490754DDE775,3200316628FE0CC5B06CBAA1795C32C4,ERR2168318
ERR2168319,2020-06-19 17:50:49,2020-06-19 18:17:30,390264,234938928,390264,602,130,NA,https://sra-downloadb.be-md.ncbi.nlm.nih.gov/sos4/sra-pub-zq-1/ERR002/2168/ERR2168319/ERR2168319.lite.1,ERX2224761,uraspd,AMPLICON,PCR,METAGENOMIC,PAIRED,524,0,ILLUMINA,Illumina MiSeq,ERP104707,PRJEB22977,NA,640561,ERS1971677,SAMEA104346699,simple,9606,Homo sapiens,SAMEA104346699,NA,NA,NA,NA,NA,NA,no,NA,NA,NA,NA,COPENHAGEN UNIVERSITY,ERA1116241,NA,public,0F68753AF671CF2A4FCBACC66AE7998E,F20F79F04BD4F40790720C78FDFBCD85,ERR2168319
ERR2168320,2020-06-19 17:50:49,2020-06-19 18:17:43,463764,279185928,463764,602,155,NA,https://sra-downloadb.be-md.ncbi.nlm.nih.gov/sos4/sra-pub-zq-1/ERR002/2168/ERR2168320/ERR2168320.lite.1,ERX2224762,uraspd,AMPLICON,PCR,METAGENOMIC,PAIRED,524,0,ILLUMINA,Illumina MiSeq,ERP104707,PRJEB22977,NA,640561,ERS1971678,SAMEA104346700,simple,9606,Homo sapiens,SAMEA104346700,NA,NA,NA,NA,NA,NA,no,NA,NA,NA,NA,COPENHAGEN UNIVERSITY,ERA1116241,NA,public,883EB7B562CC5B917CC758AFF2505A04,1A316C9FD18F425099611F0295FB10A3,ERR2168320
ERR2168321,2020-06-19 17:50:49,2020-06-19 18:17:48,570938,343704676,570938,602,191,NA,https://sra-downloadb.be-md.ncbi.nlm.nih.gov/sos4/sra-pub-zq-1/ERR002/2168/ERR2168321/ERR2168321.lite.1,ERX2224763,uraspd,AMPLICON,PCR,METAGENOMIC,PAIRED,524,0,ILLUMINA,Illumina MiSeq,ERP104707,PRJEB22977,NA,640561,ERS1971679,SAMEA104346701,simple,9606,Homo sapiens,SAMEA104346701,NA,NA,NA,NA,NA,NA,no,NA,NA,NA,NA,COPENHAGEN UNIVERSITY,ERA1116241,NA,public,5BECC0843435FD78A7A67A4BC6056F0D,C56AD00F7A9BF612A8CCA1178653E74B,ERR2168321
ERR2168322,2020-06-19 17:50:49,2020-06-19 18:18:00,403525,242922050,403525,602,136,NA,https://sra-downloadb.be-md.ncbi.nlm.nih.gov/sos4/sra-pub-zq-1/ERR002/2168/ERR2168322/ERR2168322.lite.1,ERX2224764,uraspd,AMPLICON,PCR,METAGENOMIC,PAIRED,524,0,ILLUMINA,Illumina MiSeq,ERP104707,PRJEB22977,NA,640561,ERS1971680,SAMEA104346702,simple,9606,Homo sapiens,SAMEA104346702,NA,NA,NA,NA,NA,NA,no,NA,NA,NA,NA,COPENHAGEN UNIVERSITY,ERA1116241,NA,public,23E8BAC20CE24283ED0A2105AA29F5AA,3AF6DD68C5B9E86600FC5F7C5FA60FBF,ERR2168322
ERR2168323,2020-06-19 17:50:49,2020-06-19 18:18:08,495361,298207322,495361,602,166,NA,https://sra-downloadb.be-md.ncbi.nlm.nih.gov/sos4/sra-pub-zq-1/ERR002/2168/ERR2168323/ERR2168323.lite.1,ERX2224765,uraspd,AMPLICON,PCR,METAGENOMIC,PAIRED,524,0,ILLUMINA,Illumina MiSeq,ERP104707,PRJEB22977,NA,640561,ERS1971681,SAMEA104346703,simple,9606,Homo sapiens,SAMEA104346703,NA,NA,NA,NA,NA,NA,no,NA,NA,NA,NA,COPENHAGEN UNIVERSITY,ERA1116241,NA,public,11886AB7A04BD65555DBDF7246C6B3AC,725B4BA7977EB18C54EABFE9FF5D7AB6,ERR2168323
ERR2168324,2020-06-19 17:50:49,2020-06-19 18:18:15,402758,242460316,402758,602,135,NA,https://sra-downloadb.be-md.ncbi.nlm.nih.gov/sos4/sra-pub-zq-1/ERR002/2168/ERR2168324/ERR2168324.lite.1,ERX2224766,uraspd,AMPLICON,PCR,METAGENOMIC,PAIRED,524,0,ILLUMINA,Illumina MiSeq,ERP104707,PRJEB22977,NA,640561,ERS1971682,SAMEA104346704,simple,9606,Homo sapiens,SAMEA104346704,NA,NA,NA,NA,NA,NA,no,NA,NA,NA,NA,COPENHAGEN UNIVERSITY,ERA1116241,NA,public,2F67DB5C4AFA349F5B550EF7A9D11EA2,71F2E220B4365D0D1DDA1FE54BCBFD74,ERR2168324
ERR2168325,2020-06-19 17:50:49,2020-06-19 18:18:24,491664,295981728,491664,602,165,NA,https://sra-downloadb.be-md.ncbi.nlm.nih.gov/sos4/sra-pub-zq-1/ERR002/2168/ERR2168325/ERR2168325.lite.1,ERX2224767,uraspd,AMPLICON,PCR,METAGENOMIC,PAIRED,524,0,ILLUMINA,Illumina MiSeq,ERP104707,PRJEB22977,NA,640561,ERS1971683,SAMEA104346705,simple,9606,Homo sapiens,SAMEA104346705,NA,NA,NA,NA,NA,NA,no,NA,NA,NA,NA,COPENHAGEN UNIVERSITY,ERA1116241,NA,public,F828DDEC3D8BD82F0E7B9661CAD05728,715885BF2CE6C836DC0C7DB8BFF59F97,ERR2168325
ERR2168326,2020-06-19 17:50:49,2020-06-19 18:18:35,249681,150307962,249681,602,84,NA,https://sra-downloadb.be-md.ncbi.nlm.nih.gov/sos4/sra-pub-zq-1/ERR002/2168/ERR2168326/ERR2168326.lite.1,ERX2224768,uraspd,AMPLICON,PCR,METAGENOMIC,PAIRED,524,0,ILLUMINA,Illumina MiSeq,ERP104707,PRJEB22977,NA,640561,ERS1971684,SAMEA104346706,simple,9606,Homo sapiens,SAMEA104346706,NA,NA,NA,NA,NA,NA,no,NA,NA,NA,NA,COPENHAGEN UNIVERSITY,ERA1116241,NA,public,371ACD2250AA97A0C55D97E63152D062,411C6D7392F1CA8620BCB7E33EE17EB5,ERR2168326
ERR2168327,2020-06-19 17:50:49,2020-06-19 18:18:38,368504,221839408,368504,602,124,NA,https://sra-downloadb.be-md.ncbi.nlm.nih.gov/sos4/sra-pub-zq-1/ERR002/2168/ERR2168327/ERR2168327.lite.1,ERX2224769,uraspd,AMPLICON,PCR,METAGENOMIC,PAIRED,524,0,ILLUMINA,Illumina MiSeq,ERP104707,PRJEB22977,NA,640561,ERS1971685,SAMEA104346707,simple,9606,Homo sapiens,SAMEA104346707,NA,NA,NA,NA,NA,NA,no,NA,NA,NA,NA,COPENHAGEN UNIVERSITY,ERA1116241,NA,public,413E2A232F477E87D5E645988622CD81,05DEB301E08A13BC0BC63922EB030EA2,ERR2168327
ERR2168328,2020-06-19 17:50:49,2020-06-19 18:18:55,377258,227109316,377258,602,126,NA,https://sra-downloadb.be-md.ncbi.nlm.nih.gov/sos4/sra-pub-zq-1/ERR002/2168/ERR2168328/ERR2168328.lite.1,ERX2224770,uraspd,AMPLICON,PCR,METAGENOMIC,PAIRED,524,0,ILLUMINA,Illumina MiSeq,ERP104707,PRJEB22977,NA,640561,ERS1971686,SAMEA104346708,simple,9606,Homo sapiens,SAMEA104346708,NA,NA,NA,NA,NA,NA,no,NA,NA,NA,NA,COPENHAGEN UNIVERSITY,ERA1116241,NA,public,573F367816E0B284FCCDF755B21D0A69,F252BCB5A71916442618223179801D90,ERR2168328
ERR2168329,2020-06-19 17:50:49,2020-06-19 18:19:05,436416,262722432,436416,602,147,NA,https://sra-downloadb.be-md.ncbi.nlm.nih.gov/sos4/sra-pub-zq-1/ERR002/2168/ERR2168329/ERR2168329.lite.1,ERX2224771,uraspd,AMPLICON,PCR,METAGENOMIC,PAIRED,524,0,ILLUMINA,Illumina MiSeq,ERP104707,PRJEB22977,NA,640561,ERS1971687,SAMEA104346709,simple,9606,Homo sapiens,SAMEA104346709,NA,NA,NA,NA,NA,NA,no,NA,NA,NA,NA,COPENHAGEN UNIVERSITY,ERA1116241,NA,public,2AE331E987B944D3C408536BE488D1D6,0EC8391E8B60DE8BC28E6F15F46E4F7D,ERR2168329
ERR2168330,2020-06-19 17:50:49,2020-06-19 18:19:14,423868,255168536,423868,602,143,NA,https://sra-downloadb.be-md.ncbi.nlm.nih.gov/sos4/sra-pub-zq-1/ERR002/2168/ERR2168330/ERR2168330.lite.1,ERX2224772,uraspd,AMPLICON,PCR,METAGENOMIC,PAIRED,524,0,ILLUMINA,Illumina MiSeq,ERP104707,PRJEB22977,NA,640561,ERS1971688,SAMEA104346710,simple,9606,Homo sapiens,SAMEA104346710,NA,NA,NA,NA,NA,NA,no,NA,NA,NA,NA,COPENHAGEN UNIVERSITY,ERA1116241,NA,public,D04B1AE4FC92C77DA84DC6370B2BB40C,F4FD15B0588C646712FCA450EA7D61DC,ERR2168330
ERR2168331,2020-06-19 17:50:49,2020-06-19 18:19:28,403056,242639712,403056,602,135,NA,https://sra-downloadb.be-md.ncbi.nlm.nih.gov/sos4/sra-pub-zq-1/ERR002/2168/ERR2168331/ERR2168331.lite.1,ERX2224773,uraspd,AMPLICON,PCR,METAGENOMIC,PAIRED,524,0,ILLUMINA,Illumina MiSeq,ERP104707,PRJEB22977,NA,640561,ERS1971689,SAMEA104346711,simple,9606,Homo sapiens,SAMEA104346711,NA,NA,NA,NA,NA,NA,no,NA,NA,NA,NA,COPENHAGEN UNIVERSITY,ERA1116241,NA,public,02473E7C9F2C0BF2084682F6CBD24BB4,58E615B197C2CF6B84790E05FB59FCAF,ERR2168331
ERR2168332,2020-06-19 17:50:49,2020-06-19 18:19:32,416436,250694472,416436,602,139,NA,https://sra-downloadb.be-md.ncbi.nlm.nih.gov/sos4/sra-pub-zq-1/ERR002/2168/ERR2168332/ERR2168332.lite.1,ERX2224774,uraspd,AMPLICON,PCR,METAGENOMIC,PAIRED,524,0,ILLUMINA,Illumina MiSeq,ERP104707,PRJEB22977,NA,640561,ERS1971690,SAMEA104346712,simple,9606,Homo sapiens,SAMEA104346712,NA,NA,NA,NA,NA,NA,no,NA,NA,NA,NA,COPENHAGEN UNIVERSITY,ERA1116241,NA,public,E2369F2232166B0B287D450007140BAC,3F2A271DAD7584514807DDA3DCE955A9,ERR2168332
ERR2168333,2020-06-19 17:50:49,2020-06-19 18:19:48,330617,199031434,330617,602,111,NA,https://sra-downloadb.be-md.ncbi.nlm.nih.gov/sos4/sra-pub-zq-1/ERR002/2168/ERR2168333/ERR2168333.lite.1,ERX2224775,uraspd,AMPLICON,PCR,METAGENOMIC,PAIRED,524,0,ILLUMINA,Illumina MiSeq,ERP104707,PRJEB22977,NA,640561,ERS1971691,SAMEA104346713,simple,9606,Homo sapiens,SAMEA104346713,NA,NA,NA,NA,NA,NA,no,NA,NA,NA,NA,COPENHAGEN UNIVERSITY,ERA1116241,NA,public,621DA6AB268D684FA93FCB0AD234FD43,1C14C58B6D5CA9E3DA4937C1765B5122,ERR2168333
ERR2168334,2020-06-19 17:50:49,2020-06-19 18:19:50,351732,211742664,351732,602,117,NA,https://sra-downloadb.be-md.ncbi.nlm.nih.gov/sos4/sra-pub-zq-1/ERR002/2168/ERR2168334/ERR2168334.lite.1,ERX2224776,uraspd,AMPLICON,PCR,METAGENOMIC,PAIRED,524,0,ILLUMINA,Illumina MiSeq,ERP104707,PRJEB22977,NA,640561,ERS1971692,SAMEA104346714,simple,9606,Homo sapiens,SAMEA104346714,NA,NA,NA,NA,NA,NA,no,NA,NA,NA,NA,COPENHAGEN UNIVERSITY,ERA1116241,NA,public,D7B35E96BFB791CC91EF41FF50657C81,AE2D0BD98739BF23A909BDD43DEED34E,ERR2168334
ERR2168335,2020-06-19 17:50:49,2020-06-19 18:20:03,329782,198528764,329782,602,110,NA,https://sra-downloadb.be-md.ncbi.nlm.nih.gov/sos4/sra-pub-zq-1/ERR002/2168/ERR2168335/ERR2168335.lite.1,ERX2224777,uraspd,AMPLICON,PCR,METAGENOMIC,PAIRED,524,0,ILLUMINA,Illumina MiSeq,ERP104707,PRJEB22977,NA,640561,ERS1971693,SAMEA104346715,simple,9606,Homo sapiens,SAMEA104346715,NA,NA,NA,NA,NA,NA,no,NA,NA,NA,NA,COPENHAGEN UNIVERSITY,ERA1116241,NA,public,2C714F3A527963B93CDC18E03B8ECC77,72621918E266C1EDB03B107D9970EDCA,ERR2168335
ERR2168336,2020-06-19 17:50:49,2020-06-19 18:20:05,425157,255944514,425157,602,142,NA,https://sra-downloadb.be-md.ncbi.nlm.nih.gov/sos4/sra-pub-zq-1/ERR002/2168/ERR2168336/ERR2168336.lite.1,ERX2224778,uraspd,AMPLICON,PCR,METAGENOMIC,PAIRED,524,0,ILLUMINA,Illumina MiSeq,ERP104707,PRJEB22977,NA,640561,ERS1971694,SAMEA104346716,simple,9606,Homo sapiens,SAMEA104346716,NA,NA,NA,NA,NA,NA,no,NA,NA,NA,NA,COPENHAGEN UNIVERSITY,ERA1116241,NA,public,22DD6199ED5D9BDE40A2860CC9BCD882,224777416ED6FEBBF28D8C6C3837CEB8,ERR2168336
ERR2168337,2020-06-19 17:50:49,2020-06-19 18:20:23,371578,223689956,371578,602,124,NA,https://sra-downloadb.be-md.ncbi.nlm.nih.gov/sos4/sra-pub-zq-1/ERR002/2168/ERR2168337/ERR2168337.lite.1,ERX2224779,uraspd,AMPLICON,PCR,METAGENOMIC,PAIRED,524,0,ILLUMINA,Illumina MiSeq,ERP104707,PRJEB22977,NA,640561,ERS1971695,SAMEA104346717,simple,9606,Homo sapiens,SAMEA104346717,NA,NA,NA,NA,NA,NA,no,NA,NA,NA,NA,COPENHAGEN UNIVERSITY,ERA1116241,NA,public,988C996F0803C5E5F8147E15E3A46903,BBAFFA2BE74E12E5EE719215F51CD079,ERR2168337
ERR2168338,2020-06-19 17:50:49,2020-06-19 18:20:24,413217,248756634,413217,602,139,NA,https://sra-downloadb.be-md.ncbi.nlm.nih.gov/sos4/sra-pub-zq-1/ERR002/2168/ERR2168338/ERR2168338.lite.1,ERX2224780,uraspd,AMPLICON,PCR,METAGENOMIC,PAIRED,524,0,ILLUMINA,Illumina MiSeq,ERP104707,PRJEB22977,NA,640561,ERS1971696,SAMEA104346718,simple,9606,Homo sapiens,SAMEA104346718,NA,NA,NA,NA,NA,NA,no,NA,NA,NA,NA,COPENHAGEN UNIVERSITY,ERA1116241,NA,public,78C046629898D81DE9B1C8BE0A96134B,4C9C7C7D813DD2FD22B8ED9E9C57B7AD,ERR2168338
ERR2168339,2020-06-19 17:50:49,2020-06-19 18:20:42,377851,227466302,377851,602,127,NA,https://sra-downloadb.be-md.ncbi.nlm.nih.gov/sos4/sra-pub-zq-1/ERR002/2168/ERR2168339/ERR2168339.lite.1,ERX2224781,uraspd,AMPLICON,PCR,METAGENOMIC,PAIRED,524,0,ILLUMINA,Illumina MiSeq,ERP104707,PRJEB22977,NA,640561,ERS1971697,SAMEA104346719,simple,9606,Homo sapiens,SAMEA104346719,NA,NA,NA,NA,NA,NA,no,NA,NA,NA,NA,COPENHAGEN UNIVERSITY,ERA1116241,NA,public,0381C63A5A2DCD60ABFC2F9229BF0C09,2A4060283405DE397E3C262CE63E6A8C,ERR2168339
ERR2168340,2020-06-19 17:50:49,2020-06-19 18:20:42,352777,212371754,352777,602,118,NA,https://sra-downloadb.be-md.ncbi.nlm.nih.gov/sos4/sra-pub-zq-1/ERR002/2168/ERR2168340/ERR2168340.lite.1,ERX2224782,uraspd,AMPLICON,PCR,METAGENOMIC,PAIRED,524,0,ILLUMINA,Illumina MiSeq,ERP104707,PRJEB22977,NA,640561,ERS1971698,SAMEA104346720,simple,9606,Homo sapiens,SAMEA104346720,NA,NA,NA,NA,NA,NA,no,NA,NA,NA,NA,COPENHAGEN UNIVERSITY,ERA1116241,NA,public,CE668EB6F2A71A229E2781EE89F1A30A,4C9336F239F7973FD4882CE9E69A71CE,ERR2168340
ERR2168341,2020-06-19 17:50:49,2020-06-19 18:20:57,352933,212465666,352933,602,118,NA,https://sra-downloadb.be-md.ncbi.nlm.nih.gov/sos4/sra-pub-zq-1/ERR002/2168/ERR2168341/ERR2168341.lite.1,ERX2224783,uraspd,AMPLICON,PCR,METAGENOMIC,PAIRED,524,0,ILLUMINA,Illumina MiSeq,ERP104707,PRJEB22977,NA,640561,ERS1971699,SAMEA104346721,simple,9606,Homo sapiens,SAMEA104346721,NA,NA,NA,NA,NA,NA,no,NA,NA,NA,NA,COPENHAGEN UNIVERSITY,ERA1116241,NA,public,CDA72060490580987AF8CFA013599721,2E716F491E0942179CC9D6592797022C,ERR2168341
ERR2168342,2020-06-19 17:50:49,2020-06-19 18:20:59,405676,244216952,405676,602,136,NA,https://sra-downloadb.be-md.ncbi.nlm.nih.gov/sos4/sra-pub-zq-1/ERR002/2168/ERR2168342/ERR2168342.lite.1,ERX2224784,uraspd,AMPLICON,PCR,METAGENOMIC,PAIRED,524,0,ILLUMINA,Illumina MiSeq,ERP104707,PRJEB22977,NA,640561,ERS1971700,SAMEA104346722,simple,9606,Homo sapiens,SAMEA104346722,NA,NA,NA,NA,NA,NA,no,NA,NA,NA,NA,COPENHAGEN UNIVERSITY,ERA1116241,NA,public,4F97307CD0DEF67D7F62B94D5FD8A7BC,80B53F9A7DD0B4633201347DFFB9E46C,ERR2168342
ERR2168343,2020-06-19 17:50:49,2020-06-19 18:21:15,410042,246845284,410042,602,138,NA,https://sra-downloadb.be-md.ncbi.nlm.nih.gov/sos4/sra-pub-zq-1/ERR002/2168/ERR2168343/ERR2168343.lite.1,ERX2224785,uraspd,AMPLICON,PCR,METAGENOMIC,PAIRED,524,0,ILLUMINA,Illumina MiSeq,ERP104707,PRJEB22977,NA,640561,ERS1971701,SAMEA104346723,simple,9606,Homo sapiens,SAMEA104346723,NA,NA,NA,NA,NA,NA,no,NA,NA,NA,NA,COPENHAGEN UNIVERSITY,ERA1116241,NA,public,657F4FE6BFDC0BDBA9928BF129C98604,2ABA47B2EB6A4B5D031693059C6EBD3F,ERR2168343
ERR2168344,2020-06-19 17:50:49,2020-06-19 18:21:13,335164,201768728,335164,602,113,NA,https://sra-downloadb.be-md.ncbi.nlm.nih.gov/sos4/sra-pub-zq-1/ERR002/2168/ERR2168344/ERR2168344.lite.1,ERX2224786,uraspd,AMPLICON,PCR,METAGENOMIC,PAIRED,524,0,ILLUMINA,Illumina MiSeq,ERP104707,PRJEB22977,NA,640561,ERS1971702,SAMEA104346724,simple,9606,Homo sapiens,SAMEA104346724,NA,NA,NA,NA,NA,NA,no,NA,NA,NA,NA,COPENHAGEN UNIVERSITY,ERA1116241,NA,public,97DFB6F9AF752AAD0CC517642574C4E9,D6E8B6C559912394580AE3ABE1CE71D7,ERR2168344
ERR2168345,2020-06-19 17:50:49,2020-06-19 18:21:33,386091,232426782,386091,602,129,NA,https://sra-downloadb.be-md.ncbi.nlm.nih.gov/sos4/sra-pub-zq-1/ERR002/2168/ERR2168345/ERR2168345.lite.1,ERX2224787,uraspd,AMPLICON,PCR,METAGENOMIC,PAIRED,524,0,ILLUMINA,Illumina MiSeq,ERP104707,PRJEB22977,NA,640561,ERS1971703,SAMEA104346725,simple,9606,Homo sapiens,SAMEA104346725,NA,NA,NA,NA,NA,NA,no,NA,NA,NA,NA,COPENHAGEN UNIVERSITY,ERA1116241,NA,public,05C5814F80ABB058D6EBB3EB280BFB4D,B53BC314C0E8376E46D60ED61BE4C5AB,ERR2168345
ERR2168346,2020-06-19 17:50:49,2020-06-19 18:21:35,300122,180673444,300122,602,101,NA,https://sra-downloadb.be-md.ncbi.nlm.nih.gov/sos4/sra-pub-zq-1/ERR002/2168/ERR2168346/ERR2168346.lite.1,ERX2224788,uraspd,AMPLICON,PCR,METAGENOMIC,PAIRED,524,0,ILLUMINA,Illumina MiSeq,ERP104707,PRJEB22977,NA,640561,ERS1971704,SAMEA104346726,simple,9606,Homo sapiens,SAMEA104346726,NA,NA,NA,NA,NA,NA,no,NA,NA,NA,NA,COPENHAGEN UNIVERSITY,ERA1116241,NA,public,0BC3F2171B468E4F9B8FBAA9F479696B,AD67DE2E8EAE5577416657BB3D7A284F,ERR2168346
ERR2168347,2020-06-19 17:50:49,2020-06-19 18:21:55,631005,379865010,631005,602,212,NA,https://sra-downloadb.be-md.ncbi.nlm.nih.gov/sos4/sra-pub-zq-1/ERR002/2168/ERR2168347/ERR2168347.lite.1,ERX2224789,uraspd,AMPLICON,PCR,METAGENOMIC,PAIRED,524,0,ILLUMINA,Illumina MiSeq,ERP104707,PRJEB22977,NA,640561,ERS1971705,SAMEA104346727,simple,9606,Homo sapiens,SAMEA104346727,NA,NA,NA,NA,NA,NA,no,NA,NA,NA,NA,COPENHAGEN UNIVERSITY,ERA1116241,NA,public,AA717FAA10B5BA80FE7CFD0D2AD98745,E5D5B600979B9AB3092EC34DEAC6213E,ERR2168347
ERR2168348,2020-06-19 17:50:49,2020-06-19 18:22:09,262906,158269412,262906,602,88,NA,https://sra-downloadb.be-md.ncbi.nlm.nih.gov/sos4/sra-pub-zq-1/ERR002/2168/ERR2168348/ERR2168348.lite.1,ERX2224790,uraspd,AMPLICON,PCR,METAGENOMIC,PAIRED,524,0,ILLUMINA,Illumina MiSeq,ERP104707,PRJEB22977,NA,640561,ERS1971706,SAMEA104346728,simple,9606,Homo sapiens,SAMEA104346728,NA,NA,NA,NA,NA,NA,no,NA,NA,NA,NA,COPENHAGEN UNIVERSITY,ERA1116241,NA,public,239BD97A9A3226CFD1F495DA9F920BB1,0701571AAB8CA2E4E0C2A0E54F67A9BD,ERR2168348
ERR2168349,2020-06-19 17:50:49,2020-06-19 18:22:26,367561,221271722,367561,602,123,NA,https://sra-downloadb.be-md.ncbi.nlm.nih.gov/sos4/sra-pub-zq-1/ERR002/2168/ERR2168349/ERR2168349.lite.1,ERX2224791,uraspd,AMPLICON,PCR,METAGENOMIC,PAIRED,524,0,ILLUMINA,Illumina MiSeq,ERP104707,PRJEB22977,NA,640561,ERS1971707,SAMEA104346729,simple,9606,Homo sapiens,SAMEA104346729,NA,NA,NA,NA,NA,NA,no,NA,NA,NA,NA,COPENHAGEN UNIVERSITY,ERA1116241,NA,public,EE6FF433AA93893BDEEC8ED69341C7D6,600F7392FA0D1E766F3A5D419254CBB5,ERR2168349
ERR2168350,2020-06-19 17:50:49,2020-06-19 18:22:38,398462,239874124,398462,602,134,NA,https://sra-downloadb.be-md.ncbi.nlm.nih.gov/sos4/sra-pub-zq-1/ERR002/2168/ERR2168350/ERR2168350.lite.1,ERX2224792,uraspd,AMPLICON,PCR,METAGENOMIC,PAIRED,524,0,ILLUMINA,Illumina MiSeq,ERP104707,PRJEB22977,NA,640561,ERS1971708,SAMEA104346730,simple,9606,Homo sapiens,SAMEA104346730,NA,NA,NA,NA,NA,NA,no,NA,NA,NA,NA,COPENHAGEN UNIVERSITY,ERA1116241,NA,public,612FB71152321D57640C79343276E76D,2D037534A6DC122928089209AE2F9F14,ERR2168350
ERR2168351,2020-06-19 17:50:49,2020-06-19 18:22:40,429729,258696858,429729,602,144,NA,https://sra-downloadb.be-md.ncbi.nlm.nih.gov/sos4/sra-pub-zq-1/ERR002/2168/ERR2168351/ERR2168351.lite.1,ERX2224793,uraspd,AMPLICON,PCR,METAGENOMIC,PAIRED,524,0,ILLUMINA,Illumina MiSeq,ERP104707,PRJEB22977,NA,640561,ERS1971709,SAMEA104346731,simple,9606,Homo sapiens,SAMEA104346731,NA,NA,NA,NA,NA,NA,no,NA,NA,NA,NA,COPENHAGEN UNIVERSITY,ERA1116241,NA,public,12FE3C7BA7B837FDE4870343954E0625,58974919D946946D813CAB5EB1504DB4,ERR2168351
ERR2168352,2020-06-19 17:50:49,2020-06-19 18:22:53,363681,218935962,363681,602,122,NA,https://sra-downloadb.be-md.ncbi.nlm.nih.gov/sos4/sra-pub-zq-1/ERR002/2168/ERR2168352/ERR2168352.lite.1,ERX2224794,uraspd,AMPLICON,PCR,METAGENOMIC,PAIRED,524,0,ILLUMINA,Illumina MiSeq,ERP104707,PRJEB22977,NA,640561,ERS1971710,SAMEA104346732,simple,9606,Homo sapiens,SAMEA104346732,NA,NA,NA,NA,NA,NA,no,NA,NA,NA,NA,COPENHAGEN UNIVERSITY,ERA1116241,NA,public,D47A54D3382A735735163731D81415FB,F5F651C5346DB22FE30057635C2FEEAB,ERR2168352
ERR2168353,2020-06-19 17:50:49,2020-06-19 18:22:54,287346,172982292,287346,602,97,NA,https://sra-downloadb.be-md.ncbi.nlm.nih.gov/sos4/sra-pub-zq-1/ERR002/2168/ERR2168353/ERR2168353.lite.1,ERX2224795,uraspd,AMPLICON,PCR,METAGENOMIC,PAIRED,524,0,ILLUMINA,Illumina MiSeq,ERP104707,PRJEB22977,NA,640561,ERS1971711,SAMEA104346733,simple,9606,Homo sapiens,SAMEA104346733,NA,NA,NA,NA,NA,NA,no,NA,NA,NA,NA,COPENHAGEN UNIVERSITY,ERA1116241,NA,public,F9049067B1BA473B98199CEB86011767,25D9D1E0808956F1631A6FE53ADB60C0,ERR2168353
ERR2168354,2020-06-19 17:50:49,2020-06-19 18:23:08,529364,318677128,529364,602,178,NA,https://sra-downloadb.be-md.ncbi.nlm.nih.gov/sos4/sra-pub-zq-1/ERR002/2168/ERR2168354/ERR2168354.lite.1,ERX2224796,uraspd,AMPLICON,PCR,METAGENOMIC,PAIRED,524,0,ILLUMINA,Illumina MiSeq,ERP104707,PRJEB22977,NA,640561,ERS1971712,SAMEA104346734,simple,9606,Homo sapiens,SAMEA104346734,NA,NA,NA,NA,NA,NA,no,NA,NA,NA,NA,COPENHAGEN UNIVERSITY,ERA1116241,NA,public,77FB71EC67447023017623069097946F,85FF6F1EC552123A29ECECA0AD71CDCD,ERR2168354
ERR2168355,2020-06-19 17:50:49,2020-06-19 18:23:09,297833,179295466,297833,602,99,NA,https://sra-downloadb.be-md.ncbi.nlm.nih.gov/sos4/sra-pub-zq-1/ERR002/2168/ERR2168355/ERR2168355.lite.1,ERX2224797,uraspd,AMPLICON,PCR,METAGENOMIC,PAIRED,524,0,ILLUMINA,Illumina MiSeq,ERP104707,PRJEB22977,NA,640561,ERS1971713,SAMEA104346735,simple,9606,Homo sapiens,SAMEA104346735,NA,NA,NA,NA,NA,NA,no,NA,NA,NA,NA,COPENHAGEN UNIVERSITY,ERA1116241,NA,public,9C5358F1508F85CCF4CF1B8A27D0867C,FA04EC52CCE824E579A6B5ECE9409E0D,ERR2168355
ERR2168356,2020-06-19 17:50:49,2020-06-19 18:23:22,353450,212776900,353450,602,118,NA,https://sra-downloadb.be-md.ncbi.nlm.nih.gov/sos4/sra-pub-zq-1/ERR002/2168/ERR2168356/ERR2168356.lite.1,ERX2224798,uraspd,AMPLICON,PCR,METAGENOMIC,PAIRED,524,0,ILLUMINA,Illumina MiSeq,ERP104707,PRJEB22977,NA,640561,ERS1971714,SAMEA104346736,simple,9606,Homo sapiens,SAMEA104346736,NA,NA,NA,NA,NA,NA,no,NA,NA,NA,NA,COPENHAGEN UNIVERSITY,ERA1116241,NA,public,3913FF89A137D2467AB34B992E60B70D,9840A483D827B27DFFE66993999973CF,ERR2168356
ERR2168357,2020-06-19 17:50:49,2020-06-19 18:23:25,450571,271243742,450571,602,152,NA,https://sra-downloadb.be-md.ncbi.nlm.nih.gov/sos4/sra-pub-zq-1/ERR002/2168/ERR2168357/ERR2168357.lite.1,ERX2224799,uraspd,AMPLICON,PCR,METAGENOMIC,PAIRED,524,0,ILLUMINA,Illumina MiSeq,ERP104707,PRJEB22977,NA,640561,ERS1971715,SAMEA104346737,simple,9606,Homo sapiens,SAMEA104346737,NA,NA,NA,NA,NA,NA,no,NA,NA,NA,NA,COPENHAGEN UNIVERSITY,ERA1116241,NA,public,57B95CEA32ADFD38B5B13D0BC86DC358,DA84ABF12585378490C8468615A56CA4,ERR2168357
ERR2168358,2020-06-19 17:50:49,2020-06-19 18:23:37,419034,252258468,419034,602,141,NA,https://sra-downloadb.be-md.ncbi.nlm.nih.gov/sos4/sra-pub-zq-1/ERR002/2168/ERR2168358/ERR2168358.lite.1,ERX2224800,uraspd,AMPLICON,PCR,METAGENOMIC,PAIRED,524,0,ILLUMINA,Illumina MiSeq,ERP104707,PRJEB22977,NA,640561,ERS1971716,SAMEA104346738,simple,9606,Homo sapiens,SAMEA104346738,NA,NA,NA,NA,NA,NA,no,NA,NA,NA,NA,COPENHAGEN UNIVERSITY,ERA1116241,NA,public,9CC6C25FF4DB1D8011D61893AA2981F2,D194A9105A86A58BDE4A55C42CF15D59,ERR2168358
ERR2168359,2020-06-19 17:50:49,2020-06-19 18:23:37,396908,238938616,396908,602,134,NA,https://sra-downloadb.be-md.ncbi.nlm.nih.gov/sos4/sra-pub-zq-1/ERR002/2168/ERR2168359/ERR2168359.lite.1,ERX2224801,uraspd,AMPLICON,PCR,METAGENOMIC,PAIRED,524,0,ILLUMINA,Illumina MiSeq,ERP104707,PRJEB22977,NA,640561,ERS1971717,SAMEA104346739,simple,9606,Homo sapiens,SAMEA104346739,NA,NA,NA,NA,NA,NA,no,NA,NA,NA,NA,COPENHAGEN UNIVERSITY,ERA1116241,NA,public,A761086F8BB3C071A9447A34A015690D,33C4EE85754BFC82099ED3E4D51AEC1B,ERR2168359
ERR2168360,2020-06-19 17:50:49,2020-06-19 18:23:51,269276,162104152,269276,602,90,NA,https://sra-downloadb.be-md.ncbi.nlm.nih.gov/sos4/sra-pub-zq-1/ERR002/2168/ERR2168360/ERR2168360.lite.1,ERX2224802,uraspd,AMPLICON,PCR,METAGENOMIC,PAIRED,524,0,ILLUMINA,Illumina MiSeq,ERP104707,PRJEB22977,NA,640561,ERS1971718,SAMEA104346740,simple,9606,Homo sapiens,SAMEA104346740,NA,NA,NA,NA,NA,NA,no,NA,NA,NA,NA,COPENHAGEN UNIVERSITY,ERA1116241,NA,public,41B98B1A6F1FDD661D4346FB96E70081,E9A0698334D4BAB12ABC984A2386EB99,ERR2168360
ERR2168361,2020-06-19 17:50:49,2020-06-19 18:23:54,404692,243624584,404692,602,136,NA,https://sra-downloadb.be-md.ncbi.nlm.nih.gov/sos4/sra-pub-zq-1/ERR002/2168/ERR2168361/ERR2168361.lite.1,ERX2224803,uraspd,AMPLICON,PCR,METAGENOMIC,PAIRED,524,0,ILLUMINA,Illumina MiSeq,ERP104707,PRJEB22977,NA,640561,ERS1971719,SAMEA104346741,simple,9606,Homo sapiens,SAMEA104346741,NA,NA,NA,NA,NA,NA,no,NA,NA,NA,NA,COPENHAGEN UNIVERSITY,ERA1116241,NA,public,A3F0BCC8732BD13081B2CAF86F20BC5D,D0A5540D429F899F8772FB7A75833BBC,ERR2168361
ERR2168362,2020-06-19 17:50:49,2020-06-19 18:24:05,257434,154975268,257434,602,87,NA,https://sra-downloadb.be-md.ncbi.nlm.nih.gov/sos4/sra-pub-zq-1/ERR002/2168/ERR2168362/ERR2168362.lite.1,ERX2224804,uraspd,AMPLICON,PCR,METAGENOMIC,PAIRED,524,0,ILLUMINA,Illumina MiSeq,ERP104707,PRJEB22977,NA,640561,ERS1971720,SAMEA104346742,simple,9606,Homo sapiens,SAMEA104346742,NA,NA,NA,NA,NA,NA,no,NA,NA,NA,NA,COPENHAGEN UNIVERSITY,ERA1116241,NA,public,FE4795BA8885BF59C0DE51C75576EBEF,57BA1958162202ECA4C61A4F237D0642,ERR2168362
ERR2168363,2020-06-19 17:50:49,2020-06-19 18:24:10,287995,173372990,287995,602,97,NA,https://sra-downloadb.be-md.ncbi.nlm.nih.gov/sos4/sra-pub-zq-1/ERR002/2168/ERR2168363/ERR2168363.lite.1,ERX2224805,uraspd,AMPLICON,PCR,METAGENOMIC,PAIRED,524,0,ILLUMINA,Illumina MiSeq,ERP104707,PRJEB22977,NA,640561,ERS1971721,SAMEA104346743,simple,9606,Homo sapiens,SAMEA104346743,NA,NA,NA,NA,NA,NA,no,NA,NA,NA,NA,COPENHAGEN UNIVERSITY,ERA1116241,NA,public,4C06B7DA63C0EA54EE0A4C49A0593065,A75CFAD4D5F49A6207C54FD5B4B12A87,ERR2168363
ERR2168364,2020-06-19 17:50:49,2020-06-19 18:24:19,340120,204752240,340120,602,114,NA,https://sra-downloadb.be-md.ncbi.nlm.nih.gov/sos4/sra-pub-zq-1/ERR002/2168/ERR2168364/ERR2168364.lite.1,ERX2224806,uraspd,AMPLICON,PCR,METAGENOMIC,PAIRED,524,0,ILLUMINA,Illumina MiSeq,ERP104707,PRJEB22977,NA,640561,ERS1971722,SAMEA104346744,simple,9606,Homo sapiens,SAMEA104346744,NA,NA,NA,NA,NA,NA,no,NA,NA,NA,NA,COPENHAGEN UNIVERSITY,ERA1116241,NA,public,58D13EC89A6939C2FE6E468AAE1B2664,5C5CCF25587358D58DC1416D37C1886F,ERR2168364
ERR2168365,2020-06-19 17:50:49,2020-06-19 18:24:25,407590,245369180,407590,602,137,NA,https://sra-downloadb.be-md.ncbi.nlm.nih.gov/sos4/sra-pub-zq-1/ERR002/2168/ERR2168365/ERR2168365.lite.1,ERX2224807,uraspd,AMPLICON,PCR,METAGENOMIC,PAIRED,524,0,ILLUMINA,Illumina MiSeq,ERP104707,PRJEB22977,NA,640561,ERS1971723,SAMEA104346745,simple,9606,Homo sapiens,SAMEA104346745,NA,NA,NA,NA,NA,NA,no,NA,NA,NA,NA,COPENHAGEN UNIVERSITY,ERA1116241,NA,public,5BA0098703FDF22818BEC072420A7C83,25F2AB83E7B3677C033A49AF71A533B1,ERR2168365
ERR2168366,2020-06-19 17:50:49,2020-06-19 18:24:33,294318,177179436,294318,602,98,NA,https://sra-downloadb.be-md.ncbi.nlm.nih.gov/sos4/sra-pub-zq-1/ERR002/2168/ERR2168366/ERR2168366.lite.1,ERX2224808,uraspd,AMPLICON,PCR,METAGENOMIC,PAIRED,524,0,ILLUMINA,Illumina MiSeq,ERP104707,PRJEB22977,NA,640561,ERS1971724,SAMEA104346746,simple,9606,Homo sapiens,SAMEA104346746,NA,NA,NA,NA,NA,NA,no,NA,NA,NA,NA,COPENHAGEN UNIVERSITY,ERA1116241,NA,public,DF5B761A50AE9AB852FED57C7E765FAA,13283F02B76A98C9BBACEB7314914565,ERR2168366
ERR2168367,2020-06-19 17:50:49,2020-06-19 18:24:41,422877,254571954,422877,602,142,NA,https://sra-downloadb.be-md.ncbi.nlm.nih.gov/sos4/sra-pub-zq-1/ERR002/2168/ERR2168367/ERR2168367.lite.1,ERX2224809,uraspd,AMPLICON,PCR,METAGENOMIC,PAIRED,524,0,ILLUMINA,Illumina MiSeq,ERP104707,PRJEB22977,NA,640561,ERS1971725,SAMEA104346747,simple,9606,Homo sapiens,SAMEA104346747,NA,NA,NA,NA,NA,NA,no,NA,NA,NA,NA,COPENHAGEN UNIVERSITY,ERA1116241,NA,public,93141D72F2D3AD4559EAB81E21C2BCFF,5BE858562CBF5A1EDD73EFA1E8E782AF,ERR2168367
ERR2168368,2020-06-19 17:50:49,2020-06-19 18:24:48,403644,242993688,403644,602,135,NA,https://sra-downloadb.be-md.ncbi.nlm.nih.gov/sos4/sra-pub-zq-1/ERR002/2168/ERR2168368/ERR2168368.lite.1,ERX2224810,uraspd,AMPLICON,PCR,METAGENOMIC,PAIRED,524,0,ILLUMINA,Illumina MiSeq,ERP104707,PRJEB22977,NA,640561,ERS1971726,SAMEA104346748,simple,9606,Homo sapiens,SAMEA104346748,NA,NA,NA,NA,NA,NA,no,NA,NA,NA,NA,COPENHAGEN UNIVERSITY,ERA1116241,NA,public,B6EFA23E4EAB2FB4A633B1555AC8E420,71B2AFFA69D9415E2AA52B7C123D559A,ERR2168368
ERR2168369,2020-06-19 17:50:49,2020-06-19 18:24:59,450426,271156452,450426,602,151,NA,https://sra-downloadb.be-md.ncbi.nlm.nih.gov/sos4/sra-pub-zq-1/ERR002/2168/ERR2168369/ERR2168369.lite.1,ERX2224811,uraspd,AMPLICON,PCR,METAGENOMIC,PAIRED,524,0,ILLUMINA,Illumina MiSeq,ERP104707,PRJEB22977,NA,640561,ERS1971727,SAMEA104346749,simple,9606,Homo sapiens,SAMEA104346749,NA,NA,NA,NA,NA,NA,no,NA,NA,NA,NA,COPENHAGEN UNIVERSITY,ERA1116241,NA,public,DB7B108E0578FB3327E7E62E493AE6F5,B4E44A1A6629BB56FCBBD73DC21117E4,ERR2168369
ERR2168370,2020-06-19 17:50:49,2020-06-19 18:25:05,401224,241536848,401224,602,135,NA,https://sra-downloadb.be-md.ncbi.nlm.nih.gov/sos4/sra-pub-zq-1/ERR002/2168/ERR2168370/ERR2168370.lite.1,ERX2224812,uraspd,AMPLICON,PCR,METAGENOMIC,PAIRED,524,0,ILLUMINA,Illumina MiSeq,ERP104707,PRJEB22977,NA,640561,ERS1971728,SAMEA104346750,simple,9606,Homo sapiens,SAMEA104346750,NA,NA,NA,NA,NA,NA,no,NA,NA,NA,NA,COPENHAGEN UNIVERSITY,ERA1116241,NA,public,DC1A8B827DA3F00F63C60A5560D7E6AA,12DE49F3FB1A1AE27A408E189E6DDF33,ERR2168370
ERR2168371,2020-06-19 17:50:49,2020-06-19 18:25:17,402369,242226138,402369,602,135,NA,https://sra-downloadb.be-md.ncbi.nlm.nih.gov/sos4/sra-pub-zq-1/ERR002/2168/ERR2168371/ERR2168371.lite.1,ERX2224813,uraspd,AMPLICON,PCR,METAGENOMIC,PAIRED,524,0,ILLUMINA,Illumina MiSeq,ERP104707,PRJEB22977,NA,640561,ERS1971729,SAMEA104346751,simple,9606,Homo sapiens,SAMEA104346751,NA,NA,NA,NA,NA,NA,no,NA,NA,NA,NA,COPENHAGEN UNIVERSITY,ERA1116241,NA,public,07FF1CD5CCB669F837AFBB4F3ED08D0C,32C480B5DEED96B372C1E2463F9968D3,ERR2168371
ERR2168372,2020-06-19 17:50:49,2020-06-19 18:25:21,410029,246837458,410029,602,138,NA,https://sra-downloadb.be-md.ncbi.nlm.nih.gov/sos4/sra-pub-zq-1/ERR002/2168/ERR2168372/ERR2168372.lite.1,ERX2224814,uraspd,AMPLICON,PCR,METAGENOMIC,PAIRED,524,0,ILLUMINA,Illumina MiSeq,ERP104707,PRJEB22977,NA,640561,ERS1971730,SAMEA104346752,simple,9606,Homo sapiens,SAMEA104346752,NA,NA,NA,NA,NA,NA,no,NA,NA,NA,NA,COPENHAGEN UNIVERSITY,ERA1116241,NA,public,5D1A3D623A49E968758C7524A7D2FB04,287BA3B4C2EC721D58FB5B3551D384BB,ERR2168372
ERR2168373,2020-06-19 17:50:49,2020-06-19 18:25:34,387818,233466436,387818,602,130,NA,https://sra-downloadb.be-md.ncbi.nlm.nih.gov/sos4/sra-pub-zq-1/ERR002/2168/ERR2168373/ERR2168373.lite.1,ERX2224815,uraspd,AMPLICON,PCR,METAGENOMIC,PAIRED,524,0,ILLUMINA,Illumina MiSeq,ERP104707,PRJEB22977,NA,640561,ERS1971731,SAMEA104346753,simple,9606,Homo sapiens,SAMEA104346753,NA,NA,NA,NA,NA,NA,no,NA,NA,NA,NA,COPENHAGEN UNIVERSITY,ERA1116241,NA,public,1A06DC958ECEC46BD51EBB92B110F655,74C13378E700747A703EA8128BDC17C2,ERR2168373
ERR2767719,2018-10-28 09:46:38,2018-10-28 19:53:23,15164,3825710,0,252,2,NA,https://sra-downloadb.be-md.ncbi.nlm.nih.gov/sos5/sra-pub-zq-14/ERR002/767/ERR2767719.sralite.1,ERX2780560,16S rRNA V4 dual index,AMPLICON,PCR,OTHER,SINGLE,0,0,ILLUMINA,Illumina MiSeq,ERP110578,PRJEB28382,NA,498883,ERS2696499,SAMEA4877531,simple,410661,mouse gut metagenome,SAMEA4877531,NA,NA,NA,NA,NA,NA,no,NA,NA,NA,NA,"YALE UNIVERSITY, NEW HAVEN, UNITED STATES",ERA1584524,NA,public,4381EBD99E4729D24DF27E6F3DB254DB,6284B11A7B7F9CE143C641D2F2115CCA,ERR2767719
ERR2767720,2018-10-28 09:46:38,2018-10-28 19:53:34,34927,8805441,0,252,5,NA,https://sra-downloadb.be-md.ncbi.nlm.nih.gov/sos5/sra-pub-zq-14/ERR002/767/ERR2767720.sralite.1,ERX2780561,16S rRNA V4 dual index,AMPLICON,PCR,OTHER,SINGLE,0,0,ILLUMINA,Illumina MiSeq,ERP110578,PRJEB28382,NA,498883,ERS2696500,SAMEA4877532,simple,410661,mouse gut metagenome,SAMEA4877532,NA,NA,NA,NA,NA,NA,no,NA,NA,NA,NA,"YALE UNIVERSITY, NEW HAVEN, UNITED STATES",ERA1584524,NA,public,BFF6D6D84EFB2C58AA81A93D40A11A70,42F55BEFCB1AB69BF6E1103AFCFE4B11,ERR2767720
ERR2767721,2018-10-28 09:46:38,2018-10-28 19:53:44,26059,6569054,0,252,3,NA,https://sra-downloadb.be-md.ncbi.nlm.nih.gov/sos5/sra-pub-zq-14/ERR002/767/ERR2767721.sralite.1,ERX2780562,16S rRNA V4 dual index,AMPLICON,PCR,OTHER,SINGLE,0,0,ILLUMINA,Illumina MiSeq,ERP110578,PRJEB28382,NA,498883,ERS2696501,SAMEA4877533,simple,410661,mouse gut metagenome,SAMEA4877533,NA,NA,NA,NA,NA,NA,no,NA,NA,NA,NA,"YALE UNIVERSITY, NEW HAVEN, UNITED STATES",ERA1584524,NA,public,E026FE5D04A222369DAA391293DF599E,27C68DDE4C10B8F2F51BEB7CAD05FBB1,ERR2767721
ERR2767722,2018-10-28 09:46:38,2018-10-28 19:53:54,30934,7795801,0,252,4,NA,https://sra-downloadb.be-md.ncbi.nlm.nih.gov/sos5/sra-pub-zq-14/ERR002/767/ERR2767722.sralite.1,ERX2780563,16S rRNA V4 dual index,AMPLICON,PCR,OTHER,SINGLE,0,0,ILLUMINA,Illumina MiSeq,ERP110578,PRJEB28382,NA,498883,ERS2696502,SAMEA4877534,simple,410661,mouse gut metagenome,SAMEA4877534,NA,NA,NA,NA,NA,NA,no,NA,NA,NA,NA,"YALE UNIVERSITY, NEW HAVEN, UNITED STATES",ERA1584524,NA,public,4B7ADCA1B6E7FD622272A897E7C509C7,F5DAD35408C3FA5BD90E071B3CB9E1B2,ERR2767722
ERR2767723,2018-10-28 09:46:38,2018-10-28 19:54:05,22999,5795129,0,251,3,NA,https://sra-downloadb.be-md.ncbi.nlm.nih.gov/sos5/sra-pub-zq-14/ERR002/767/ERR2767723.sralite.1,ERX2780564,16S rRNA V4 dual index,AMPLICON,PCR,OTHER,SINGLE,0,0,ILLUMINA,Illumina MiSeq,ERP110578,PRJEB28382,NA,498883,ERS2696503,SAMEA4877535,simple,410661,mouse gut metagenome,SAMEA4877535,NA,NA,NA,NA,NA,NA,no,NA,NA,NA,NA,"YALE UNIVERSITY, NEW HAVEN, UNITED STATES",ERA1584524,NA,public,FC8EC4AFB656AE67D0BC1665227A1266,3AB9D2954BFC26EA8BD226B0B2B5D9CE,ERR2767723
ERR2767724,2018-10-28 09:46:38,2018-10-28 19:54:31,22479,5664549,0,251,3,NA,https://sra-downloadb.be-md.ncbi.nlm.nih.gov/sos5/sra-pub-zq-14/ERR002/767/ERR2767724.sralite.1,ERX2780565,16S rRNA V4 dual index,AMPLICON,PCR,OTHER,SINGLE,0,0,ILLUMINA,Illumina MiSeq,ERP110578,PRJEB28382,NA,498883,ERS2696504,SAMEA4877536,simple,410661,mouse gut metagenome,SAMEA4877536,NA,NA,NA,NA,NA,NA,no,NA,NA,NA,NA,"YALE UNIVERSITY, NEW HAVEN, UNITED STATES",ERA1584524,NA,public,B40EFF8A74EB4ABC2037CE2A0C0C22B2,AE4BC496E145A360A6FA66D4FDC32CED,ERR2767724
ERR2767725,2018-10-28 09:46:38,2018-10-28 19:54:41,14974,3776476,0,252,2,NA,https://sra-downloadb.be-md.ncbi.nlm.nih.gov/sos5/sra-pub-zq-14/ERR002/767/ERR2767725.sralite.1,ERX2780566,16S rRNA V4 dual index,AMPLICON,PCR,OTHER,SINGLE,0,0,ILLUMINA,Illumina MiSeq,ERP110578,PRJEB28382,NA,498883,ERS2696505,SAMEA4877537,simple,410661,mouse gut metagenome,SAMEA4877537,NA,NA,NA,NA,NA,NA,no,NA,NA,NA,NA,"YALE UNIVERSITY, NEW HAVEN, UNITED STATES",ERA1584524,NA,public,1192F66A751FA7705D4130A91C581712,873B93E83C8B47980BA4B736F5A651BF,ERR2767725
ERR2767726,2018-10-28 09:46:38,2018-10-28 19:54:51,26498,6681405,0,252,3,NA,https://sra-downloadb.be-md.ncbi.nlm.nih.gov/sos5/sra-pub-zq-14/ERR002/767/ERR2767726.sralite.1,ERX2780567,16S rRNA V4 dual index,AMPLICON,PCR,OTHER,SINGLE,0,0,ILLUMINA,Illumina MiSeq,ERP110578,PRJEB28382,NA,498883,ERS2696506,SAMEA4877538,simple,410661,mouse gut metagenome,SAMEA4877538,NA,NA,NA,NA,NA,NA,no,NA,NA,NA,NA,"YALE UNIVERSITY, NEW HAVEN, UNITED STATES",ERA1584524,NA,public,D882562E5B81724C9E0964E63A3C9190,C66AC05566583D3600F67C2BE76D0596,ERR2767726
ERR2767727,2018-10-28 09:46:38,2018-10-28 19:55:09,42995,10830642,0,251,6,NA,https://sra-downloadb.be-md.ncbi.nlm.nih.gov/sos5/sra-pub-zq-14/ERR002/767/ERR2767727.sralite.1,ERX2780568,16S rRNA V4 dual index,AMPLICON,PCR,OTHER,SINGLE,0,0,ILLUMINA,Illumina MiSeq,ERP110578,PRJEB28382,NA,498883,ERS2696507,SAMEA4877539,simple,410661,mouse gut metagenome,SAMEA4877539,NA,NA,NA,NA,NA,NA,no,NA,NA,NA,NA,"YALE UNIVERSITY, NEW HAVEN, UNITED STATES",ERA1584524,NA,public,27094C474667F3F74231306DD16CAE74,26F8598EB650D9E5E4D3F9AB009393C9,ERR2767727
ERR2767728,2018-10-28 09:46:38,2018-10-28 19:55:21,35835,9029302,0,251,5,NA,https://sra-downloadb.be-md.ncbi.nlm.nih.gov/sos5/sra-pub-zq-14/ERR002/767/ERR2767728.sralite.1,ERX2780569,16S rRNA V4 dual index,AMPLICON,PCR,OTHER,SINGLE,0,0,ILLUMINA,Illumina MiSeq,ERP110578,PRJEB28382,NA,498883,ERS2696508,SAMEA4877540,simple,410661,mouse gut metagenome,SAMEA4877540,NA,NA,NA,NA,NA,NA,no,NA,NA,NA,NA,"YALE UNIVERSITY, NEW HAVEN, UNITED STATES",ERA1584524,NA,public,0044BA27134100F463284AC90F2260C0,D803B69E0E4B7F8CCC81515E769D43DF,ERR2767728
ERR2767729,2018-10-28 09:46:38,2018-10-28 19:55:31,54393,13710926,0,252,8,NA,https://sra-downloadb.be-md.ncbi.nlm.nih.gov/sos5/sra-pub-zq-14/ERR002/767/ERR2767729.sralite.1,ERX2780570,16S rRNA V4 dual index,AMPLICON,PCR,OTHER,SINGLE,0,0,ILLUMINA,Illumina MiSeq,ERP110578,PRJEB28382,NA,498883,ERS2696509,SAMEA4877541,simple,410661,mouse gut metagenome,SAMEA4877541,NA,NA,NA,NA,NA,NA,no,NA,NA,NA,NA,"YALE UNIVERSITY, NEW HAVEN, UNITED STATES",ERA1584524,NA,public,88198FF5D606AA1DD356F6938DB744B3,4281407AD26D77D728BC2A7E5BE825F0,ERR2767729
ERR2767730,2018-10-28 09:46:38,2018-10-28 19:55:43,38548,9723204,0,252,5,NA,https://sra-downloadb.be-md.ncbi.nlm.nih.gov/sos5/sra-pub-zq-14/ERR002/767/ERR2767730.sralite.1,ERX2780571,16S rRNA V4 dual index,AMPLICON,PCR,OTHER,SINGLE,0,0,ILLUMINA,Illumina MiSeq,ERP110578,PRJEB28382,NA,498883,ERS2696510,SAMEA4877542,simple,410661,mouse gut metagenome,SAMEA4877542,NA,NA,NA,NA,NA,NA,no,NA,NA,NA,NA,"YALE UNIVERSITY, NEW HAVEN, UNITED STATES",ERA1584524,NA,public,FEB1BCC54CEAA3C7F70BCA6110DA9C8F,3727B78E7783EED3BC2F5ABF44D200CB,ERR2767730
ERR2767731,2018-10-28 09:46:38,2018-10-28 19:55:53,27480,6929827,0,252,4,NA,https://sra-downloadb.be-md.ncbi.nlm.nih.gov/sos5/sra-pub-zq-14/ERR002/767/ERR2767731.sralite.1,ERX2780572,16S rRNA V4 dual index,AMPLICON,PCR,OTHER,SINGLE,0,0,ILLUMINA,Illumina MiSeq,ERP110578,PRJEB28382,NA,498883,ERS2696511,SAMEA4877543,simple,410661,mouse gut metagenome,SAMEA4877543,NA,NA,NA,NA,NA,NA,no,NA,NA,NA,NA,"YALE UNIVERSITY, NEW HAVEN, UNITED STATES",ERA1584524,NA,public,2E8215A084AF7894E160A934ACD6DA1F,F29E5AAEB4CF31F79D0299A06960B007,ERR2767731
ERR2767732,2018-10-28 09:46:38,2018-10-28 19:56:14,36020,9082839,0,252,5,NA,https://sra-downloadb.be-md.ncbi.nlm.nih.gov/sos5/sra-pub-zq-14/ERR002/767/ERR2767732.sralite.1,ERX2780573,16S rRNA V4 dual index,AMPLICON,PCR,OTHER,SINGLE,0,0,ILLUMINA,Illumina MiSeq,ERP110578,PRJEB28382,NA,498883,ERS2696512,SAMEA4877544,simple,410661,mouse gut metagenome,SAMEA4877544,NA,NA,NA,NA,NA,NA,no,NA,NA,NA,NA,"YALE UNIVERSITY, NEW HAVEN, UNITED STATES",ERA1584524,NA,public,36BF5D43414C5AB3A879F3B2332324F6,3B4181F41D3708AE7E65BE19C318A936,ERR2767732
ERR2767733,2018-10-28 09:46:38,2018-10-28 19:56:24,15120,3814299,0,252,2,NA,https://sra-downloadb.be-md.ncbi.nlm.nih.gov/sos5/sra-pub-zq-14/ERR002/767/ERR2767733.sralite.1,ERX2780574,16S rRNA V4 dual index,AMPLICON,PCR,OTHER,SINGLE,0,0,ILLUMINA,Illumina MiSeq,ERP110578,PRJEB28382,NA,498883,ERS2696513,SAMEA4877545,simple,410661,mouse gut metagenome,SAMEA4877545,NA,NA,NA,NA,NA,NA,no,NA,NA,NA,NA,"YALE UNIVERSITY, NEW HAVEN, UNITED STATES",ERA1584524,NA,public,8EC8451CA6C7BA9B95C87A190DFE152D,D6569FEF69ED054AD5805EEA597A0454,ERR2767733
ERR2767734,2018-10-28 09:46:38,2018-10-28 19:57:30,9061,2287351,0,252,1,NA,https://sra-downloadb.be-md.ncbi.nlm.nih.gov/sos5/sra-pub-zq-14/ERR002/767/ERR2767734.sralite.1,ERX2780575,16S rRNA V4 dual index,AMPLICON,PCR,OTHER,SINGLE,0,0,ILLUMINA,Illumina MiSeq,ERP110578,PRJEB28382,NA,498883,ERS2696514,SAMEA4877546,simple,410661,mouse gut metagenome,SAMEA4877546,NA,NA,NA,NA,NA,NA,no,NA,NA,NA,NA,"YALE UNIVERSITY, NEW HAVEN, UNITED STATES",ERA1584524,NA,public,FDA4E31B1CA3C2F469410FE1DC544C9D,D8BEF7F3392CCE8BB6AAB067018CD00E,ERR2767734
ERR2767735,2018-10-28 09:46:38,2018-10-28 19:57:40,17793,4486315,0,252,2,NA,https://sra-downloadb.be-md.ncbi.nlm.nih.gov/sos5/sra-pub-zq-14/ERR002/767/ERR2767735.sralite.1,ERX2780576,16S rRNA V4 dual index,AMPLICON,PCR,OTHER,SINGLE,0,0,ILLUMINA,Illumina MiSeq,ERP110578,PRJEB28382,NA,498883,ERS2696515,SAMEA4877547,simple,410661,mouse gut metagenome,SAMEA4877547,NA,NA,NA,NA,NA,NA,no,NA,NA,NA,NA,"YALE UNIVERSITY, NEW HAVEN, UNITED STATES",ERA1584524,NA,public,F9A5B2640E446BA4960BD037BCBD4F95,62310F17C2DAD634B0E9184F5E8DAA71,ERR2767735
ERR2767736,2018-10-28 09:46:38,2018-10-28 19:57:50,35579,8976704,0,252,5,NA,https://sra-downloadb.be-md.ncbi.nlm.nih.gov/sos5/sra-pub-zq-14/ERR002/767/ERR2767736.sralite.1,ERX2780577,16S rRNA V4 dual index,AMPLICON,PCR,OTHER,SINGLE,0,0,ILLUMINA,Illumina MiSeq,ERP110578,PRJEB28382,NA,498883,ERS2696516,SAMEA4877548,simple,410661,mouse gut metagenome,SAMEA4877548,NA,NA,NA,NA,NA,NA,no,NA,NA,NA,NA,"YALE UNIVERSITY, NEW HAVEN, UNITED STATES",ERA1584524,NA,public,BA95A4F28AD7976AC1DB8389AB76DDE9,DB94A9BC45AEA1A363C4CAB58B7CF9E4,ERR2767736
ERR2767737,2018-10-28 09:46:38,2018-10-28 19:58:08,32198,8118664,0,252,4,NA,https://sra-downloadb.be-md.ncbi.nlm.nih.gov/sos5/sra-pub-zq-14/ERR002/767/ERR2767737.sralite.1,ERX2780578,16S rRNA V4 dual index,AMPLICON,PCR,OTHER,SINGLE,0,0,ILLUMINA,Illumina MiSeq,ERP110578,PRJEB28382,NA,498883,ERS2696517,SAMEA4877549,simple,410661,mouse gut metagenome,SAMEA4877549,NA,NA,NA,NA,NA,NA,no,NA,NA,NA,NA,"YALE UNIVERSITY, NEW HAVEN, UNITED STATES",ERA1584524,NA,public,1374D6A4E0332E0DAB0A5895B5C57B9B,2CD17893DED4D7A1ED1F80DCF5C84942,ERR2767737
ERR2767738,2018-10-28 09:46:38,2018-10-28 19:58:30,26386,6654983,0,252,3,NA,https://sra-downloadb.be-md.ncbi.nlm.nih.gov/sos5/sra-pub-zq-14/ERR002/767/ERR2767738.sralite.1,ERX2780579,16S rRNA V4 dual index,AMPLICON,PCR,OTHER,SINGLE,0,0,ILLUMINA,Illumina MiSeq,ERP110578,PRJEB28382,NA,498883,ERS2696518,SAMEA4877550,simple,410661,mouse gut metagenome,SAMEA4877550,NA,NA,NA,NA,NA,NA,no,NA,NA,NA,NA,"YALE UNIVERSITY, NEW HAVEN, UNITED STATES",ERA1584524,NA,public,A94042D7CBDFEE77EC5C277D285D5F07,F6AC3986833E5AE76746E33B6700AD97,ERR2767738
ERR2767739,2018-10-28 09:46:38,2018-10-28 19:58:40,33833,8530734,0,252,5,NA,https://sra-downloadb.be-md.ncbi.nlm.nih.gov/sos5/sra-pub-zq-14/ERR002/767/ERR2767739.sralite.1,ERX2780580,16S rRNA V4 dual index,AMPLICON,PCR,OTHER,SINGLE,0,0,ILLUMINA,Illumina MiSeq,ERP110578,PRJEB28382,NA,498883,ERS2696519,SAMEA4877551,simple,410661,mouse gut metagenome,SAMEA4877551,NA,NA,NA,NA,NA,NA,no,NA,NA,NA,NA,"YALE UNIVERSITY, NEW HAVEN, UNITED STATES",ERA1584524,NA,public,A1FF68BD83AE20F78DB691465A42CC75,A53BD728E5BC603753476DCF2BB74E8D,ERR2767739
ERR2767740,2018-10-28 09:46:38,2018-10-28 19:59:30,21853,5510345,0,252,3,NA,https://sra-downloadb.be-md.ncbi.nlm.nih.gov/sos5/sra-pub-zq-14/ERR002/767/ERR2767740.sralite.1,ERX2780581,16S rRNA V4 dual index,AMPLICON,PCR,OTHER,SINGLE,0,0,ILLUMINA,Illumina MiSeq,ERP110578,PRJEB28382,NA,498883,ERS2696520,SAMEA4877552,simple,410661,mouse gut metagenome,SAMEA4877552,NA,NA,NA,NA,NA,NA,no,NA,NA,NA,NA,"YALE UNIVERSITY, NEW HAVEN, UNITED STATES",ERA1584524,NA,public,CB74512DD096DFC200C57677591DA761,8B9631CE40FB11B13D8F5039D36376EE,ERR2767740
ERR2767741,2018-10-28 09:46:38,2018-10-28 19:59:40,39359,9919665,0,252,5,NA,https://sra-downloadb.be-md.ncbi.nlm.nih.gov/sos5/sra-pub-zq-14/ERR002/767/ERR2767741.sralite.1,ERX2780582,16S rRNA V4 dual index,AMPLICON,PCR,OTHER,SINGLE,0,0,ILLUMINA,Illumina MiSeq,ERP110578,PRJEB28382,NA,498883,ERS2696521,SAMEA4877553,simple,410661,mouse gut metagenome,SAMEA4877553,NA,NA,NA,NA,NA,NA,no,NA,NA,NA,NA,"YALE UNIVERSITY, NEW HAVEN, UNITED STATES",ERA1584524,NA,public,8FAB60745FFEC0BD944AB18F9153EA13,9BA00173F8921F3811EF3F369BCD2C36,ERR2767741
ERR2767742,2018-10-28 09:46:38,2018-10-28 19:59:50,32771,8263349,0,252,4,NA,https://sra-downloadb.be-md.ncbi.nlm.nih.gov/sos5/sra-pub-zq-14/ERR002/767/ERR2767742.sralite.1,ERX2780583,16S rRNA V4 dual index,AMPLICON,PCR,OTHER,SINGLE,0,0,ILLUMINA,Illumina MiSeq,ERP110578,PRJEB28382,NA,498883,ERS2696522,SAMEA4877554,simple,410661,mouse gut metagenome,SAMEA4877554,NA,NA,NA,NA,NA,NA,no,NA,NA,NA,NA,"YALE UNIVERSITY, NEW HAVEN, UNITED STATES",ERA1584524,NA,public,D656781D71F4E5167CFA61A170ECEDCE,33463F1C95EEAEE4D47C4E5C843D3218,ERR2767742
ERR2767743,2018-10-28 09:46:38,2018-10-28 20:00:01,19046,4796863,0,251,2,NA,https://sra-downloadb.be-md.ncbi.nlm.nih.gov/sos5/sra-pub-zq-14/ERR002/767/ERR2767743.sralite.1,ERX2780584,16S rRNA V4 dual index,AMPLICON,PCR,OTHER,SINGLE,0,0,ILLUMINA,Illumina MiSeq,ERP110578,PRJEB28382,NA,498883,ERS2696523,SAMEA4877555,simple,410661,mouse gut metagenome,SAMEA4877555,NA,NA,NA,NA,NA,NA,no,NA,NA,NA,NA,"YALE UNIVERSITY, NEW HAVEN, UNITED STATES",ERA1584524,NA,public,2DAD64196786982B71313BAE1CC47926,29C0A7AF6C19FCE43FE2152B2180F86A,ERR2767743
ERR2767744,2018-10-28 09:46:38,2018-10-28 20:00:12,29325,7394376,0,252,4,NA,https://sra-downloadb.be-md.ncbi.nlm.nih.gov/sos5/sra-pub-zq-14/ERR002/767/ERR2767744.sralite.1,ERX2780585,16S rRNA V4 dual index,AMPLICON,PCR,OTHER,SINGLE,0,0,ILLUMINA,Illumina MiSeq,ERP110578,PRJEB28382,NA,498883,ERS2696524,SAMEA4877556,simple,410661,mouse gut metagenome,SAMEA4877556,NA,NA,NA,NA,NA,NA,no,NA,NA,NA,NA,"YALE UNIVERSITY, NEW HAVEN, UNITED STATES",ERA1584524,NA,public,BEDDD418435BF85C431871E2738D93E2,6A0815B9D1F9C929E55E56D2E3E85575,ERR2767744
ERR2767745,2018-10-28 09:46:38,2018-10-28 20:00:23,56369,14202971,0,251,8,NA,https://sra-downloadb.be-md.ncbi.nlm.nih.gov/sos5/sra-pub-zq-14/ERR002/767/ERR2767745.sralite.1,ERX2780586,16S rRNA V4 dual index,AMPLICON,PCR,OTHER,SINGLE,0,0,ILLUMINA,Illumina MiSeq,ERP110578,PRJEB28382,NA,498883,ERS2696525,SAMEA4877557,simple,410661,mouse gut metagenome,SAMEA4877557,NA,NA,NA,NA,NA,NA,no,NA,NA,NA,NA,"YALE UNIVERSITY, NEW HAVEN, UNITED STATES",ERA1584524,NA,public,4796EDF01EC26282A5B8254ABE9CBB80,727541F62028B68FE8C96AEE283AAA84,ERR2767745
ERR2767746,2018-10-28 09:46:38,2018-10-28 20:01:31,36483,9194392,0,252,5,NA,https://sra-downloadb.be-md.ncbi.nlm.nih.gov/sos5/sra-pub-zq-14/ERR002/767/ERR2767746.sralite.1,ERX2780587,16S rRNA V4 dual index,AMPLICON,PCR,OTHER,SINGLE,0,0,ILLUMINA,Illumina MiSeq,ERP110578,PRJEB28382,NA,498883,ERS2696526,SAMEA4877558,simple,410661,mouse gut metagenome,SAMEA4877558,NA,NA,NA,NA,NA,NA,no,NA,NA,NA,NA,"YALE UNIVERSITY, NEW HAVEN, UNITED STATES",ERA1584524,NA,public,220204806386DB435965AE78F2004C34,E88D3F408DC9A970F7C9EA8D0BB1CC59,ERR2767746
ERR2767747,2018-10-28 09:46:38,2018-10-28 20:01:41,21529,5429078,0,252,3,NA,https://sra-downloadb.be-md.ncbi.nlm.nih.gov/sos5/sra-pub-zq-14/ERR002/767/ERR2767747.sralite.1,ERX2780588,16S rRNA V4 dual index,AMPLICON,PCR,OTHER,SINGLE,0,0,ILLUMINA,Illumina MiSeq,ERP110578,PRJEB28382,NA,498883,ERS2696527,SAMEA4877559,simple,410661,mouse gut metagenome,SAMEA4877559,NA,NA,NA,NA,NA,NA,no,NA,NA,NA,NA,"YALE UNIVERSITY, NEW HAVEN, UNITED STATES",ERA1584524,NA,public,D0B73F4D00A4AE71AE0336279494976E,71299DCE0E16B831EE5CB540BD670EC4,ERR2767747
ERR2767748,2018-10-28 09:46:38,2018-10-28 20:01:51,12831,3234335,0,252,1,NA,https://sra-downloadb.be-md.ncbi.nlm.nih.gov/sos5/sra-pub-zq-14/ERR002/767/ERR2767748.sralite.1,ERX2780589,16S rRNA V4 dual index,AMPLICON,PCR,OTHER,SINGLE,0,0,ILLUMINA,Illumina MiSeq,ERP110578,PRJEB28382,NA,498883,ERS2696528,SAMEA4877560,simple,410661,mouse gut metagenome,SAMEA4877560,NA,NA,NA,NA,NA,NA,no,NA,NA,NA,NA,"YALE UNIVERSITY, NEW HAVEN, UNITED STATES",ERA1584524,NA,public,119753B0C6B010497E6B8BCDE1A72C55,3D9F1D4335B407C4FE920E5DA2D99CA5,ERR2767748
ERR2767749,2018-10-28 09:46:38,2018-10-28 20:02:02,4227,1064524,0,251,0,NA,https://sra-downloadb.be-md.ncbi.nlm.nih.gov/sos5/sra-pub-zq-14/ERR002/767/ERR2767749.sralite.1,ERX2780590,16S rRNA V4 dual index,AMPLICON,PCR,OTHER,SINGLE,0,0,ILLUMINA,Illumina MiSeq,ERP110578,PRJEB28382,NA,498883,ERS2696529,SAMEA4877561,simple,410661,mouse gut metagenome,SAMEA4877561,NA,NA,NA,NA,NA,NA,no,NA,NA,NA,NA,"YALE UNIVERSITY, NEW HAVEN, UNITED STATES",ERA1584524,NA,public,FC68AD643C0C4F1824A2BB4E9BB8D70D,FFB369E6B1C5BE932D86D4E83B560FE4,ERR2767749
ERR2767750,2018-10-28 09:46:38,2018-10-28 20:02:13,5466,1377822,0,252,0,NA,https://sra-downloadb.be-md.ncbi.nlm.nih.gov/sos5/sra-pub-zq-14/ERR002/767/ERR2767750.sralite.1,ERX2780591,16S rRNA V4 dual index,AMPLICON,PCR,OTHER,SINGLE,0,0,ILLUMINA,Illumina MiSeq,ERP110578,PRJEB28382,NA,498883,ERS2696530,SAMEA4877562,simple,410661,mouse gut metagenome,SAMEA4877562,NA,NA,NA,NA,NA,NA,no,NA,NA,NA,NA,"YALE UNIVERSITY, NEW HAVEN, UNITED STATES",ERA1584524,NA,public,6E1DD2937B3D623F2DF485D35B31481F,7CB95F29BC3878CB2AB7D6162EA93900,ERR2767750
ERR2767751,2018-10-28 09:46:38,2018-10-28 20:02:23,15573,3925630,0,252,2,NA,https://sra-downloadb.be-md.ncbi.nlm.nih.gov/sos5/sra-pub-zq-14/ERR002/767/ERR2767751.sralite.1,ERX2780592,16S rRNA V4 dual index,AMPLICON,PCR,OTHER,SINGLE,0,0,ILLUMINA,Illumina MiSeq,ERP110578,PRJEB28382,NA,498883,ERS2696531,SAMEA4877563,simple,410661,mouse gut metagenome,SAMEA4877563,NA,NA,NA,NA,NA,NA,no,NA,NA,NA,NA,"YALE UNIVERSITY, NEW HAVEN, UNITED STATES",ERA1584524,NA,public,649917A58B6401890C8F824E5CEE2360,F642DB5BF76EB898BBBB6DA6C5F35574,ERR2767751
ERR2767752,2018-10-28 09:46:38,2018-10-28 20:02:33,5425,1368614,0,252,0,NA,https://sra-downloadb.be-md.ncbi.nlm.nih.gov/sos5/sra-pub-zq-14/ERR002/767/ERR2767752.sralite.1,ERX2780593,16S rRNA V4 dual index,AMPLICON,PCR,OTHER,SINGLE,0,0,ILLUMINA,Illumina MiSeq,ERP110578,PRJEB28382,NA,498883,ERS2696532,SAMEA4877564,simple,410661,mouse gut metagenome,SAMEA4877564,NA,NA,NA,NA,NA,NA,no,NA,NA,NA,NA,"YALE UNIVERSITY, NEW HAVEN, UNITED STATES",ERA1584524,NA,public,584DA4C3B15517BC1FB5EF25F59B0B5E,6C08A999979336F86EE1A79C7E8BB9E4,ERR2767752
ERR2767753,2018-10-28 09:46:38,2018-10-28 20:02:45,29895,7537739,0,252,4,NA,https://sra-downloadb.be-md.ncbi.nlm.nih.gov/sos5/sra-pub-zq-14/ERR002/767/ERR2767753.sralite.1,ERX2780594,16S rRNA V4 dual index,AMPLICON,PCR,OTHER,SINGLE,0,0,ILLUMINA,Illumina MiSeq,ERP110578,PRJEB28382,NA,498883,ERS2696533,SAMEA4877565,simple,410661,mouse gut metagenome,SAMEA4877565,NA,NA,NA,NA,NA,NA,no,NA,NA,NA,NA,"YALE UNIVERSITY, NEW HAVEN, UNITED STATES",ERA1584524,NA,public,BB5C49159C77199D9B5275B7143DB734,324035CCD3BF2AAD6D26DDBFD0AB54D4,ERR2767753
ERR2767754,2018-10-28 09:46:38,2018-10-28 20:02:57,25462,6420615,0,252,3,NA,https://sra-downloadb.be-md.ncbi.nlm.nih.gov/sos5/sra-pub-zq-14/ERR002/767/ERR2767754.sralite.1,ERX2780595,16S rRNA V4 dual index,AMPLICON,PCR,OTHER,SINGLE,0,0,ILLUMINA,Illumina MiSeq,ERP110578,PRJEB28382,NA,498883,ERS2696534,SAMEA4877566,simple,410661,mouse gut metagenome,SAMEA4877566,NA,NA,NA,NA,NA,NA,no,NA,NA,NA,NA,"YALE UNIVERSITY, NEW HAVEN, UNITED STATES",ERA1584524,NA,public,E1FF3B94C0634D447B90310B756A0095,E59DAF954DA8DDE92224E997DCB2469A,ERR2767754
ERR2767755,2018-10-28 09:46:38,2018-10-28 20:03:16,25725,6487351,0,252,3,NA,https://sra-downloadb.be-md.ncbi.nlm.nih.gov/sos5/sra-pub-zq-14/ERR002/767/ERR2767755.sralite.1,ERX2780596,16S rRNA V4 dual index,AMPLICON,PCR,OTHER,SINGLE,0,0,ILLUMINA,Illumina MiSeq,ERP110578,PRJEB28382,NA,498883,ERS2696535,SAMEA4877567,simple,410661,mouse gut metagenome,SAMEA4877567,NA,NA,NA,NA,NA,NA,no,NA,NA,NA,NA,"YALE UNIVERSITY, NEW HAVEN, UNITED STATES",ERA1584524,NA,public,94A47C4BCE395C257E6D51B429173EF1,2C5626C2CC70C903DD199386C810BBF0,ERR2767755
ERR2767756,2018-10-28 09:46:38,2018-10-28 20:03:27,37119,9359864,0,252,5,NA,https://sra-downloadb.be-md.ncbi.nlm.nih.gov/sos5/sra-pub-zq-14/ERR002/767/ERR2767756.sralite.1,ERX2780597,16S rRNA V4 dual index,AMPLICON,PCR,OTHER,SINGLE,0,0,ILLUMINA,Illumina MiSeq,ERP110578,PRJEB28382,NA,498883,ERS2696536,SAMEA4877568,simple,410661,mouse gut metagenome,SAMEA4877568,NA,NA,NA,NA,NA,NA,no,NA,NA,NA,NA,"YALE UNIVERSITY, NEW HAVEN, UNITED STATES",ERA1584524,NA,public,E7B16DF1A817D7297F8DA2DACBF44F0C,CCA338E6CDDA96626C7A6363C8D74272,ERR2767756
ERR2767757,2018-10-28 09:46:38,2018-10-28 20:03:37,15820,3987330,0,252,2,NA,https://sra-downloadb.be-md.ncbi.nlm.nih.gov/sos5/sra-pub-zq-14/ERR002/767/ERR2767757.sralite.1,ERX2780598,16S rRNA V4 dual index,AMPLICON,PCR,OTHER,SINGLE,0,0,ILLUMINA,Illumina MiSeq,ERP110578,PRJEB28382,NA,498883,ERS2696537,SAMEA4877569,simple,410661,mouse gut metagenome,SAMEA4877569,NA,NA,NA,NA,NA,NA,no,NA,NA,NA,NA,"YALE UNIVERSITY, NEW HAVEN, UNITED STATES",ERA1584524,NA,public,4F5763B09356D94896575002462B1AF0,8B97A92594763BD294A4EC93E9869BCA,ERR2767757
ERR2767758,2018-10-28 09:46:38,2018-10-28 20:03:47,21227,5350373,0,252,3,NA,https://sra-downloadb.be-md.ncbi.nlm.nih.gov/sos5/sra-pub-zq-14/ERR002/767/ERR2767758.sralite.1,ERX2780599,16S rRNA V4 dual index,AMPLICON,PCR,OTHER,SINGLE,0,0,ILLUMINA,Illumina MiSeq,ERP110578,PRJEB28382,NA,498883,ERS2696538,SAMEA4877570,simple,410661,mouse gut metagenome,SAMEA4877570,NA,NA,NA,NA,NA,NA,no,NA,NA,NA,NA,"YALE UNIVERSITY, NEW HAVEN, UNITED STATES",ERA1584524,NA,public,F07747CC31FD977E318B184122D4A86C,98EF736E6F69158AE14747E4563DFB85,ERR2767758
ERR2767759,2018-10-28 09:46:38,2018-10-28 20:04:09,27973,7048652,0,251,4,NA,https://sra-downloadb.be-md.ncbi.nlm.nih.gov/sos5/sra-pub-zq-14/ERR002/767/ERR2767759.sralite.1,ERX2780600,16S rRNA V4 dual index,AMPLICON,PCR,OTHER,SINGLE,0,0,ILLUMINA,Illumina MiSeq,ERP110578,PRJEB28382,NA,498883,ERS2696539,SAMEA4877571,simple,410661,mouse gut metagenome,SAMEA4877571,NA,NA,NA,NA,NA,NA,no,NA,NA,NA,NA,"YALE UNIVERSITY, NEW HAVEN, UNITED STATES",ERA1584524,NA,public,057F64E1D573F4DB478E2EB161943A09,030006C8DAEC2CDC6A9C6C1121878D6B,ERR2767759
ERR2767760,2018-10-28 09:46:38,2018-10-28 20:04:20,15737,3968945,0,252,2,NA,https://sra-downloadb.be-md.ncbi.nlm.nih.gov/sos5/sra-pub-zq-14/ERR002/767/ERR2767760.sralite.1,ERX2780601,16S rRNA V4 dual index,AMPLICON,PCR,OTHER,SINGLE,0,0,ILLUMINA,Illumina MiSeq,ERP110578,PRJEB28382,NA,498883,ERS2696540,SAMEA4877572,simple,410661,mouse gut metagenome,SAMEA4877572,NA,NA,NA,NA,NA,NA,no,NA,NA,NA,NA,"YALE UNIVERSITY, NEW HAVEN, UNITED STATES",ERA1584524,NA,public,4CC10AAA3523645635FEDB042706D1CE,5E4519A67796AE34BD4DC15818F99026,ERR2767760
ERR2767761,2018-10-28 09:46:38,2018-10-28 20:04:31,11702,2948787,0,251,1,NA,https://sra-downloadb.be-md.ncbi.nlm.nih.gov/sos5/sra-pub-zq-14/ERR002/767/ERR2767761.sralite.1,ERX2780602,16S rRNA V4 dual index,AMPLICON,PCR,OTHER,SINGLE,0,0,ILLUMINA,Illumina MiSeq,ERP110578,PRJEB28382,NA,498883,ERS2696541,SAMEA4877573,simple,410661,mouse gut metagenome,SAMEA4877573,NA,NA,NA,NA,NA,NA,no,NA,NA,NA,NA,"YALE UNIVERSITY, NEW HAVEN, UNITED STATES",ERA1584524,NA,public,7CB3E863672D9BF44B519DFC9E01919A,AB96B9FD1ECC8ECFC128B1163EF72964,ERR2767761
ERR2767762,2018-10-28 09:46:38,2018-10-28 20:04:30,24374,6150917,0,252,3,NA,https://sra-downloadb.be-md.ncbi.nlm.nih.gov/sos5/sra-pub-zq-14/ERR002/767/ERR2767762.sralite.1,ERX2780603,16S rRNA V4 dual index,AMPLICON,PCR,OTHER,SINGLE,0,0,ILLUMINA,Illumina MiSeq,ERP110578,PRJEB28382,NA,498883,ERS2696542,SAMEA4877574,simple,410661,mouse gut metagenome,SAMEA4877574,NA,NA,NA,NA,NA,NA,no,NA,NA,NA,NA,"YALE UNIVERSITY, NEW HAVEN, UNITED STATES",ERA1584524,NA,public,411671352C34E400C8C6AE0EA029FD3F,9A8BB2C9876B561F209DE0DF297C3564,ERR2767762
ERR2767763,2018-10-28 09:46:38,2018-10-28 20:04:30,9163,2307575,0,251,1,NA,https://sra-downloadb.be-md.ncbi.nlm.nih.gov/sos5/sra-pub-zq-14/ERR002/767/ERR2767763.sralite.1,ERX2780604,16S rRNA V4 dual index,AMPLICON,PCR,OTHER,SINGLE,0,0,ILLUMINA,Illumina MiSeq,ERP110578,PRJEB28382,NA,498883,ERS2696543,SAMEA4877575,simple,410661,mouse gut metagenome,SAMEA4877575,NA,NA,NA,NA,NA,NA,no,NA,NA,NA,NA,"YALE UNIVERSITY, NEW HAVEN, UNITED STATES",ERA1584524,NA,public,90F8EF13989C6BC3AB823D64C2AACE6A,E6B164B2FB87F4F760341C87B61CCD16,ERR2767763
ERR2767764,2018-10-28 09:46:38,2018-10-28 20:04:41,19289,4867175,0,252,2,NA,https://sra-downloadb.be-md.ncbi.nlm.nih.gov/sos5/sra-pub-zq-14/ERR002/767/ERR2767764.sralite.1,ERX2780605,16S rRNA V4 dual index,AMPLICON,PCR,OTHER,SINGLE,0,0,ILLUMINA,Illumina MiSeq,ERP110578,PRJEB28382,NA,498883,ERS2696544,SAMEA4877576,simple,410661,mouse gut metagenome,SAMEA4877576,NA,NA,NA,NA,NA,NA,no,NA,NA,NA,NA,"YALE UNIVERSITY, NEW HAVEN, UNITED STATES",ERA1584524,NA,public,AA96A0362978A1AD7D3AA267D4BC8B80,D7257864EB874998D896DE67BBD338B8,ERR2767764
ERR2767765,2018-10-28 09:46:39,2018-10-28 20:04:41,31054,7836215,0,252,4,NA,https://sra-downloadb.be-md.ncbi.nlm.nih.gov/sos5/sra-pub-zq-14/ERR002/767/ERR2767765.sralite.1,ERX2780606,16S rRNA V4 dual index,AMPLICON,PCR,OTHER,SINGLE,0,0,ILLUMINA,Illumina MiSeq,ERP110578,PRJEB28382,NA,498883,ERS2696545,SAMEA4877577,simple,410661,mouse gut metagenome,SAMEA4877577,NA,NA,NA,NA,NA,NA,no,NA,NA,NA,NA,"YALE UNIVERSITY, NEW HAVEN, UNITED STATES",ERA1584524,NA,public,FB66B934059DDCCB014E61B7535A6737,84E88B2CA425CA2186E00F4D5AA8D8F5,ERR2767765
ERR2767766,2018-10-28 09:46:39,2018-10-28 20:04:42,19495,4920094,0,252,2,NA,https://sra-downloadb.be-md.ncbi.nlm.nih.gov/sos5/sra-pub-zq-14/ERR002/767/ERR2767766.sralite.1,ERX2780607,16S rRNA V4 dual index,AMPLICON,PCR,OTHER,SINGLE,0,0,ILLUMINA,Illumina MiSeq,ERP110578,PRJEB28382,NA,498883,ERS2696546,SAMEA4877578,simple,410661,mouse gut metagenome,SAMEA4877578,NA,NA,NA,NA,NA,NA,no,NA,NA,NA,NA,"YALE UNIVERSITY, NEW HAVEN, UNITED STATES",ERA1584524,NA,public,6DE6A18B1B95BC6E5CF464351DE526FE,7A60571979FEA08A4B3FE9F98F90B169,ERR2767766
ERR2767767,2018-10-28 09:46:39,2018-10-28 20:04:51,7872,1987129,0,252,1,NA,https://sra-downloadb.be-md.ncbi.nlm.nih.gov/sos5/sra-pub-zq-14/ERR002/767/ERR2767767.sralite.1,ERX2780608,16S rRNA V4 dual index,AMPLICON,PCR,OTHER,SINGLE,0,0,ILLUMINA,Illumina MiSeq,ERP110578,PRJEB28382,NA,498883,ERS2696547,SAMEA4877579,simple,410661,mouse gut metagenome,SAMEA4877579,NA,NA,NA,NA,NA,NA,no,NA,NA,NA,NA,"YALE UNIVERSITY, NEW HAVEN, UNITED STATES",ERA1584524,NA,public,E3D15E67B4BC04CEAB770D5B45A6E60B,F7EC7E3C7A06D14F0900E17213B9D9F3,ERR2767767
ERR2767768,2018-10-28 09:46:39,2018-10-28 20:04:51,10347,2609151,0,252,1,NA,https://sra-downloadb.be-md.ncbi.nlm.nih.gov/sos5/sra-pub-zq-14/ERR002/767/ERR2767768.sralite.1,ERX2780609,16S rRNA V4 dual index,AMPLICON,PCR,OTHER,SINGLE,0,0,ILLUMINA,Illumina MiSeq,ERP110578,PRJEB28382,NA,498883,ERS2696548,SAMEA4877580,simple,410661,mouse gut metagenome,SAMEA4877580,NA,NA,NA,NA,NA,NA,no,NA,NA,NA,NA,"YALE UNIVERSITY, NEW HAVEN, UNITED STATES",ERA1584524,NA,public,61139767BDEED4CB72D97A1F6DCD6C09,0E8D3657B5824379C51C06DA6611F1CE,ERR2767768
ERR2767769,2018-10-28 09:46:39,2018-10-28 20:04:52,17790,4482860,0,251,2,NA,https://sra-downloadb.be-md.ncbi.nlm.nih.gov/sos5/sra-pub-zq-14/ERR002/767/ERR2767769.sralite.1,ERX2780610,16S rRNA V4 dual index,AMPLICON,PCR,OTHER,SINGLE,0,0,ILLUMINA,Illumina MiSeq,ERP110578,PRJEB28382,NA,498883,ERS2696549,SAMEA4877581,simple,410661,mouse gut metagenome,SAMEA4877581,NA,NA,NA,NA,NA,NA,no,NA,NA,NA,NA,"YALE UNIVERSITY, NEW HAVEN, UNITED STATES",ERA1584524,NA,public,B189B1B593BCE8464340BEF1FF61E5FC,71EA2674DD3A0F5084D6C2EC7C0A7882,ERR2767769
ERR2767770,2018-10-28 09:46:39,2018-10-28 20:05:09,12959,3265864,0,252,1,NA,https://sra-downloadb.be-md.ncbi.nlm.nih.gov/sos5/sra-pub-zq-14/ERR002/767/ERR2767770.sralite.1,ERX2780611,16S rRNA V4 dual index,AMPLICON,PCR,OTHER,SINGLE,0,0,ILLUMINA,Illumina MiSeq,ERP110578,PRJEB28382,NA,498883,ERS2696550,SAMEA4877582,simple,410661,mouse gut metagenome,SAMEA4877582,NA,NA,NA,NA,NA,NA,no,NA,NA,NA,NA,"YALE UNIVERSITY, NEW HAVEN, UNITED STATES",ERA1584524,NA,public,8E18596B24D6CD530F4C65034FA6C6F1,F3C25C6419CE199C559EC3F98C94A57C,ERR2767770
ERR2767771,2018-10-28 09:46:39,2018-10-28 20:05:09,15746,3968390,0,252,2,NA,https://sra-downloadb.be-md.ncbi.nlm.nih.gov/sos5/sra-pub-zq-14/ERR002/767/ERR2767771.sralite.1,ERX2780612,16S rRNA V4 dual index,AMPLICON,PCR,OTHER,SINGLE,0,0,ILLUMINA,Illumina MiSeq,ERP110578,PRJEB28382,NA,498883,ERS2696551,SAMEA4877583,simple,410661,mouse gut metagenome,SAMEA4877583,NA,NA,NA,NA,NA,NA,no,NA,NA,NA,NA,"YALE UNIVERSITY, NEW HAVEN, UNITED STATES",ERA1584524,NA,public,86A440D2316542014A7DD37B68B74663,4B17E2B4F42A758226165726C520F2FC,ERR2767771
ERR2767772,2018-10-28 09:46:39,2018-10-28 20:05:09,13870,3495931,0,252,2,NA,https://sra-downloadb.be-md.ncbi.nlm.nih.gov/sos5/sra-pub-zq-14/ERR002/767/ERR2767772.sralite.1,ERX2780613,16S rRNA V4 dual index,AMPLICON,PCR,OTHER,SINGLE,0,0,ILLUMINA,Illumina MiSeq,ERP110578,PRJEB28382,NA,498883,ERS2696552,SAMEA4877584,simple,410661,mouse gut metagenome,SAMEA4877584,NA,NA,NA,NA,NA,NA,no,NA,NA,NA,NA,"YALE UNIVERSITY, NEW HAVEN, UNITED STATES",ERA1584524,NA,public,613AC8D658FFFBD74CFE7022968CE955,B22283592C53C3BA34BA6053A8EEAC8F,ERR2767772
ERR2767773,2018-10-28 09:46:39,2018-10-28 20:05:19,19616,4944035,0,252,2,NA,https://sra-downloadb.be-md.ncbi.nlm.nih.gov/sos5/sra-pub-zq-14/ERR002/767/ERR2767773.sralite.1,ERX2780614,16S rRNA V4 dual index,AMPLICON,PCR,OTHER,SINGLE,0,0,ILLUMINA,Illumina MiSeq,ERP110578,PRJEB28382,NA,498883,ERS2696553,SAMEA4877585,simple,410661,mouse gut metagenome,SAMEA4877585,NA,NA,NA,NA,NA,NA,no,NA,NA,NA,NA,"YALE UNIVERSITY, NEW HAVEN, UNITED STATES",ERA1584524,NA,public,A52F341291C0F192338361A72BF04CD2,622AE9A251E9F0363E60E5686CF9BF7E,ERR2767773
ERR2767774,2018-10-28 09:46:39,2018-10-28 20:05:19,20249,5107091,0,252,3,NA,https://sra-downloadb.be-md.ncbi.nlm.nih.gov/sos5/sra-pub-zq-14/ERR002/767/ERR2767774.sralite.1,ERX2780615,16S rRNA V4 dual index,AMPLICON,PCR,OTHER,SINGLE,0,0,ILLUMINA,Illumina MiSeq,ERP110578,PRJEB28382,NA,498883,ERS2696554,SAMEA4877586,simple,410661,mouse gut metagenome,SAMEA4877586,NA,NA,NA,NA,NA,NA,no,NA,NA,NA,NA,"YALE UNIVERSITY, NEW HAVEN, UNITED STATES",ERA1584524,NA,public,DC096210364255EC87451B6D21BAE1ED,4250937B80E4C67067F78CB3FB9C5076,ERR2767774
ERR2767775,2018-10-28 09:46:39,2018-10-28 20:05:20,15449,3893829,0,252,2,NA,https://sra-downloadb.be-md.ncbi.nlm.nih.gov/sos5/sra-pub-zq-14/ERR002/767/ERR2767775.sralite.1,ERX2780616,16S rRNA V4 dual index,AMPLICON,PCR,OTHER,SINGLE,0,0,ILLUMINA,Illumina MiSeq,ERP110578,PRJEB28382,NA,498883,ERS2696555,SAMEA4877587,simple,410661,mouse gut metagenome,SAMEA4877587,NA,NA,NA,NA,NA,NA,no,NA,NA,NA,NA,"YALE UNIVERSITY, NEW HAVEN, UNITED STATES",ERA1584524,NA,public,4C6B8D82CA97E4A3B388E07EBBAB9F71,40D8FA5B3C9D67C2AE2D54DD530413C7,ERR2767775
ERR2767776,2018-10-28 09:46:39,2018-10-28 20:05:30,24301,6121057,0,251,3,NA,https://sra-downloadb.be-md.ncbi.nlm.nih.gov/sos5/sra-pub-zq-14/ERR002/767/ERR2767776.sralite.1,ERX2780617,16S rRNA V4 dual index,AMPLICON,PCR,OTHER,SINGLE,0,0,ILLUMINA,Illumina MiSeq,ERP110578,PRJEB28382,NA,498883,ERS2696556,SAMEA4877588,simple,410661,mouse gut metagenome,SAMEA4877588,NA,NA,NA,NA,NA,NA,no,NA,NA,NA,NA,"YALE UNIVERSITY, NEW HAVEN, UNITED STATES",ERA1584524,NA,public,A923489B749B58C7B088076012E84FB1,DEC204786BFD7F6776FD085D0FF01240,ERR2767776
ERR2767777,2018-10-28 09:46:39,2018-10-28 20:05:30,15840,3990974,0,251,2,NA,https://sra-downloadb.be-md.ncbi.nlm.nih.gov/sos5/sra-pub-zq-14/ERR002/767/ERR2767777.sralite.1,ERX2780618,16S rRNA V4 dual index,AMPLICON,PCR,OTHER,SINGLE,0,0,ILLUMINA,Illumina MiSeq,ERP110578,PRJEB28382,NA,498883,ERS2696557,SAMEA4877589,simple,410661,mouse gut metagenome,SAMEA4877589,NA,NA,NA,NA,NA,NA,no,NA,NA,NA,NA,"YALE UNIVERSITY, NEW HAVEN, UNITED STATES",ERA1584524,NA,public,D4A1396772DA4227862A8A44CE509931,CECADAC6060DAB0D02072D00EE8EC7DF,ERR2767777
ERR2767778,2018-10-28 09:46:39,2018-10-28 20:05:31,14956,3768723,0,251,2,NA,https://sra-downloadb.be-md.ncbi.nlm.nih.gov/sos5/sra-pub-zq-14/ERR002/767/ERR2767778.sralite.1,ERX2780619,16S rRNA V4 dual index,AMPLICON,PCR,OTHER,SINGLE,0,0,ILLUMINA,Illumina MiSeq,ERP110578,PRJEB28382,NA,498883,ERS2696558,SAMEA4877590,simple,410661,mouse gut metagenome,SAMEA4877590,NA,NA,NA,NA,NA,NA,no,NA,NA,NA,NA,"YALE UNIVERSITY, NEW HAVEN, UNITED STATES",ERA1584524,NA,public,85E9044BAE9BFE456F9A8AFEC740F8FB,5831773CCE83377BDD95740E2E13EDFA,ERR2767778
ERR2767779,2018-10-28 09:46:39,2018-10-28 20:05:40,17557,4422070,0,251,2,NA,https://sra-downloadb.be-md.ncbi.nlm.nih.gov/sos5/sra-pub-zq-14/ERR002/767/ERR2767779.sralite.1,ERX2780620,16S rRNA V4 dual index,AMPLICON,PCR,OTHER,SINGLE,0,0,ILLUMINA,Illumina MiSeq,ERP110578,PRJEB28382,NA,498883,ERS2696559,SAMEA4877591,simple,410661,mouse gut metagenome,SAMEA4877591,NA,NA,NA,NA,NA,NA,no,NA,NA,NA,NA,"YALE UNIVERSITY, NEW HAVEN, UNITED STATES",ERA1584524,NA,public,B012E3C4363D274F5786E987C641F059,0A184F72772863D41E8343AA8A4B00C9,ERR2767779
ERR2767780,2018-10-28 09:46:39,2018-10-28 20:05:41,27422,6907165,0,251,4,NA,https://sra-downloadb.be-md.ncbi.nlm.nih.gov/sos5/sra-pub-zq-14/ERR002/767/ERR2767780.sralite.1,ERX2780621,16S rRNA V4 dual index,AMPLICON,PCR,OTHER,SINGLE,0,0,ILLUMINA,Illumina MiSeq,ERP110578,PRJEB28382,NA,498883,ERS2696560,SAMEA4877592,simple,410661,mouse gut metagenome,SAMEA4877592,NA,NA,NA,NA,NA,NA,no,NA,NA,NA,NA,"YALE UNIVERSITY, NEW HAVEN, UNITED STATES",ERA1584524,NA,public,4883927A6C3F39F9625B108DC8EF1FB1,E0469B67ACC20202131F5623BE379B18,ERR2767780
ERR2767781,2018-10-28 09:46:39,2018-10-28 20:05:42,20479,5160720,0,252,3,NA,https://sra-downloadb.be-md.ncbi.nlm.nih.gov/sos5/sra-pub-zq-14/ERR002/767/ERR2767781.sralite.1,ERX2780622,16S rRNA V4 dual index,AMPLICON,PCR,OTHER,SINGLE,0,0,ILLUMINA,Illumina MiSeq,ERP110578,PRJEB28382,NA,498883,ERS2696561,SAMEA4877593,simple,410661,mouse gut metagenome,SAMEA4877593,NA,NA,NA,NA,NA,NA,no,NA,NA,NA,NA,"YALE UNIVERSITY, NEW HAVEN, UNITED STATES",ERA1584524,NA,public,CAD60F22446A3BB2819621D95A1DD011,7E46FD94EDB9EDE802C98728AE123015,ERR2767781
ERR2767782,2018-10-28 09:46:39,2018-10-28 20:05:50,37861,9538657,0,251,5,NA,https://sra-downloadb.be-md.ncbi.nlm.nih.gov/sos5/sra-pub-zq-14/ERR002/767/ERR2767782.sralite.1,ERX2780623,16S rRNA V4 dual index,AMPLICON,PCR,OTHER,SINGLE,0,0,ILLUMINA,Illumina MiSeq,ERP110578,PRJEB28382,NA,498883,ERS2696562,SAMEA4877594,simple,410661,mouse gut metagenome,SAMEA4877594,NA,NA,NA,NA,NA,NA,no,NA,NA,NA,NA,"YALE UNIVERSITY, NEW HAVEN, UNITED STATES",ERA1584524,NA,public,BD09E43DF62B5A82596C4CFD1F10E3B8,1687530FBE4C103A40F9E1AEAB47C452,ERR2767782
ERR2767783,2018-10-28 09:46:39,2018-10-28 20:05:52,35028,8819214,0,251,5,NA,https://sra-downloadb.be-md.ncbi.nlm.nih.gov/sos5/sra-pub-zq-14/ERR002/767/ERR2767783.sralite.1,ERX2780624,16S rRNA V4 dual index,AMPLICON,PCR,OTHER,SINGLE,0,0,ILLUMINA,Illumina MiSeq,ERP110578,PRJEB28382,NA,498883,ERS2696563,SAMEA4877595,simple,410661,mouse gut metagenome,SAMEA4877595,NA,NA,NA,NA,NA,NA,no,NA,NA,NA,NA,"YALE UNIVERSITY, NEW HAVEN, UNITED STATES",ERA1584524,NA,public,760A14031A01BA56F8405BB3A722F4FA,33E2B40645D34F7FBCA8F0291D689910,ERR2767783
ERR2767784,2018-10-28 09:46:39,2018-10-28 20:05:53,25067,6314779,0,251,3,NA,https://sra-downloadb.be-md.ncbi.nlm.nih.gov/sos5/sra-pub-zq-14/ERR002/767/ERR2767784.sralite.1,ERX2780625,16S rRNA V4 dual index,AMPLICON,PCR,OTHER,SINGLE,0,0,ILLUMINA,Illumina MiSeq,ERP110578,PRJEB28382,NA,498883,ERS2696564,SAMEA4877596,simple,410661,mouse gut metagenome,SAMEA4877596,NA,NA,NA,NA,NA,NA,no,NA,NA,NA,NA,"YALE UNIVERSITY, NEW HAVEN, UNITED STATES",ERA1584524,NA,public,EC69C0B74B1D150B39FEAA9DCBFB0269,25C650B1A9ED5C4EEB324FB97CA7AE7D,ERR2767784
ERR2767785,2018-10-28 09:46:39,2018-10-28 20:06:12,32981,8309879,0,251,5,NA,https://sra-downloadb.be-md.ncbi.nlm.nih.gov/sos5/sra-pub-zq-14/ERR002/767/ERR2767785.sralite.1,ERX2780626,16S rRNA V4 dual index,AMPLICON,PCR,OTHER,SINGLE,0,0,ILLUMINA,Illumina MiSeq,ERP110578,PRJEB28382,NA,498883,ERS2696565,SAMEA4877597,simple,410661,mouse gut metagenome,SAMEA4877597,NA,NA,NA,NA,NA,NA,no,NA,NA,NA,NA,"YALE UNIVERSITY, NEW HAVEN, UNITED STATES",ERA1584524,NA,public,0A143F72DF179B8610E6A6F98514BA06,40E58A961BA0BE25101D9A70000B7451,ERR2767785
ERR2767786,2018-10-28 09:46:39,2018-10-28 20:06:12,32484,8186474,0,252,4,NA,https://sra-downloadb.be-md.ncbi.nlm.nih.gov/sos5/sra-pub-zq-14/ERR002/767/ERR2767786.sralite.1,ERX2780627,16S rRNA V4 dual index,AMPLICON,PCR,OTHER,SINGLE,0,0,ILLUMINA,Illumina MiSeq,ERP110578,PRJEB28382,NA,498883,ERS2696566,SAMEA4877598,simple,410661,mouse gut metagenome,SAMEA4877598,NA,NA,NA,NA,NA,NA,no,NA,NA,NA,NA,"YALE UNIVERSITY, NEW HAVEN, UNITED STATES",ERA1584524,NA,public,F1021745D081148B5FEFA1CD31B465B7,127C83C18D8928A195C124DB3239E4E1,ERR2767786
ERR2767787,2018-10-28 09:46:39,2018-10-28 20:06:12,15315,3861192,0,252,2,NA,https://sra-downloadb.be-md.ncbi.nlm.nih.gov/sos5/sra-pub-zq-14/ERR002/767/ERR2767787.sralite.1,ERX2780628,16S rRNA V4 dual index,AMPLICON,PCR,OTHER,SINGLE,0,0,ILLUMINA,Illumina MiSeq,ERP110578,PRJEB28382,NA,498883,ERS2696567,SAMEA4877599,simple,410661,mouse gut metagenome,SAMEA4877599,NA,NA,NA,NA,NA,NA,no,NA,NA,NA,NA,"YALE UNIVERSITY, NEW HAVEN, UNITED STATES",ERA1584524,NA,public,39793D9A9935AF95ADD1B0438FCF30BA,CCFC0F201B8A8C9F6EBFB1A64C858214,ERR2767787
ERR2767788,2018-10-28 09:46:39,2018-10-28 20:06:23,19654,4955362,0,252,2,NA,https://sra-downloadb.be-md.ncbi.nlm.nih.gov/sos5/sra-pub-zq-14/ERR002/767/ERR2767788.sralite.1,ERX2780629,16S rRNA V4 dual index,AMPLICON,PCR,OTHER,SINGLE,0,0,ILLUMINA,Illumina MiSeq,ERP110578,PRJEB28382,NA,498883,ERS2696568,SAMEA4877600,simple,410661,mouse gut metagenome,SAMEA4877600,NA,NA,NA,NA,NA,NA,no,NA,NA,NA,NA,"YALE UNIVERSITY, NEW HAVEN, UNITED STATES",ERA1584524,NA,public,CF4120B97C928CFB3E46ABEFE418D0A1,4EDEB70FBAA758D767F5677C285DE74F,ERR2767788
ERR2767789,2018-10-28 09:46:39,2018-10-28 20:06:24,20522,5166584,0,251,3,NA,https://sra-downloadb.be-md.ncbi.nlm.nih.gov/sos5/sra-pub-zq-14/ERR002/767/ERR2767789.sralite.1,ERX2780630,16S rRNA V4 dual index,AMPLICON,PCR,OTHER,SINGLE,0,0,ILLUMINA,Illumina MiSeq,ERP110578,PRJEB28382,NA,498883,ERS2696569,SAMEA4877601,simple,410661,mouse gut metagenome,SAMEA4877601,NA,NA,NA,NA,NA,NA,no,NA,NA,NA,NA,"YALE UNIVERSITY, NEW HAVEN, UNITED STATES",ERA1584524,NA,public,FF57E999B2893F9C0CC729D2BCEEA4C7,38A683BA84E511DDBCFAB178C15F8A46,ERR2767789
ERR2767790,2018-10-28 09:46:39,2018-10-28 20:06:31,14097,3550844,0,251,2,NA,https://sra-downloadb.be-md.ncbi.nlm.nih.gov/sos5/sra-pub-zq-14/ERR002/767/ERR2767790.sralite.1,ERX2780631,16S rRNA V4 dual index,AMPLICON,PCR,OTHER,SINGLE,0,0,ILLUMINA,Illumina MiSeq,ERP110578,PRJEB28382,NA,498883,ERS2696570,SAMEA4877602,simple,410661,mouse gut metagenome,SAMEA4877602,NA,NA,NA,NA,NA,NA,no,NA,NA,NA,NA,"YALE UNIVERSITY, NEW HAVEN, UNITED STATES",ERA1584524,NA,public,C79CA9F98A47C887A8215166A438C9AB,785A779705C27F835444C39128142F7F,ERR2767790
ERR2767791,2018-10-28 09:46:39,2018-10-28 20:06:35,13177,3319713,0,251,1,NA,https://sra-downloadb.be-md.ncbi.nlm.nih.gov/sos5/sra-pub-zq-14/ERR002/767/ERR2767791.sralite.1,ERX2780632,16S rRNA V4 dual index,AMPLICON,PCR,OTHER,SINGLE,0,0,ILLUMINA,Illumina MiSeq,ERP110578,PRJEB28382,NA,498883,ERS2696571,SAMEA4877603,simple,410661,mouse gut metagenome,SAMEA4877603,NA,NA,NA,NA,NA,NA,no,NA,NA,NA,NA,"YALE UNIVERSITY, NEW HAVEN, UNITED STATES",ERA1584524,NA,public,ADD3CAE2EAEE675B27D0184E15A53CE8,E68520BFB4500D39F9A92391EC057556,ERR2767791
ERR2767792,2018-10-28 09:46:39,2018-10-28 20:06:41,19722,4970085,0,252,2,NA,https://sra-downloadb.be-md.ncbi.nlm.nih.gov/sos5/sra-pub-zq-14/ERR002/767/ERR2767792.sralite.1,ERX2780633,16S rRNA V4 dual index,AMPLICON,PCR,OTHER,SINGLE,0,0,ILLUMINA,Illumina MiSeq,ERP110578,PRJEB28382,NA,498883,ERS2696572,SAMEA4877604,simple,410661,mouse gut metagenome,SAMEA4877604,NA,NA,NA,NA,NA,NA,no,NA,NA,NA,NA,"YALE UNIVERSITY, NEW HAVEN, UNITED STATES",ERA1584524,NA,public,D9D7C8AE0C607421E758F3E3B876CA17,8E9D34172ED105375588C7C08A466A8F,ERR2767792
ERR2767793,2018-10-28 09:46:39,2018-10-28 20:06:45,18769,4728227,0,251,2,NA,https://sra-downloadb.be-md.ncbi.nlm.nih.gov/sos5/sra-pub-zq-14/ERR002/767/ERR2767793.sralite.1,ERX2780634,16S rRNA V4 dual index,AMPLICON,PCR,OTHER,SINGLE,0,0,ILLUMINA,Illumina MiSeq,ERP110578,PRJEB28382,NA,498883,ERS2696573,SAMEA4877605,simple,410661,mouse gut metagenome,SAMEA4877605,NA,NA,NA,NA,NA,NA,no,NA,NA,NA,NA,"YALE UNIVERSITY, NEW HAVEN, UNITED STATES",ERA1584524,NA,public,34957F7271C154B63970943011D279B0,92860B8FEC85DB55EDF5DAD19FAC4992,ERR2767793
ERR2767794,2018-10-28 09:46:39,2018-10-28 20:06:51,14545,3663352,0,251,2,NA,https://sra-downloadb.be-md.ncbi.nlm.nih.gov/sos5/sra-pub-zq-14/ERR002/767/ERR2767794.sralite.1,ERX2780635,16S rRNA V4 dual index,AMPLICON,PCR,OTHER,SINGLE,0,0,ILLUMINA,Illumina MiSeq,ERP110578,PRJEB28382,NA,498883,ERS2696574,SAMEA4877606,simple,410661,mouse gut metagenome,SAMEA4877606,NA,NA,NA,NA,NA,NA,no,NA,NA,NA,NA,"YALE UNIVERSITY, NEW HAVEN, UNITED STATES",ERA1584524,NA,public,AF3ACFAEAE7B5A9685FF6F8FD4D012FC,0138229CB152F6C063DCBAD8A6548376,ERR2767794
ERR2767795,2018-10-28 09:46:39,2018-10-28 20:06:55,11734,2956701,0,251,1,NA,https://sra-downloadb.be-md.ncbi.nlm.nih.gov/sos5/sra-pub-zq-14/ERR002/767/ERR2767795.sralite.1,ERX2780636,16S rRNA V4 dual index,AMPLICON,PCR,OTHER,SINGLE,0,0,ILLUMINA,Illumina MiSeq,ERP110578,PRJEB28382,NA,498883,ERS2696575,SAMEA4877607,simple,410661,mouse gut metagenome,SAMEA4877607,NA,NA,NA,NA,NA,NA,no,NA,NA,NA,NA,"YALE UNIVERSITY, NEW HAVEN, UNITED STATES",ERA1584524,NA,public,5BDFEFA35A63806FD34CF3396D8D73CF,93C9FA6E047C376078E504F366B62B5C,ERR2767795
ERR2767796,2018-10-28 09:46:39,2018-10-28 20:07:02,14422,3634730,0,252,2,NA,https://sra-downloadb.be-md.ncbi.nlm.nih.gov/sos5/sra-pub-zq-14/ERR002/767/ERR2767796.sralite.1,ERX2780637,16S rRNA V4 dual index,AMPLICON,PCR,OTHER,SINGLE,0,0,ILLUMINA,Illumina MiSeq,ERP110578,PRJEB28382,NA,498883,ERS2696576,SAMEA4877608,simple,410661,mouse gut metagenome,SAMEA4877608,NA,NA,NA,NA,NA,NA,no,NA,NA,NA,NA,"YALE UNIVERSITY, NEW HAVEN, UNITED STATES",ERA1584524,NA,public,DF3F2869B096450183734917A02B4F5F,262F9D4424766D03058D575029EB45B6,ERR2767796
ERR2767797,2018-10-28 09:46:39,2018-10-28 20:07:05,10759,2709771,0,251,1,NA,https://sra-downloadb.be-md.ncbi.nlm.nih.gov/sos5/sra-pub-zq-14/ERR002/767/ERR2767797.sralite.1,ERX2780638,16S rRNA V4 dual index,AMPLICON,PCR,OTHER,SINGLE,0,0,ILLUMINA,Illumina MiSeq,ERP110578,PRJEB28382,NA,498883,ERS2696577,SAMEA4877609,simple,410661,mouse gut metagenome,SAMEA4877609,NA,NA,NA,NA,NA,NA,no,NA,NA,NA,NA,"YALE UNIVERSITY, NEW HAVEN, UNITED STATES",ERA1584524,NA,public,C27B36C6F7113E615D833C4A9268E964,B025FFA19C946DA6F8DC732F3E44AAF8,ERR2767797
ERR2767798,2018-10-28 09:46:39,2018-10-28 20:07:16,20547,5176509,0,251,3,NA,https://sra-downloadb.be-md.ncbi.nlm.nih.gov/sos5/sra-pub-zq-14/ERR002/767/ERR2767798.sralite.1,ERX2780639,16S rRNA V4 dual index,AMPLICON,PCR,OTHER,SINGLE,0,0,ILLUMINA,Illumina MiSeq,ERP110578,PRJEB28382,NA,498883,ERS2696578,SAMEA4877610,simple,410661,mouse gut metagenome,SAMEA4877610,NA,NA,NA,NA,NA,NA,no,NA,NA,NA,NA,"YALE UNIVERSITY, NEW HAVEN, UNITED STATES",ERA1584524,NA,public,09ECB034595C30804AA4B7FD25AECA31,E98CA59FEBD25153F33486E76110B36C,ERR2767798
ERR2767799,2018-10-28 09:46:39,2018-10-28 20:07:26,13739,3464303,0,252,2,NA,https://sra-downloadb.be-md.ncbi.nlm.nih.gov/sos5/sra-pub-zq-14/ERR002/767/ERR2767799.sralite.1,ERX2780640,16S rRNA V4 dual index,AMPLICON,PCR,OTHER,SINGLE,0,0,ILLUMINA,Illumina MiSeq,ERP110578,PRJEB28382,NA,498883,ERS2696579,SAMEA4877611,simple,410661,mouse gut metagenome,SAMEA4877611,NA,NA,NA,NA,NA,NA,no,NA,NA,NA,NA,"YALE UNIVERSITY, NEW HAVEN, UNITED STATES",ERA1584524,NA,public,F4ECF171A1D3E4CBF60C51C70BE54C59,F28BD84ECB29F164FC1FC86A9A5068FE,ERR2767799
ERR2767800,2018-10-28 09:46:39,2018-10-28 20:07:30,12805,3226760,0,251,1,NA,https://sra-downloadb.be-md.ncbi.nlm.nih.gov/sos5/sra-pub-zq-14/ERR002/767/ERR2767800.sralite.1,ERX2780641,16S rRNA V4 dual index,AMPLICON,PCR,OTHER,SINGLE,0,0,ILLUMINA,Illumina MiSeq,ERP110578,PRJEB28382,NA,498883,ERS2696580,SAMEA4877612,simple,410661,mouse gut metagenome,SAMEA4877612,NA,NA,NA,NA,NA,NA,no,NA,NA,NA,NA,"YALE UNIVERSITY, NEW HAVEN, UNITED STATES",ERA1584524,NA,public,F75298D249A0F58E0A4BA34A652BAB82,E812EFCF12F21DBC083F3F55BF796C52,ERR2767800
ERR2767801,2018-10-28 09:46:39,2018-10-28 20:07:30,14359,3617465,0,251,2,NA,https://sra-downloadb.be-md.ncbi.nlm.nih.gov/sos5/sra-pub-zq-14/ERR002/767/ERR2767801.sralite.1,ERX2780642,16S rRNA V4 dual index,AMPLICON,PCR,OTHER,SINGLE,0,0,ILLUMINA,Illumina MiSeq,ERP110578,PRJEB28382,NA,498883,ERS2696581,SAMEA4877613,simple,410661,mouse gut metagenome,SAMEA4877613,NA,NA,NA,NA,NA,NA,no,NA,NA,NA,NA,"YALE UNIVERSITY, NEW HAVEN, UNITED STATES",ERA1584524,NA,public,BFBC886650AE05731ECA16713C8F8EFA,69AA7AC0C32299F764CF63DA81DCA99C,ERR2767801
ERR2767802,2018-10-28 09:46:39,2018-10-28 20:07:38,15610,3935611,0,252,2,NA,https://sra-downloadb.be-md.ncbi.nlm.nih.gov/sos5/sra-pub-zq-14/ERR002/767/ERR2767802.sralite.1,ERX2780643,16S rRNA V4 dual index,AMPLICON,PCR,OTHER,SINGLE,0,0,ILLUMINA,Illumina MiSeq,ERP110578,PRJEB28382,NA,498883,ERS2696582,SAMEA4877614,simple,410661,mouse gut metagenome,SAMEA4877614,NA,NA,NA,NA,NA,NA,no,NA,NA,NA,NA,"YALE UNIVERSITY, NEW HAVEN, UNITED STATES",ERA1584524,NA,public,D2C835B299FA0346EE420E0C879E71DB,2EC6A2D355DAA654A7FC57CCEDB43334,ERR2767802
ERR2767803,2018-10-28 09:46:39,2018-10-28 20:07:40,13710,3454814,0,251,2,NA,https://sra-downloadb.be-md.ncbi.nlm.nih.gov/sos5/sra-pub-zq-14/ERR002/767/ERR2767803.sralite.1,ERX2780644,16S rRNA V4 dual index,AMPLICON,PCR,OTHER,SINGLE,0,0,ILLUMINA,Illumina MiSeq,ERP110578,PRJEB28382,NA,498883,ERS2696583,SAMEA4877615,simple,410661,mouse gut metagenome,SAMEA4877615,NA,NA,NA,NA,NA,NA,no,NA,NA,NA,NA,"YALE UNIVERSITY, NEW HAVEN, UNITED STATES",ERA1584524,NA,public,B36942348EE0C6620C560C91ECD40D92,770A2656AEE37AC110BB4EF0AC8A5235,ERR2767803
ERR2767804,2018-10-28 09:46:39,2018-10-28 20:07:41,19078,4809236,0,252,2,NA,https://sra-downloadb.be-md.ncbi.nlm.nih.gov/sos5/sra-pub-zq-14/ERR002/767/ERR2767804.sralite.1,ERX2780645,16S rRNA V4 dual index,AMPLICON,PCR,OTHER,SINGLE,0,0,ILLUMINA,Illumina MiSeq,ERP110578,PRJEB28382,NA,498883,ERS2696584,SAMEA4877616,simple,410661,mouse gut metagenome,SAMEA4877616,NA,NA,NA,NA,NA,NA,no,NA,NA,NA,NA,"YALE UNIVERSITY, NEW HAVEN, UNITED STATES",ERA1584524,NA,public,F1D0F5C37064BFEB20B8C79A34FA4D68,A636CC729B7F8C6A523184DF094D66A0,ERR2767804
ERR2767805,2018-10-28 09:46:39,2018-10-28 20:07:49,15929,4014451,0,252,2,NA,https://sra-downloadb.be-md.ncbi.nlm.nih.gov/sos5/sra-pub-zq-14/ERR002/767/ERR2767805.sralite.1,ERX2780646,16S rRNA V4 dual index,AMPLICON,PCR,OTHER,SINGLE,0,0,ILLUMINA,Illumina MiSeq,ERP110578,PRJEB28382,NA,498883,ERS2696585,SAMEA4877617,simple,410661,mouse gut metagenome,SAMEA4877617,NA,NA,NA,NA,NA,NA,no,NA,NA,NA,NA,"YALE UNIVERSITY, NEW HAVEN, UNITED STATES",ERA1584524,NA,public,F5AD171790F90A6DC26AC114139403F6,986BBC0C7ABCFC8E02E8B9364FA01D96,ERR2767805
ERR2767806,2018-10-28 09:46:39,2018-10-28 20:07:50,17218,4340054,0,252,2,NA,https://sra-downloadb.be-md.ncbi.nlm.nih.gov/sos5/sra-pub-zq-14/ERR002/767/ERR2767806.sralite.1,ERX2780647,16S rRNA V4 dual index,AMPLICON,PCR,OTHER,SINGLE,0,0,ILLUMINA,Illumina MiSeq,ERP110578,PRJEB28382,NA,498883,ERS2696586,SAMEA4877618,simple,410661,mouse gut metagenome,SAMEA4877618,NA,NA,NA,NA,NA,NA,no,NA,NA,NA,NA,"YALE UNIVERSITY, NEW HAVEN, UNITED STATES",ERA1584524,NA,public,C9A2E4108690FC996412F4A199236EEE,D0E17819AC4012265A22C173FB7D40F1,ERR2767806
ERR2767807,2018-10-28 09:46:39,2018-10-28 20:07:51,14577,3673613,0,252,2,NA,https://sra-downloadb.be-md.ncbi.nlm.nih.gov/sos5/sra-pub-zq-14/ERR002/767/ERR2767807.sralite.1,ERX2780648,16S rRNA V4 dual index,AMPLICON,PCR,OTHER,SINGLE,0,0,ILLUMINA,Illumina MiSeq,ERP110578,PRJEB28382,NA,498883,ERS2696587,SAMEA4877619,simple,410661,mouse gut metagenome,SAMEA4877619,NA,NA,NA,NA,NA,NA,no,NA,NA,NA,NA,"YALE UNIVERSITY, NEW HAVEN, UNITED STATES",ERA1584524,NA,public,873404547C42A092FD1AC943C2A154FB,F415C4F1B1F42B6D58BFBBE68C312349,ERR2767807
ERR2767808,2018-10-28 09:46:39,2018-10-28 20:08:10,17277,4353795,0,251,2,NA,https://sra-downloadb.be-md.ncbi.nlm.nih.gov/sos5/sra-pub-zq-14/ERR002/767/ERR2767808.sralite.1,ERX2780649,16S rRNA V4 dual index,AMPLICON,PCR,OTHER,SINGLE,0,0,ILLUMINA,Illumina MiSeq,ERP110578,PRJEB28382,NA,498883,ERS2696588,SAMEA4877620,simple,410661,mouse gut metagenome,SAMEA4877620,NA,NA,NA,NA,NA,NA,no,NA,NA,NA,NA,"YALE UNIVERSITY, NEW HAVEN, UNITED STATES",ERA1584524,NA,public,04F4C38B83CC6E02978310F4253010D5,018D69FCF02C7F4C336CD7D2228B1C56,ERR2767808
ERR2767809,2018-10-28 09:46:39,2018-10-28 20:08:10,15788,3977420,0,251,2,NA,https://sra-downloadb.be-md.ncbi.nlm.nih.gov/sos5/sra-pub-zq-14/ERR002/767/ERR2767809.sralite.1,ERX2780650,16S rRNA V4 dual index,AMPLICON,PCR,OTHER,SINGLE,0,0,ILLUMINA,Illumina MiSeq,ERP110578,PRJEB28382,NA,498883,ERS2696589,SAMEA4877621,simple,410661,mouse gut metagenome,SAMEA4877621,NA,NA,NA,NA,NA,NA,no,NA,NA,NA,NA,"YALE UNIVERSITY, NEW HAVEN, UNITED STATES",ERA1584524,NA,public,37D186D71ED035F2B5A750C82DF24642,593DFA5305FF7BA320306C440A66EA62,ERR2767809
ERR2767810,2018-10-28 09:46:39,2018-10-28 20:08:11,32913,8301019,0,252,4,NA,https://sra-downloadb.be-md.ncbi.nlm.nih.gov/sos5/sra-pub-zq-14/ERR002/767/ERR2767810.sralite.1,ERX2780651,16S rRNA V4 dual index,AMPLICON,PCR,OTHER,SINGLE,0,0,ILLUMINA,Illumina MiSeq,ERP110578,PRJEB28382,NA,498883,ERS2696590,SAMEA4877622,simple,410661,mouse gut metagenome,SAMEA4877622,NA,NA,NA,NA,NA,NA,no,NA,NA,NA,NA,"YALE UNIVERSITY, NEW HAVEN, UNITED STATES",ERA1584524,NA,public,A4B7EB0309734AB17E556696958A38FA,F837F62F09E70DD9C3B821DB011A9231,ERR2767810
ERR2767811,2018-10-28 09:46:39,2018-10-28 20:08:20,18285,4609826,0,252,2,NA,https://sra-downloadb.be-md.ncbi.nlm.nih.gov/sos5/sra-pub-zq-14/ERR002/767/ERR2767811.sralite.1,ERX2780652,16S rRNA V4 dual index,AMPLICON,PCR,OTHER,SINGLE,0,0,ILLUMINA,Illumina MiSeq,ERP110578,PRJEB28382,NA,498883,ERS2696591,SAMEA4877623,simple,410661,mouse gut metagenome,SAMEA4877623,NA,NA,NA,NA,NA,NA,no,NA,NA,NA,NA,"YALE UNIVERSITY, NEW HAVEN, UNITED STATES",ERA1584524,NA,public,294894639B1EB27904B0B259A97FBF1B,4F4DECC3DE7B618AB1F1FFFB200C3325,ERR2767811
ERR2767812,2018-10-28 09:46:39,2018-10-28 20:08:20,10783,2717260,0,251,1,NA,https://sra-downloadb.be-md.ncbi.nlm.nih.gov/sos5/sra-pub-zq-14/ERR002/767/ERR2767812.sralite.1,ERX2780653,16S rRNA V4 dual index,AMPLICON,PCR,OTHER,SINGLE,0,0,ILLUMINA,Illumina MiSeq,ERP110578,PRJEB28382,NA,498883,ERS2696592,SAMEA4877624,simple,410661,mouse gut metagenome,SAMEA4877624,NA,NA,NA,NA,NA,NA,no,NA,NA,NA,NA,"YALE UNIVERSITY, NEW HAVEN, UNITED STATES",ERA1584524,NA,public,C2ABA784F737D875956A050E0CEE8547,C7E9F8A7EADD733E47236C069181788D,ERR2767812
ERR2767813,2018-10-28 09:46:39,2018-10-28 20:08:22,18035,4546588,0,252,2,NA,https://sra-downloadb.be-md.ncbi.nlm.nih.gov/sos5/sra-pub-zq-14/ERR002/767/ERR2767813.sralite.1,ERX2780654,16S rRNA V4 dual index,AMPLICON,PCR,OTHER,SINGLE,0,0,ILLUMINA,Illumina MiSeq,ERP110578,PRJEB28382,NA,498883,ERS2696593,SAMEA4877625,simple,410661,mouse gut metagenome,SAMEA4877625,NA,NA,NA,NA,NA,NA,no,NA,NA,NA,NA,"YALE UNIVERSITY, NEW HAVEN, UNITED STATES",ERA1584524,NA,public,0364B0B605E6F3926D0DCF702D685088,02DC2306C64C57222DE05D0F3A0F3F0C,ERR2767813
ERR2767814,2018-10-28 09:46:39,2018-10-28 20:08:30,11859,2989616,0,252,1,NA,https://sra-downloadb.be-md.ncbi.nlm.nih.gov/sos5/sra-pub-zq-14/ERR002/767/ERR2767814.sralite.1,ERX2780655,16S rRNA V4 dual index,AMPLICON,PCR,OTHER,SINGLE,0,0,ILLUMINA,Illumina MiSeq,ERP110578,PRJEB28382,NA,498883,ERS2696594,SAMEA4877626,simple,410661,mouse gut metagenome,SAMEA4877626,NA,NA,NA,NA,NA,NA,no,NA,NA,NA,NA,"YALE UNIVERSITY, NEW HAVEN, UNITED STATES",ERA1584524,NA,public,2F257FBA2FFC0F8A789DC5EBC89804D6,16D29744809B4B3E706AF52A195E5BD0,ERR2767814
ERR2767815,2018-10-28 09:46:39,2018-10-28 20:08:30,14500,3652046,0,251,2,NA,https://sra-downloadb.be-md.ncbi.nlm.nih.gov/sos5/sra-pub-zq-14/ERR002/767/ERR2767815.sralite.1,ERX2780656,16S rRNA V4 dual index,AMPLICON,PCR,OTHER,SINGLE,0,0,ILLUMINA,Illumina MiSeq,ERP110578,PRJEB28382,NA,498883,ERS2696595,SAMEA4877627,simple,410661,mouse gut metagenome,SAMEA4877627,NA,NA,NA,NA,NA,NA,no,NA,NA,NA,NA,"YALE UNIVERSITY, NEW HAVEN, UNITED STATES",ERA1584524,NA,public,1BE9B8D35874CDAF40695AE280A65EA7,A5435600A2DD2F96C8219E93F42B32E2,ERR2767815
ERR2767816,2018-10-28 09:46:39,2018-10-28 20:08:32,6251,1575312,0,252,0,NA,https://sra-downloadb.be-md.ncbi.nlm.nih.gov/sos5/sra-pub-zq-14/ERR002/767/ERR2767816.sralite.1,ERX2780657,16S rRNA V4 dual index,AMPLICON,PCR,OTHER,SINGLE,0,0,ILLUMINA,Illumina MiSeq,ERP110578,PRJEB28382,NA,498883,ERS2696596,SAMEA4877628,simple,410661,mouse gut metagenome,SAMEA4877628,NA,NA,NA,NA,NA,NA,no,NA,NA,NA,NA,"YALE UNIVERSITY, NEW HAVEN, UNITED STATES",ERA1584524,NA,public,537A096843EF9DB0CA521C58470ABCE2,C79315532138C8B16118257A5C553150,ERR2767816
ERR2767817,2018-10-28 09:46:39,2018-10-28 20:08:40,13757,3466571,0,251,2,NA,https://sra-downloadb.be-md.ncbi.nlm.nih.gov/sos5/sra-pub-zq-14/ERR002/767/ERR2767817.sralite.1,ERX2780658,16S rRNA V4 dual index,AMPLICON,PCR,OTHER,SINGLE,0,0,ILLUMINA,Illumina MiSeq,ERP110578,PRJEB28382,NA,498883,ERS2696597,SAMEA4877629,simple,410661,mouse gut metagenome,SAMEA4877629,NA,NA,NA,NA,NA,NA,no,NA,NA,NA,NA,"YALE UNIVERSITY, NEW HAVEN, UNITED STATES",ERA1584524,NA,public,60B0C7C9E5485E55DE380FA0D524E010,1B2E9C85CF4C66A6F363ACAF35CDF776,ERR2767817
ERR2767818,2018-10-28 09:46:39,2018-10-28 20:08:41,5188,1307394,0,252,0,NA,https://sra-downloadb.be-md.ncbi.nlm.nih.gov/sos5/sra-pub-zq-14/ERR002/767/ERR2767818.sralite.1,ERX2780659,16S rRNA V4 dual index,AMPLICON,PCR,OTHER,SINGLE,0,0,ILLUMINA,Illumina MiSeq,ERP110578,PRJEB28382,NA,498883,ERS2696598,SAMEA4877630,simple,410661,mouse gut metagenome,SAMEA4877630,NA,NA,NA,NA,NA,NA,no,NA,NA,NA,NA,"YALE UNIVERSITY, NEW HAVEN, UNITED STATES",ERA1584524,NA,public,33D567F508694958D56FF6F8C0511642,41C1ED211C6531B7013FEE832FAB6BE2,ERR2767818
ERR2767819,2018-10-28 09:46:39,2018-10-28 20:08:42,15444,3894592,0,252,2,NA,https://sra-downloadb.be-md.ncbi.nlm.nih.gov/sos5/sra-pub-zq-14/ERR002/767/ERR2767819.sralite.1,ERX2780660,16S rRNA V4 dual index,AMPLICON,PCR,OTHER,SINGLE,0,0,ILLUMINA,Illumina MiSeq,ERP110578,PRJEB28382,NA,498883,ERS2696599,SAMEA4877631,simple,410661,mouse gut metagenome,SAMEA4877631,NA,NA,NA,NA,NA,NA,no,NA,NA,NA,NA,"YALE UNIVERSITY, NEW HAVEN, UNITED STATES",ERA1584524,NA,public,7722BFB37558A29C3C40A17C55E0E5B2,B1E86EABD8215AFF97818D5A9A8E2DE6,ERR2767819
ERR2767820,2018-10-28 09:46:39,2018-10-28 20:09:08,22877,5765429,0,252,3,NA,https://sra-downloadb.be-md.ncbi.nlm.nih.gov/sos5/sra-pub-zq-14/ERR002/767/ERR2767820.sralite.1,ERX2780661,16S rRNA V4 dual index,AMPLICON,PCR,OTHER,SINGLE,0,0,ILLUMINA,Illumina MiSeq,ERP110578,PRJEB28382,NA,498883,ERS2696600,SAMEA4877632,simple,410661,mouse gut metagenome,SAMEA4877632,NA,NA,NA,NA,NA,NA,no,NA,NA,NA,NA,"YALE UNIVERSITY, NEW HAVEN, UNITED STATES",ERA1584524,NA,public,E84D472AA266B232036D8110663FF1F5,7E6CDAE712AA2001C650B2F19CCFEFFD,ERR2767820
ERR2767821,2018-10-28 09:46:39,2018-10-28 20:09:09,26914,6783405,0,252,4,NA,https://sra-downloadb.be-md.ncbi.nlm.nih.gov/sos5/sra-pub-zq-14/ERR002/767/ERR2767821.sralite.1,ERX2780662,16S rRNA V4 dual index,AMPLICON,PCR,OTHER,SINGLE,0,0,ILLUMINA,Illumina MiSeq,ERP110578,PRJEB28382,NA,498883,ERS2696601,SAMEA4877633,simple,410661,mouse gut metagenome,SAMEA4877633,NA,NA,NA,NA,NA,NA,no,NA,NA,NA,NA,"YALE UNIVERSITY, NEW HAVEN, UNITED STATES",ERA1584524,NA,public,2EAC8A53707CF2CDE46E573F29F63373,85412F63837325C0801B6B52A858DBDE,ERR2767821
ERR2767822,2018-10-28 09:46:39,2018-10-28 20:09:09,48841,12310449,0,252,7,NA,https://sra-downloadb.be-md.ncbi.nlm.nih.gov/sos5/sra-pub-zq-14/ERR002/767/ERR2767822.sralite.1,ERX2780663,16S rRNA V4 dual index,AMPLICON,PCR,OTHER,SINGLE,0,0,ILLUMINA,Illumina MiSeq,ERP110578,PRJEB28382,NA,498883,ERS2696602,SAMEA4877634,simple,410661,mouse gut metagenome,SAMEA4877634,NA,NA,NA,NA,NA,NA,no,NA,NA,NA,NA,"YALE UNIVERSITY, NEW HAVEN, UNITED STATES",ERA1584524,NA,public,1D5F1153D038CBDBEFE10CB360AB77C4,C1ABA390158A5F01C2233929065677B7,ERR2767822
ERR2767823,2018-10-28 09:46:39,2018-10-28 20:09:19,39266,9900672,0,252,6,NA,https://sra-downloadb.be-md.ncbi.nlm.nih.gov/sos5/sra-pub-zq-14/ERR002/767/ERR2767823.sralite.1,ERX2780664,16S rRNA V4 dual index,AMPLICON,PCR,OTHER,SINGLE,0,0,ILLUMINA,Illumina MiSeq,ERP110578,PRJEB28382,NA,498883,ERS2696603,SAMEA4877635,simple,410661,mouse gut metagenome,SAMEA4877635,NA,NA,NA,NA,NA,NA,no,NA,NA,NA,NA,"YALE UNIVERSITY, NEW HAVEN, UNITED STATES",ERA1584524,NA,public,28F7A21F8847D840A5C83A379693DA0F,2D874CEEA60CBB68C7EDA833C587157A,ERR2767823
ERR2767824,2018-10-28 09:46:39,2018-10-28 20:09:19,36284,9148068,0,252,5,NA,https://sra-downloadb.be-md.ncbi.nlm.nih.gov/sos5/sra-pub-zq-14/ERR002/767/ERR2767824.sralite.1,ERX2780665,16S rRNA V4 dual index,AMPLICON,PCR,OTHER,SINGLE,0,0,ILLUMINA,Illumina MiSeq,ERP110578,PRJEB28382,NA,498883,ERS2696604,SAMEA4877636,simple,410661,mouse gut metagenome,SAMEA4877636,NA,NA,NA,NA,NA,NA,no,NA,NA,NA,NA,"YALE UNIVERSITY, NEW HAVEN, UNITED STATES",ERA1584524,NA,public,9156A1CE50E250FF95A0FE725B9F2A29,F1949D7F1DD0D3895C2AB6FB1CD2F27E,ERR2767824
ERR2767825,2018-10-28 09:46:39,2018-10-28 20:09:20,33753,8503623,0,251,5,NA,https://sra-downloadb.be-md.ncbi.nlm.nih.gov/sos5/sra-pub-zq-14/ERR002/767/ERR2767825.sralite.1,ERX2780666,16S rRNA V4 dual index,AMPLICON,PCR,OTHER,SINGLE,0,0,ILLUMINA,Illumina MiSeq,ERP110578,PRJEB28382,NA,498883,ERS2696605,SAMEA4877637,simple,410661,mouse gut metagenome,SAMEA4877637,NA,NA,NA,NA,NA,NA,no,NA,NA,NA,NA,"YALE UNIVERSITY, NEW HAVEN, UNITED STATES",ERA1584524,NA,public,3DF44ECBAC4BE9644551EAC341C58B6C,1CBE69173ECB48A3CF48EAF09DC9E0E1,ERR2767825
ERR2767826,2018-10-28 09:46:39,2018-10-28 20:09:30,34477,8684263,0,251,5,NA,https://sra-downloadb.be-md.ncbi.nlm.nih.gov/sos5/sra-pub-zq-14/ERR002/767/ERR2767826.sralite.1,ERX2780667,16S rRNA V4 dual index,AMPLICON,PCR,OTHER,SINGLE,0,0,ILLUMINA,Illumina MiSeq,ERP110578,PRJEB28382,NA,498883,ERS2696606,SAMEA4877638,simple,410661,mouse gut metagenome,SAMEA4877638,NA,NA,NA,NA,NA,NA,no,NA,NA,NA,NA,"YALE UNIVERSITY, NEW HAVEN, UNITED STATES",ERA1584524,NA,public,8F02FFC963DC0A96042278E02AA3377B,6B42353E7C2D7E5FE1B56EE3168E2B95,ERR2767826
ERR2767827,2018-10-28 09:46:39,2018-10-28 20:09:30,28803,7255567,0,251,4,NA,https://sra-downloadb.be-md.ncbi.nlm.nih.gov/sos5/sra-pub-zq-14/ERR002/767/ERR2767827.sralite.1,ERX2780668,16S rRNA V4 dual index,AMPLICON,PCR,OTHER,SINGLE,0,0,ILLUMINA,Illumina MiSeq,ERP110578,PRJEB28382,NA,498883,ERS2696607,SAMEA4877639,simple,410661,mouse gut metagenome,SAMEA4877639,NA,NA,NA,NA,NA,NA,no,NA,NA,NA,NA,"YALE UNIVERSITY, NEW HAVEN, UNITED STATES",ERA1584524,NA,public,B0129560C1CABA1C52106BBC17016E3F,F8D1060C31D04C8B5AF85DE25B3BE7F9,ERR2767827
ERR2767828,2018-10-28 09:46:39,2018-10-28 20:09:30,5867,1478514,0,252,0,NA,https://sra-downloadb.be-md.ncbi.nlm.nih.gov/sos5/sra-pub-zq-14/ERR002/767/ERR2767828.sralite.1,ERX2780669,16S rRNA V4 dual index,AMPLICON,PCR,OTHER,SINGLE,0,0,ILLUMINA,Illumina MiSeq,ERP110578,PRJEB28382,NA,498883,ERS2696608,SAMEA4877640,simple,410661,mouse gut metagenome,SAMEA4877640,NA,NA,NA,NA,NA,NA,no,NA,NA,NA,NA,"YALE UNIVERSITY, NEW HAVEN, UNITED STATES",ERA1584524,NA,public,857502AAE62166D7FBFC076671E0724A,CA24120EDB6135B2D19AD5538D2591FF,ERR2767828
ERR2767829,2018-10-28 09:46:39,2018-10-28 20:09:40,38974,9822297,0,252,5,NA,https://sra-downloadb.be-md.ncbi.nlm.nih.gov/sos5/sra-pub-zq-14/ERR002/767/ERR2767829.sralite.1,ERX2780670,16S rRNA V4 dual index,AMPLICON,PCR,OTHER,SINGLE,0,0,ILLUMINA,Illumina MiSeq,ERP110578,PRJEB28382,NA,498883,ERS2696609,SAMEA4877641,simple,410661,mouse gut metagenome,SAMEA4877641,NA,NA,NA,NA,NA,NA,no,NA,NA,NA,NA,"YALE UNIVERSITY, NEW HAVEN, UNITED STATES",ERA1584524,NA,public,E87422AE2A8FF07F56F43C6952EA9FFD,5B4DB12A5346D4170CC0CA51AF169CF1,ERR2767829
ERR2767830,2018-10-28 09:46:39,2018-10-28 20:09:41,16466,4150529,0,252,2,NA,https://sra-downloadb.be-md.ncbi.nlm.nih.gov/sos5/sra-pub-zq-14/ERR002/767/ERR2767830.sralite.1,ERX2780671,16S rRNA V4 dual index,AMPLICON,PCR,OTHER,SINGLE,0,0,ILLUMINA,Illumina MiSeq,ERP110578,PRJEB28382,NA,498883,ERS2696610,SAMEA4877642,simple,410661,mouse gut metagenome,SAMEA4877642,NA,NA,NA,NA,NA,NA,no,NA,NA,NA,NA,"YALE UNIVERSITY, NEW HAVEN, UNITED STATES",ERA1584524,NA,public,2787E5978EC75B7EB601E3209BDB2C29,0CCAEC370AEC7691701B501C6F233720,ERR2767830
ERR2767831,2018-10-28 09:46:39,2018-10-28 20:09:50,41439,10442543,0,251,6,NA,https://sra-downloadb.be-md.ncbi.nlm.nih.gov/sos5/sra-pub-zq-14/ERR002/767/ERR2767831.sralite.1,ERX2780672,16S rRNA V4 dual index,AMPLICON,PCR,OTHER,SINGLE,0,0,ILLUMINA,Illumina MiSeq,ERP110578,PRJEB28382,NA,498883,ERS2696611,SAMEA4877643,simple,410661,mouse gut metagenome,SAMEA4877643,NA,NA,NA,NA,NA,NA,no,NA,NA,NA,NA,"YALE UNIVERSITY, NEW HAVEN, UNITED STATES",ERA1584524,NA,public,DCD3032D71F41BE1FECC2ECD9426290A,93FD760244DEA9C9CFC8553EF0D2011A,ERR2767831
ERR2767832,2018-10-28 09:46:39,2018-10-28 20:09:51,15379,3876122,0,252,2,NA,https://sra-downloadb.be-md.ncbi.nlm.nih.gov/sos5/sra-pub-zq-14/ERR002/767/ERR2767832.sralite.1,ERX2780673,16S rRNA V4 dual index,AMPLICON,PCR,OTHER,SINGLE,0,0,ILLUMINA,Illumina MiSeq,ERP110578,PRJEB28382,NA,498883,ERS2696612,SAMEA4877644,simple,410661,mouse gut metagenome,SAMEA4877644,NA,NA,NA,NA,NA,NA,no,NA,NA,NA,NA,"YALE UNIVERSITY, NEW HAVEN, UNITED STATES",ERA1584524,NA,public,802C278881B84292A22109590217159F,39856BFC5AB84180DCF7F79F4F3EB572,ERR2767832
ERR2767833,2018-10-28 09:46:39,2018-10-28 20:10:16,16932,4266421,0,251,2,NA,https://sra-downloadb.be-md.ncbi.nlm.nih.gov/sos5/sra-pub-zq-14/ERR002/767/ERR2767833.sralite.1,ERX2780674,16S rRNA V4 dual index,AMPLICON,PCR,OTHER,SINGLE,0,0,ILLUMINA,Illumina MiSeq,ERP110578,PRJEB28382,NA,498883,ERS2696613,SAMEA4877645,simple,410661,mouse gut metagenome,SAMEA4877645,NA,NA,NA,NA,NA,NA,no,NA,NA,NA,NA,"YALE UNIVERSITY, NEW HAVEN, UNITED STATES",ERA1584524,NA,public,5F8FCB657FB58ADBC1A1ED0EFE0CD742,8F40C400DC2657E40BEB138DBF91B241,ERR2767833
ERR2767834,2018-10-28 09:46:39,2018-10-28 20:10:16,10531,2653299,0,251,1,NA,https://sra-downloadb.be-md.ncbi.nlm.nih.gov/sos5/sra-pub-zq-14/ERR002/767/ERR2767834.sralite.1,ERX2780675,16S rRNA V4 dual index,AMPLICON,PCR,OTHER,SINGLE,0,0,ILLUMINA,Illumina MiSeq,ERP110578,PRJEB28382,NA,498883,ERS2696614,SAMEA4877646,simple,410661,mouse gut metagenome,SAMEA4877646,NA,NA,NA,NA,NA,NA,no,NA,NA,NA,NA,"YALE UNIVERSITY, NEW HAVEN, UNITED STATES",ERA1584524,NA,public,103BD3824EE2D873968FB0B80128285F,366B7C409A719CEE6DB52118C0F83233,ERR2767834
ERR2767835,2018-10-28 09:46:39,2018-10-28 20:10:26,7562,1905973,0,252,1,NA,https://sra-downloadb.be-md.ncbi.nlm.nih.gov/sos5/sra-pub-zq-14/ERR002/767/ERR2767835.sralite.1,ERX2780676,16S rRNA V4 dual index,AMPLICON,PCR,OTHER,SINGLE,0,0,ILLUMINA,Illumina MiSeq,ERP110578,PRJEB28382,NA,498883,ERS2696615,SAMEA4877647,simple,410661,mouse gut metagenome,SAMEA4877647,NA,NA,NA,NA,NA,NA,no,NA,NA,NA,NA,"YALE UNIVERSITY, NEW HAVEN, UNITED STATES",ERA1584524,NA,public,B4B6F5A0A1FFFCD73BAC37ABE6BD08D3,DFBE50A1252359C62B9F6E3FE7BAC81F,ERR2767835
ERR2767836,2018-10-28 09:46:39,2018-10-28 20:10:26,15218,3833525,0,251,2,NA,https://sra-downloadb.be-md.ncbi.nlm.nih.gov/sos5/sra-pub-zq-14/ERR002/767/ERR2767836.sralite.1,ERX2780677,16S rRNA V4 dual index,AMPLICON,PCR,OTHER,SINGLE,0,0,ILLUMINA,Illumina MiSeq,ERP110578,PRJEB28382,NA,498883,ERS2696616,SAMEA4877648,simple,410661,mouse gut metagenome,SAMEA4877648,NA,NA,NA,NA,NA,NA,no,NA,NA,NA,NA,"YALE UNIVERSITY, NEW HAVEN, UNITED STATES",ERA1584524,NA,public,ABA3D0638C92BEE4D27F1B6CA44640E3,81D2D8A5D6D51B6145FBA9AA23C853FC,ERR2767836
ERR2767837,2018-10-28 09:46:40,2018-10-28 20:10:29,31381,7913158,0,252,4,NA,https://sra-downloadb.be-md.ncbi.nlm.nih.gov/sos5/sra-pub-zq-14/ERR002/767/ERR2767837.sralite.1,ERX2780678,16S rRNA V4 dual index,AMPLICON,PCR,OTHER,SINGLE,0,0,ILLUMINA,Illumina MiSeq,ERP110578,PRJEB28382,NA,498883,ERS2696617,SAMEA4877649,simple,410661,mouse gut metagenome,SAMEA4877649,NA,NA,NA,NA,NA,NA,no,NA,NA,NA,NA,"YALE UNIVERSITY, NEW HAVEN, UNITED STATES",ERA1584524,NA,public,571D73AB9A54410A2EFB10D87C8F28EA,4C7ECDEF55C24EF9AEC3E25E8A336E6C,ERR2767837
ERR2767838,2018-10-28 09:46:40,2018-10-28 20:10:37,24318,6129369,0,252,3,NA,https://sra-downloadb.be-md.ncbi.nlm.nih.gov/sos5/sra-pub-zq-14/ERR002/767/ERR2767838.sralite.1,ERX2780679,16S rRNA V4 dual index,AMPLICON,PCR,OTHER,SINGLE,0,0,ILLUMINA,Illumina MiSeq,ERP110578,PRJEB28382,NA,498883,ERS2696618,SAMEA4877650,simple,410661,mouse gut metagenome,SAMEA4877650,NA,NA,NA,NA,NA,NA,no,NA,NA,NA,NA,"YALE UNIVERSITY, NEW HAVEN, UNITED STATES",ERA1584524,NA,public,3049790C5BAAA3F5BE0E96A48E837EF6,E069BDCBBA6BF1D37D9D02833F9AACEF,ERR2767838
ERR2767839,2018-10-28 09:46:40,2018-10-28 20:10:37,20984,5287151,0,251,3,NA,https://sra-downloadb.be-md.ncbi.nlm.nih.gov/sos5/sra-pub-zq-14/ERR002/767/ERR2767839.sralite.1,ERX2780680,16S rRNA V4 dual index,AMPLICON,PCR,OTHER,SINGLE,0,0,ILLUMINA,Illumina MiSeq,ERP110578,PRJEB28382,NA,498883,ERS2696619,SAMEA4877651,simple,410661,mouse gut metagenome,SAMEA4877651,NA,NA,NA,NA,NA,NA,no,NA,NA,NA,NA,"YALE UNIVERSITY, NEW HAVEN, UNITED STATES",ERA1584524,NA,public,DC0379DD6B343E50B2950BF319D7EFA7,368BDD8C63C731C22284FEC580415225,ERR2767839
ERR2767840,2018-10-28 09:46:40,2018-10-28 20:10:41,18791,4734136,0,251,2,NA,https://sra-downloadb.be-md.ncbi.nlm.nih.gov/sos5/sra-pub-zq-14/ERR002/767/ERR2767840.sralite.1,ERX2780681,16S rRNA V4 dual index,AMPLICON,PCR,OTHER,SINGLE,0,0,ILLUMINA,Illumina MiSeq,ERP110578,PRJEB28382,NA,498883,ERS2696620,SAMEA4877652,simple,410661,mouse gut metagenome,SAMEA4877652,NA,NA,NA,NA,NA,NA,no,NA,NA,NA,NA,"YALE UNIVERSITY, NEW HAVEN, UNITED STATES",ERA1584524,NA,public,4BED2B000AAFE4B420B30E3888E4D83A,D53F1E3ACFE86FAEEB98CCDF512B2EEF,ERR2767840
ERR2767841,2018-10-28 09:46:40,2018-10-28 20:10:47,8975,2257938,0,251,1,NA,https://sra-downloadb.be-md.ncbi.nlm.nih.gov/sos5/sra-pub-zq-14/ERR002/767/ERR2767841.sralite.1,ERX2780682,16S rRNA V4 dual index,AMPLICON,PCR,OTHER,SINGLE,0,0,ILLUMINA,Illumina MiSeq,ERP110578,PRJEB28382,NA,498883,ERS2696621,SAMEA4877653,simple,410661,mouse gut metagenome,SAMEA4877653,NA,NA,NA,NA,NA,NA,no,NA,NA,NA,NA,"YALE UNIVERSITY, NEW HAVEN, UNITED STATES",ERA1584524,NA,public,40DEC3B1AAF0FEB577F74A7CA6F21ABF,67BFCCE8C7D218C986271DD2FC3F4A21,ERR2767841
ERR2767842,2018-10-28 09:46:40,2018-10-28 20:10:47,21062,5310818,0,252,3,NA,https://sra-downloadb.be-md.ncbi.nlm.nih.gov/sos5/sra-pub-zq-14/ERR002/767/ERR2767842.sralite.1,ERX2780683,16S rRNA V4 dual index,AMPLICON,PCR,OTHER,SINGLE,0,0,ILLUMINA,Illumina MiSeq,ERP110578,PRJEB28382,NA,498883,ERS2696622,SAMEA4877654,simple,410661,mouse gut metagenome,SAMEA4877654,NA,NA,NA,NA,NA,NA,no,NA,NA,NA,NA,"YALE UNIVERSITY, NEW HAVEN, UNITED STATES",ERA1584524,NA,public,B2233512DF902F01AAB0B06163C2567F,11459064F45005A30773B0C78E222072,ERR2767842
ERR2767843,2018-10-28 09:46:40,2018-10-28 20:10:51,21958,5535394,0,252,3,NA,https://sra-downloadb.be-md.ncbi.nlm.nih.gov/sos5/sra-pub-zq-14/ERR002/767/ERR2767843.sralite.1,ERX2780684,16S rRNA V4 dual index,AMPLICON,PCR,OTHER,SINGLE,0,0,ILLUMINA,Illumina MiSeq,ERP110578,PRJEB28382,NA,498883,ERS2696623,SAMEA4877655,simple,410661,mouse gut metagenome,SAMEA4877655,NA,NA,NA,NA,NA,NA,no,NA,NA,NA,NA,"YALE UNIVERSITY, NEW HAVEN, UNITED STATES",ERA1584524,NA,public,9734B2A408D6C2D2816FDAF57B93DBC3,7508DDF807A3C043178EAD0A3B74D3C0,ERR2767843
ERR2767844,2018-10-28 09:46:40,2018-10-28 20:11:14,24319,6127068,0,251,3,NA,https://sra-downloadb.be-md.ncbi.nlm.nih.gov/sos5/sra-pub-zq-14/ERR002/767/ERR2767844.sralite.1,ERX2780685,16S rRNA V4 dual index,AMPLICON,PCR,OTHER,SINGLE,0,0,ILLUMINA,Illumina MiSeq,ERP110578,PRJEB28382,NA,498883,ERS2696624,SAMEA4877656,simple,410661,mouse gut metagenome,SAMEA4877656,NA,NA,NA,NA,NA,NA,no,NA,NA,NA,NA,"YALE UNIVERSITY, NEW HAVEN, UNITED STATES",ERA1584524,NA,public,ED469FAFB2FE111415CDBBB9B5C8E6D2,97A8F824702E691469A42156D169F8D4,ERR2767844
ERR2767845,2018-10-28 09:46:40,2018-10-28 20:11:14,20143,5074181,0,251,3,NA,https://sra-downloadb.be-md.ncbi.nlm.nih.gov/sos5/sra-pub-zq-14/ERR002/767/ERR2767845.sralite.1,ERX2780686,16S rRNA V4 dual index,AMPLICON,PCR,OTHER,SINGLE,0,0,ILLUMINA,Illumina MiSeq,ERP110578,PRJEB28382,NA,498883,ERS2696625,SAMEA4877657,simple,410661,mouse gut metagenome,SAMEA4877657,NA,NA,NA,NA,NA,NA,no,NA,NA,NA,NA,"YALE UNIVERSITY, NEW HAVEN, UNITED STATES",ERA1584524,NA,public,92A296604EA7E04E5BF57981287538CD,300CF181C4B692E49A6D9D9A6ACA49DB,ERR2767845
ERR2767846,2018-10-28 09:46:40,2018-10-28 20:11:14,15548,3920144,0,252,2,NA,https://sra-downloadb.be-md.ncbi.nlm.nih.gov/sos5/sra-pub-zq-14/ERR002/767/ERR2767846.sralite.1,ERX2780687,16S rRNA V4 dual index,AMPLICON,PCR,OTHER,SINGLE,0,0,ILLUMINA,Illumina MiSeq,ERP110578,PRJEB28382,NA,498883,ERS2696626,SAMEA4877658,simple,410661,mouse gut metagenome,SAMEA4877658,NA,NA,NA,NA,NA,NA,no,NA,NA,NA,NA,"YALE UNIVERSITY, NEW HAVEN, UNITED STATES",ERA1584524,NA,public,CA272487B91832B6FC1234D8134445F2,EBC1126F33221C39C20123E51AFDF554,ERR2767846
ERR2767847,2018-10-28 09:46:40,2018-10-28 20:11:24,12596,3173489,0,251,1,NA,https://sra-downloadb.be-md.ncbi.nlm.nih.gov/sos5/sra-pub-zq-14/ERR002/767/ERR2767847.sralite.1,ERX2780688,16S rRNA V4 dual index,AMPLICON,PCR,OTHER,SINGLE,0,0,ILLUMINA,Illumina MiSeq,ERP110578,PRJEB28382,NA,498883,ERS2696627,SAMEA4877659,simple,410661,mouse gut metagenome,SAMEA4877659,NA,NA,NA,NA,NA,NA,no,NA,NA,NA,NA,"YALE UNIVERSITY, NEW HAVEN, UNITED STATES",ERA1584524,NA,public,B097117A905F3033AD7A2B97E8413760,2D31221728A674EECC736BCE941D3203,ERR2767847
ERR2767848,2018-10-28 09:46:40,2018-10-28 20:11:24,32165,8100415,0,251,4,NA,https://sra-downloadb.be-md.ncbi.nlm.nih.gov/sos5/sra-pub-zq-14/ERR002/767/ERR2767848.sralite.1,ERX2780689,16S rRNA V4 dual index,AMPLICON,PCR,OTHER,SINGLE,0,0,ILLUMINA,Illumina MiSeq,ERP110578,PRJEB28382,NA,498883,ERS2696628,SAMEA4877660,simple,410661,mouse gut metagenome,SAMEA4877660,NA,NA,NA,NA,NA,NA,no,NA,NA,NA,NA,"YALE UNIVERSITY, NEW HAVEN, UNITED STATES",ERA1584524,NA,public,2F6FFC60731B29E774C128054E016709,5243490BFC21045A44B2D2412356EE19,ERR2767848
ERR2767849,2018-10-28 09:46:40,2018-10-28 20:11:24,36623,9230679,0,252,5,NA,https://sra-downloadb.be-md.ncbi.nlm.nih.gov/sos5/sra-pub-zq-14/ERR002/767/ERR2767849.sralite.1,ERX2780690,16S rRNA V4 dual index,AMPLICON,PCR,OTHER,SINGLE,0,0,ILLUMINA,Illumina MiSeq,ERP110578,PRJEB28382,NA,498883,ERS2696629,SAMEA4877661,simple,410661,mouse gut metagenome,SAMEA4877661,NA,NA,NA,NA,NA,NA,no,NA,NA,NA,NA,"YALE UNIVERSITY, NEW HAVEN, UNITED STATES",ERA1584524,NA,public,840B3CB311DEFBA40612038FD2C367FF,D4E25D14475C739F3B7A103C3D752C16,ERR2767849
ERR2767850,2018-10-28 09:46:40,2018-10-28 20:11:35,20434,5152951,0,252,3,NA,https://sra-downloadb.be-md.ncbi.nlm.nih.gov/sos5/sra-pub-zq-14/ERR002/767/ERR2767850.sralite.1,ERX2780691,16S rRNA V4 dual index,AMPLICON,PCR,OTHER,SINGLE,0,0,ILLUMINA,Illumina MiSeq,ERP110578,PRJEB28382,NA,498883,ERS2696630,SAMEA4877662,simple,410661,mouse gut metagenome,SAMEA4877662,NA,NA,NA,NA,NA,NA,no,NA,NA,NA,NA,"YALE UNIVERSITY, NEW HAVEN, UNITED STATES",ERA1584524,NA,public,91A4FA06BA3BC52FE239D80F5CCE4750,3DA15F99380B568260B2CBC47B2428D8,ERR2767850
ERR2767851,2018-10-28 09:46:40,2018-10-28 20:11:36,15078,3800558,0,252,2,NA,https://sra-downloadb.be-md.ncbi.nlm.nih.gov/sos5/sra-pub-zq-14/ERR002/767/ERR2767851.sralite.1,ERX2780692,16S rRNA V4 dual index,AMPLICON,PCR,OTHER,SINGLE,0,0,ILLUMINA,Illumina MiSeq,ERP110578,PRJEB28382,NA,498883,ERS2696631,SAMEA4877663,simple,410661,mouse gut metagenome,SAMEA4877663,NA,NA,NA,NA,NA,NA,no,NA,NA,NA,NA,"YALE UNIVERSITY, NEW HAVEN, UNITED STATES",ERA1584524,NA,public,7C7A70F2E56ABFF5A5AF63A5B3CF2841,DB8C4625F1CBA0EE9FAC70CC2A88CEF5,ERR2767851
ERR2767852,2018-10-28 09:46:40,2018-10-28 20:11:35,32617,8217411,0,251,5,NA,https://sra-downloadb.be-md.ncbi.nlm.nih.gov/sos5/sra-pub-zq-14/ERR002/767/ERR2767852.sralite.1,ERX2780693,16S rRNA V4 dual index,AMPLICON,PCR,OTHER,SINGLE,0,0,ILLUMINA,Illumina MiSeq,ERP110578,PRJEB28382,NA,498883,ERS2696632,SAMEA4877664,simple,410661,mouse gut metagenome,SAMEA4877664,NA,NA,NA,NA,NA,NA,no,NA,NA,NA,NA,"YALE UNIVERSITY, NEW HAVEN, UNITED STATES",ERA1584524,NA,public,EF9F4253C264DEFEACD1408CA29F514F,609FFF9E1147BD7BDF9AF54FBA310E4C,ERR2767852
ERR2767853,2018-10-28 09:46:40,2018-10-28 20:11:45,47247,11918115,0,252,7,NA,https://sra-downloadb.be-md.ncbi.nlm.nih.gov/sos5/sra-pub-zq-14/ERR002/767/ERR2767853.sralite.1,ERX2780694,16S rRNA V4 dual index,AMPLICON,PCR,OTHER,SINGLE,0,0,ILLUMINA,Illumina MiSeq,ERP110578,PRJEB28382,NA,498883,ERS2696633,SAMEA4877665,simple,410661,mouse gut metagenome,SAMEA4877665,NA,NA,NA,NA,NA,NA,no,NA,NA,NA,NA,"YALE UNIVERSITY, NEW HAVEN, UNITED STATES",ERA1584524,NA,public,2D5267B325399B8974E39B273E0C0833,4479757CD041D4A4B61E623D7FE91164,ERR2767853
ERR2767854,2018-10-28 09:46:40,2018-10-28 20:11:45,6833,1719246,0,251,0,NA,https://sra-downloadb.be-md.ncbi.nlm.nih.gov/sos5/sra-pub-zq-14/ERR002/767/ERR2767854.sralite.1,ERX2780695,16S rRNA V4 dual index,AMPLICON,PCR,OTHER,SINGLE,0,0,ILLUMINA,Illumina MiSeq,ERP110578,PRJEB28382,NA,498883,ERS2696634,SAMEA4877666,simple,410661,mouse gut metagenome,SAMEA4877666,NA,NA,NA,NA,NA,NA,no,NA,NA,NA,NA,"YALE UNIVERSITY, NEW HAVEN, UNITED STATES",ERA1584524,NA,public,3B6800A069B7961954B01B7E5AAC33D2,8EFD78128BAAB8016C39569A2EC7B953,ERR2767854
ERR2767855,2018-10-28 09:46:40,2018-10-28 20:11:47,3433,863514,0,251,0,NA,https://sra-downloadb.be-md.ncbi.nlm.nih.gov/sos5/sra-pub-zq-14/ERR002/767/ERR2767855.sralite.1,ERX2780696,16S rRNA V4 dual index,AMPLICON,PCR,OTHER,SINGLE,0,0,ILLUMINA,Illumina MiSeq,ERP110578,PRJEB28382,NA,498883,ERS2696635,SAMEA4877667,simple,410661,mouse gut metagenome,SAMEA4877667,NA,NA,NA,NA,NA,NA,no,NA,NA,NA,NA,"YALE UNIVERSITY, NEW HAVEN, UNITED STATES",ERA1584524,NA,public,883650DAE36B687F12DCCD76BDD1BA0A,15EAD46AD2D22F14A1A0F54E8DB00D46,ERR2767855
ERR2767856,2018-10-28 09:46:40,2018-10-28 20:12:12,3689,928470,0,251,0,NA,https://sra-downloadb.be-md.ncbi.nlm.nih.gov/sos5/sra-pub-zq-14/ERR002/767/ERR2767856.sralite.1,ERX2780697,16S rRNA V4 dual index,AMPLICON,PCR,OTHER,SINGLE,0,0,ILLUMINA,Illumina MiSeq,ERP110578,PRJEB28382,NA,498883,ERS2696636,SAMEA4877669,simple,410661,mouse gut metagenome,SAMEA4877669,NA,NA,NA,NA,NA,NA,no,NA,NA,NA,NA,"YALE UNIVERSITY, NEW HAVEN, UNITED STATES",ERA1584524,NA,public,42E6B691A2E395F34402F58239C9061F,BCF21B1B3DDBB2BC34815F7CEB60268C,ERR2767856
ERR2767857,2018-10-28 09:46:40,2018-10-28 20:12:13,3314,833910,0,251,0,NA,https://sra-downloadb.be-md.ncbi.nlm.nih.gov/sos5/sra-pub-zq-14/ERR002/767/ERR2767857.sralite.1,ERX2780698,16S rRNA V4 dual index,AMPLICON,PCR,OTHER,SINGLE,0,0,ILLUMINA,Illumina MiSeq,ERP110578,PRJEB28382,NA,498883,ERS2696637,SAMEA4877670,simple,410661,mouse gut metagenome,SAMEA4877670,NA,NA,NA,NA,NA,NA,no,NA,NA,NA,NA,"YALE UNIVERSITY, NEW HAVEN, UNITED STATES",ERA1584524,NA,public,15DE6F631AF57A8E63542488201FB518,9CF025BAE7180E8D0E5F979F10474EBD,ERR2767857
ERR2767858,2018-10-28 09:46:40,2018-10-28 20:12:11,12,3030,0,252,0,NA,https://sra-downloadb.be-md.ncbi.nlm.nih.gov/sos5/sra-pub-zq-14/ERR002/767/ERR2767858.sralite.1,ERX2780699,16S rRNA V4 dual index,AMPLICON,PCR,OTHER,SINGLE,0,0,ILLUMINA,Illumina MiSeq,ERP110578,PRJEB28382,NA,498883,ERS2696638,SAMEA4877671,simple,410661,mouse gut metagenome,SAMEA4877671,NA,NA,NA,NA,NA,NA,no,NA,NA,NA,NA,"YALE UNIVERSITY, NEW HAVEN, UNITED STATES",ERA1584524,NA,public,922E5F2EEBF2F2E794C89E786F917589,568ED6CC29C88A0187864E8AD9F0AE7D,ERR2767858
ERR2767859,2018-10-28 09:46:40,2018-10-28 20:12:21,20503,5168939,0,252,3,NA,https://sra-downloadb.be-md.ncbi.nlm.nih.gov/sos5/sra-pub-zq-14/ERR002/767/ERR2767859.sralite.1,ERX2780700,16S rRNA V4 dual index,AMPLICON,PCR,OTHER,SINGLE,0,0,ILLUMINA,Illumina MiSeq,ERP110578,PRJEB28382,NA,498883,ERS2696639,SAMEA4877672,simple,410661,mouse gut metagenome,SAMEA4877672,NA,NA,NA,NA,NA,NA,no,NA,NA,NA,NA,"YALE UNIVERSITY, NEW HAVEN, UNITED STATES",ERA1584524,NA,public,08EE730BF1B87FC482B21307871E51CD,DF6BD911747B3D1676B0D396BACEB5AB,ERR2767859
ERR2767860,2018-10-28 09:46:40,2018-10-28 20:12:21,20858,5260776,0,252,3,NA,https://sra-downloadb.be-md.ncbi.nlm.nih.gov/sos5/sra-pub-zq-14/ERR002/767/ERR2767860.sralite.1,ERX2780701,16S rRNA V4 dual index,AMPLICON,PCR,OTHER,SINGLE,0,0,ILLUMINA,Illumina MiSeq,ERP110578,PRJEB28382,NA,498883,ERS2696640,SAMEA4877673,simple,410661,mouse gut metagenome,SAMEA4877673,NA,NA,NA,NA,NA,NA,no,NA,NA,NA,NA,"YALE UNIVERSITY, NEW HAVEN, UNITED STATES",ERA1584524,NA,public,0C574E82A6A744A55F779E8AAA284804,017E6D41C6F97A2BC46BD5C5E367381A,ERR2767860
ERR2767861,2018-10-28 09:46:40,2018-10-28 20:12:23,20173,5088617,0,252,2,NA,https://sra-downloadb.be-md.ncbi.nlm.nih.gov/sos5/sra-pub-zq-14/ERR002/767/ERR2767861.sralite.1,ERX2780702,16S rRNA V4 dual index,AMPLICON,PCR,OTHER,SINGLE,0,0,ILLUMINA,Illumina MiSeq,ERP110578,PRJEB28382,NA,498883,ERS2696641,SAMEA4877674,simple,410661,mouse gut metagenome,SAMEA4877674,NA,NA,NA,NA,NA,NA,no,NA,NA,NA,NA,"YALE UNIVERSITY, NEW HAVEN, UNITED STATES",ERA1584524,NA,public,F5BF500FB68D6AA24FE6F5A620145FDF,6277C929DF78C023EB338BCB5BF202A1,ERR2767861
ERR2767862,2018-10-28 09:46:40,2018-10-28 20:13:30,25508,6432037,0,252,3,NA,https://sra-downloadb.be-md.ncbi.nlm.nih.gov/sos5/sra-pub-zq-14/ERR002/767/ERR2767862.sralite.1,ERX2780703,16S rRNA V4 dual index,AMPLICON,PCR,OTHER,SINGLE,0,0,ILLUMINA,Illumina MiSeq,ERP110578,PRJEB28382,NA,498883,ERS2696642,SAMEA4877675,simple,410661,mouse gut metagenome,SAMEA4877675,NA,NA,NA,NA,NA,NA,no,NA,NA,NA,NA,"YALE UNIVERSITY, NEW HAVEN, UNITED STATES",ERA1584524,NA,public,47CBA0D4615406D2608A2B9F77C5F50A,62812D06F7168B82F9C3E980AE6A4094,ERR2767862
ERR2767863,2018-10-28 09:46:40,2018-10-28 20:13:30,32162,8103381,0,251,5,NA,https://sra-downloadb.be-md.ncbi.nlm.nih.gov/sos5/sra-pub-zq-14/ERR002/767/ERR2767863.sralite.1,ERX2780704,16S rRNA V4 dual index,AMPLICON,PCR,OTHER,SINGLE,0,0,ILLUMINA,Illumina MiSeq,ERP110578,PRJEB28382,NA,498883,ERS2696643,SAMEA4877676,simple,410661,mouse gut metagenome,SAMEA4877676,NA,NA,NA,NA,NA,NA,no,NA,NA,NA,NA,"YALE UNIVERSITY, NEW HAVEN, UNITED STATES",ERA1584524,NA,public,7357A2D19B61CC389AC94898D6C41DE2,DFA0566F0618AD08465F4760E40BA35F,ERR2767863
ERR2767864,2018-10-28 09:46:40,2018-10-28 20:13:41,36901,9296535,0,251,5,NA,https://sra-downloadb.be-md.ncbi.nlm.nih.gov/sos5/sra-pub-zq-14/ERR002/767/ERR2767864.sralite.1,ERX2780705,16S rRNA V4 dual index,AMPLICON,PCR,OTHER,SINGLE,0,0,ILLUMINA,Illumina MiSeq,ERP110578,PRJEB28382,NA,498883,ERS2696644,SAMEA4877677,simple,410661,mouse gut metagenome,SAMEA4877677,NA,NA,NA,NA,NA,NA,no,NA,NA,NA,NA,"YALE UNIVERSITY, NEW HAVEN, UNITED STATES",ERA1584524,NA,public,4D526C0F95924A80B4920EDAB36D9E9C,A42CB792F531757072E2C048EBD4396A,ERR2767864
ERR2767865,2018-10-28 09:46:40,2018-10-28 20:13:41,36798,9259250,0,251,5,NA,https://sra-downloadb.be-md.ncbi.nlm.nih.gov/sos5/sra-pub-zq-14/ERR002/767/ERR2767865.sralite.1,ERX2780706,16S rRNA V4 dual index,AMPLICON,PCR,OTHER,SINGLE,0,0,ILLUMINA,Illumina MiSeq,ERP110578,PRJEB28382,NA,498883,ERS2696645,SAMEA4877678,simple,410661,mouse gut metagenome,SAMEA4877678,NA,NA,NA,NA,NA,NA,no,NA,NA,NA,NA,"YALE UNIVERSITY, NEW HAVEN, UNITED STATES",ERA1584524,NA,public,4229AAEB69A7F40C95BE7C60C4CA08F6,770128A7D6974FB7E943872B5E2C433B,ERR2767865
ERR2767866,2018-10-28 09:46:40,2018-10-28 20:14:02,26418,6654260,0,251,4,NA,https://sra-downloadb.be-md.ncbi.nlm.nih.gov/sos5/sra-pub-zq-14/ERR002/767/ERR2767866.sralite.1,ERX2780707,16S rRNA V4 dual index,AMPLICON,PCR,OTHER,SINGLE,0,0,ILLUMINA,Illumina MiSeq,ERP110578,PRJEB28382,NA,498883,ERS2696646,SAMEA4877679,simple,410661,mouse gut metagenome,SAMEA4877679,NA,NA,NA,NA,NA,NA,no,NA,NA,NA,NA,"YALE UNIVERSITY, NEW HAVEN, UNITED STATES",ERA1584524,NA,public,00E430DF63E826EFC2195AB9F46306A2,72B67C198DF2090883A6859315DC2A60,ERR2767866
ERR2767867,2018-10-28 09:46:40,2018-10-28 20:14:02,12874,3243992,0,251,1,NA,https://sra-downloadb.be-md.ncbi.nlm.nih.gov/sos5/sra-pub-zq-14/ERR002/767/ERR2767867.sralite.1,ERX2780708,16S rRNA V4 dual index,AMPLICON,PCR,OTHER,SINGLE,0,0,ILLUMINA,Illumina MiSeq,ERP110578,PRJEB28382,NA,498883,ERS2696647,SAMEA4877680,simple,410661,mouse gut metagenome,SAMEA4877680,NA,NA,NA,NA,NA,NA,no,NA,NA,NA,NA,"YALE UNIVERSITY, NEW HAVEN, UNITED STATES",ERA1584524,NA,public,60D99D68CD0E055B8671FB5214CCA987,7E8625DB41B35E2A3CF338E9B4C6C1C1,ERR2767867
ERR2767868,2018-10-28 09:46:40,2018-10-28 20:14:14,14648,3692346,0,252,2,NA,https://sra-downloadb.be-md.ncbi.nlm.nih.gov/sos5/sra-pub-zq-14/ERR002/767/ERR2767868.sralite.1,ERX2780709,16S rRNA V4 dual index,AMPLICON,PCR,OTHER,SINGLE,0,0,ILLUMINA,Illumina MiSeq,ERP110578,PRJEB28382,NA,498883,ERS2696648,SAMEA4877681,simple,410661,mouse gut metagenome,SAMEA4877681,NA,NA,NA,NA,NA,NA,no,NA,NA,NA,NA,"YALE UNIVERSITY, NEW HAVEN, UNITED STATES",ERA1584524,NA,public,1A7672F0958EE2754FBF4E7E763B1393,0A3CDAE910B88787CB41F37DB80F2676,ERR2767868
ERR2767869,2018-10-28 09:46:40,2018-10-28 20:14:25,15489,3900106,0,251,2,NA,https://sra-downloadb.be-md.ncbi.nlm.nih.gov/sos5/sra-pub-zq-14/ERR002/767/ERR2767869.sralite.1,ERX2780710,16S rRNA V4 dual index,AMPLICON,PCR,OTHER,SINGLE,0,0,ILLUMINA,Illumina MiSeq,ERP110578,PRJEB28382,NA,498883,ERS2696649,SAMEA4877682,simple,410661,mouse gut metagenome,SAMEA4877682,NA,NA,NA,NA,NA,NA,no,NA,NA,NA,NA,"YALE UNIVERSITY, NEW HAVEN, UNITED STATES",ERA1584524,NA,public,05D88DC4CCB206D61C1EA023305EA1CA,5DAA272F558795095CC2183A2FD18B25,ERR2767869
ERR2767870,2018-10-28 09:46:40,2018-10-28 20:14:31,24078,6070362,0,252,3,NA,https://sra-downloadb.be-md.ncbi.nlm.nih.gov/sos5/sra-pub-zq-14/ERR002/767/ERR2767870.sralite.1,ERX2780711,16S rRNA V4 dual index,AMPLICON,PCR,OTHER,SINGLE,0,0,ILLUMINA,Illumina MiSeq,ERP110578,PRJEB28382,NA,498883,ERS2696650,SAMEA4877683,simple,410661,mouse gut metagenome,SAMEA4877683,NA,NA,NA,NA,NA,NA,no,NA,NA,NA,NA,"YALE UNIVERSITY, NEW HAVEN, UNITED STATES",ERA1584524,NA,public,EEF256393ABEF8707789AA73D5B41E3B,C586E325AC138A6F596E00402BED1F0F,ERR2767870
ERR2767871,2018-10-28 09:46:40,2018-10-28 20:14:31,11469,2889273,0,251,1,NA,https://sra-downloadb.be-md.ncbi.nlm.nih.gov/sos5/sra-pub-zq-14/ERR002/767/ERR2767871.sralite.1,ERX2780712,16S rRNA V4 dual index,AMPLICON,PCR,OTHER,SINGLE,0,0,ILLUMINA,Illumina MiSeq,ERP110578,PRJEB28382,NA,498883,ERS2696651,SAMEA4877684,simple,410661,mouse gut metagenome,SAMEA4877684,NA,NA,NA,NA,NA,NA,no,NA,NA,NA,NA,"YALE UNIVERSITY, NEW HAVEN, UNITED STATES",ERA1584524,NA,public,9223493D3EA4A1E87603C10659779627,E1900F309B0989EB6410F10D3DDF94DF,ERR2767871
ERR2767872,2018-10-28 09:46:40,2018-10-28 20:14:35,12211,3074830,0,251,1,NA,https://sra-downloadb.be-md.ncbi.nlm.nih.gov/sos5/sra-pub-zq-14/ERR002/767/ERR2767872.sralite.1,ERX2780713,16S rRNA V4 dual index,AMPLICON,PCR,OTHER,SINGLE,0,0,ILLUMINA,Illumina MiSeq,ERP110578,PRJEB28382,NA,498883,ERS2696652,SAMEA4877685,simple,410661,mouse gut metagenome,SAMEA4877685,NA,NA,NA,NA,NA,NA,no,NA,NA,NA,NA,"YALE UNIVERSITY, NEW HAVEN, UNITED STATES",ERA1584524,NA,public,1E8F622254EF721D58E36E796E8F5B9D,1FB34D46B5CE3006EF18D79DB7275F42,ERR2767872
ERR2767873,2018-10-28 09:46:40,2018-10-28 20:14:41,13492,3401202,0,252,2,NA,https://sra-downloadb.be-md.ncbi.nlm.nih.gov/sos5/sra-pub-zq-14/ERR002/767/ERR2767873.sralite.1,ERX2780714,16S rRNA V4 dual index,AMPLICON,PCR,OTHER,SINGLE,0,0,ILLUMINA,Illumina MiSeq,ERP110578,PRJEB28382,NA,498883,ERS2696653,SAMEA4877686,simple,410661,mouse gut metagenome,SAMEA4877686,NA,NA,NA,NA,NA,NA,no,NA,NA,NA,NA,"YALE UNIVERSITY, NEW HAVEN, UNITED STATES",ERA1584524,NA,public,CFC52F817A0B1974679AA3DCA8609728,9D4E1DBBF8759AD94F197FFE83AEC785,ERR2767873
ERR2767874,2018-10-28 09:46:40,2018-10-28 20:14:42,16267,4100379,0,252,2,NA,https://sra-downloadb.be-md.ncbi.nlm.nih.gov/sos5/sra-pub-zq-14/ERR002/767/ERR2767874.sralite.1,ERX2780715,16S rRNA V4 dual index,AMPLICON,PCR,OTHER,SINGLE,0,0,ILLUMINA,Illumina MiSeq,ERP110578,PRJEB28382,NA,498883,ERS2696654,SAMEA4877687,simple,410661,mouse gut metagenome,SAMEA4877687,NA,NA,NA,NA,NA,NA,no,NA,NA,NA,NA,"YALE UNIVERSITY, NEW HAVEN, UNITED STATES",ERA1584524,NA,public,90C70050CA0F4B27642100FCF829EAE3,B266DBB24250127984C54C1AC235F68D,ERR2767874
ERR2767875,2018-10-28 09:46:40,2018-10-28 20:14:47,14868,3749952,0,252,2,NA,https://sra-downloadb.be-md.ncbi.nlm.nih.gov/sos5/sra-pub-zq-14/ERR002/767/ERR2767875.sralite.1,ERX2780716,16S rRNA V4 dual index,AMPLICON,PCR,OTHER,SINGLE,0,0,ILLUMINA,Illumina MiSeq,ERP110578,PRJEB28382,NA,498883,ERS2696655,SAMEA4877688,simple,410661,mouse gut metagenome,SAMEA4877688,NA,NA,NA,NA,NA,NA,no,NA,NA,NA,NA,"YALE UNIVERSITY, NEW HAVEN, UNITED STATES",ERA1584524,NA,public,D7F4E092463A2EC86F7F2578E2087BB8,8D51455B0775BAE6C6D6B7AED6B4C22D,ERR2767875
ERR2767876,2018-10-28 09:46:40,2018-10-28 20:15:09,23563,5935683,0,251,3,NA,https://sra-downloadb.be-md.ncbi.nlm.nih.gov/sos5/sra-pub-zq-14/ERR002/767/ERR2767876.sralite.1,ERX2780717,16S rRNA V4 dual index,AMPLICON,PCR,OTHER,SINGLE,0,0,ILLUMINA,Illumina MiSeq,ERP110578,PRJEB28382,NA,498883,ERS2696656,SAMEA4877689,simple,410661,mouse gut metagenome,SAMEA4877689,NA,NA,NA,NA,NA,NA,no,NA,NA,NA,NA,"YALE UNIVERSITY, NEW HAVEN, UNITED STATES",ERA1584524,NA,public,B9940CEC92BDBEF68D03C64F98A43094,36A0719CCA36D419FD605CE1FC7AA936,ERR2767876
ERR2767877,2018-10-28 09:46:40,2018-10-28 20:15:08,5863,1476919,0,251,0,NA,https://sra-downloadb.be-md.ncbi.nlm.nih.gov/sos5/sra-pub-zq-14/ERR002/767/ERR2767877.sralite.1,ERX2780718,16S rRNA V4 dual index,AMPLICON,PCR,OTHER,SINGLE,0,0,ILLUMINA,Illumina MiSeq,ERP110578,PRJEB28382,NA,498883,ERS2696657,SAMEA4877690,simple,410661,mouse gut metagenome,SAMEA4877690,NA,NA,NA,NA,NA,NA,no,NA,NA,NA,NA,"YALE UNIVERSITY, NEW HAVEN, UNITED STATES",ERA1584524,NA,public,720B9DAB6A65740AFB1EE20D1DFF516C,EA750A367FA30E142A0B4B65D1C09388,ERR2767877
ERR2767878,2018-10-28 09:46:40,2018-10-28 20:15:09,2907,732784,0,252,0,NA,https://sra-downloadb.be-md.ncbi.nlm.nih.gov/sos5/sra-pub-zq-14/ERR002/767/ERR2767878.sralite.1,ERX2780719,16S rRNA V4 dual index,AMPLICON,PCR,OTHER,SINGLE,0,0,ILLUMINA,Illumina MiSeq,ERP110578,PRJEB28382,NA,498883,ERS2696658,SAMEA4877691,simple,410661,mouse gut metagenome,SAMEA4877691,NA,NA,NA,NA,NA,NA,no,NA,NA,NA,NA,"YALE UNIVERSITY, NEW HAVEN, UNITED STATES",ERA1584524,NA,public,D8CF6691E7D50F1260333E24A4E11D52,FA8A862FE9FEA39629AF810878211C6F,ERR2767878
ERR2767879,2018-10-28 09:46:40,2018-10-28 20:15:20,20843,5249118,0,251,3,NA,https://sra-downloadb.be-md.ncbi.nlm.nih.gov/sos5/sra-pub-zq-14/ERR002/767/ERR2767879.sralite.1,ERX2780720,16S rRNA V4 dual index,AMPLICON,PCR,OTHER,SINGLE,0,0,ILLUMINA,Illumina MiSeq,ERP110578,PRJEB28382,NA,498883,ERS2696659,SAMEA4877692,simple,410661,mouse gut metagenome,SAMEA4877692,NA,NA,NA,NA,NA,NA,no,NA,NA,NA,NA,"YALE UNIVERSITY, NEW HAVEN, UNITED STATES",ERA1584524,NA,public,DE25E1CD2ADD65B978DE8ADA047BCC5A,BA73C61CE41543325AAF151BF2E12348,ERR2767879
ERR2767880,2018-10-28 09:46:40,2018-10-28 20:15:20,20087,5063454,0,252,3,NA,https://sra-downloadb.be-md.ncbi.nlm.nih.gov/sos5/sra-pub-zq-14/ERR002/767/ERR2767880.sralite.1,ERX2780721,16S rRNA V4 dual index,AMPLICON,PCR,OTHER,SINGLE,0,0,ILLUMINA,Illumina MiSeq,ERP110578,PRJEB28382,NA,498883,ERS2696660,SAMEA4877693,simple,410661,mouse gut metagenome,SAMEA4877693,NA,NA,NA,NA,NA,NA,no,NA,NA,NA,NA,"YALE UNIVERSITY, NEW HAVEN, UNITED STATES",ERA1584524,NA,public,75B8488411941D15AC3B1696306E81FB,54972AD2D0967880744777D220122125,ERR2767880
ERR2767881,2018-10-28 09:46:40,2018-10-28 20:15:30,21359,5382264,0,251,3,NA,https://sra-downloadb.be-md.ncbi.nlm.nih.gov/sos5/sra-pub-zq-14/ERR002/767/ERR2767881.sralite.1,ERX2780722,16S rRNA V4 dual index,AMPLICON,PCR,OTHER,SINGLE,0,0,ILLUMINA,Illumina MiSeq,ERP110578,PRJEB28382,NA,498883,ERS2696661,SAMEA4877694,simple,410661,mouse gut metagenome,SAMEA4877694,NA,NA,NA,NA,NA,NA,no,NA,NA,NA,NA,"YALE UNIVERSITY, NEW HAVEN, UNITED STATES",ERA1584524,NA,public,F84AA6F29C8AA322240FBB0CE6538CD9,F3167FAE385B649D0D715AD262F18277,ERR2767881
ERR2767882,2018-10-28 09:46:40,2018-10-28 20:15:30,10181,2566195,0,252,1,NA,https://sra-downloadb.be-md.ncbi.nlm.nih.gov/sos5/sra-pub-zq-14/ERR002/767/ERR2767882.sralite.1,ERX2780723,16S rRNA V4 dual index,AMPLICON,PCR,OTHER,SINGLE,0,0,ILLUMINA,Illumina MiSeq,ERP110578,PRJEB28382,NA,498883,ERS2696662,SAMEA4877695,simple,410661,mouse gut metagenome,SAMEA4877695,NA,NA,NA,NA,NA,NA,no,NA,NA,NA,NA,"YALE UNIVERSITY, NEW HAVEN, UNITED STATES",ERA1584524,NA,public,0BCB1956633CE81F9202074D54F61621,198718D8B9E9C811B186EAF4DAA3BC25,ERR2767882
ERR2767883,2018-10-28 09:46:40,2018-10-28 20:15:30,13602,3427626,0,251,2,NA,https://sra-downloadb.be-md.ncbi.nlm.nih.gov/sos5/sra-pub-zq-14/ERR002/767/ERR2767883.sralite.1,ERX2780724,16S rRNA V4 dual index,AMPLICON,PCR,OTHER,SINGLE,0,0,ILLUMINA,Illumina MiSeq,ERP110578,PRJEB28382,NA,498883,ERS2696663,SAMEA4877696,simple,410661,mouse gut metagenome,SAMEA4877696,NA,NA,NA,NA,NA,NA,no,NA,NA,NA,NA,"YALE UNIVERSITY, NEW HAVEN, UNITED STATES",ERA1584524,NA,public,E9A0C827A4702B7F17C36DBEEB9D17BB,FFDDB78DF763FC9CDF5AF98020C5F94A,ERR2767883
ERR2767884,2018-10-28 09:46:40,2018-10-28 20:15:41,21834,5503985,0,252,3,NA,https://sra-downloadb.be-md.ncbi.nlm.nih.gov/sos5/sra-pub-zq-14/ERR002/767/ERR2767884.sralite.1,ERX2780725,16S rRNA V4 dual index,AMPLICON,PCR,OTHER,SINGLE,0,0,ILLUMINA,Illumina MiSeq,ERP110578,PRJEB28382,NA,498883,ERS2696664,SAMEA4877697,simple,410661,mouse gut metagenome,SAMEA4877697,NA,NA,NA,NA,NA,NA,no,NA,NA,NA,NA,"YALE UNIVERSITY, NEW HAVEN, UNITED STATES",ERA1584524,NA,public,317DFA3D18303F5C4B99D747A994E8BC,DC1B349A52F8D6D008F7F4F6E1C5C975,ERR2767884
ERR2767885,2018-10-28 09:46:40,2018-10-28 20:15:41,16974,4277721,0,252,2,NA,https://sra-downloadb.be-md.ncbi.nlm.nih.gov/sos5/sra-pub-zq-14/ERR002/767/ERR2767885.sralite.1,ERX2780726,16S rRNA V4 dual index,AMPLICON,PCR,OTHER,SINGLE,0,0,ILLUMINA,Illumina MiSeq,ERP110578,PRJEB28382,NA,498883,ERS2696665,SAMEA4877698,simple,410661,mouse gut metagenome,SAMEA4877698,NA,NA,NA,NA,NA,NA,no,NA,NA,NA,NA,"YALE UNIVERSITY, NEW HAVEN, UNITED STATES",ERA1584524,NA,public,E1AF6765D523AE1E520752BF6F816F9E,CED7667ABF959271D3171BFD688B761B,ERR2767885
ERR2767886,2018-10-28 09:46:40,2018-10-28 20:15:41,17816,4491107,0,252,2,NA,https://sra-downloadb.be-md.ncbi.nlm.nih.gov/sos5/sra-pub-zq-14/ERR002/767/ERR2767886.sralite.1,ERX2780727,16S rRNA V4 dual index,AMPLICON,PCR,OTHER,SINGLE,0,0,ILLUMINA,Illumina MiSeq,ERP110578,PRJEB28382,NA,498883,ERS2696666,SAMEA4877699,simple,410661,mouse gut metagenome,SAMEA4877699,NA,NA,NA,NA,NA,NA,no,NA,NA,NA,NA,"YALE UNIVERSITY, NEW HAVEN, UNITED STATES",ERA1584524,NA,public,198D5D66443B31101B23ECFFF1324F72,DE2B457FB771650ED36775C9D9F3AC76,ERR2767886
ERR2767887,2018-10-28 09:46:40,2018-10-28 20:16:07,14232,3586698,0,252,2,NA,https://sra-downloadb.be-md.ncbi.nlm.nih.gov/sos5/sra-pub-zq-14/ERR002/767/ERR2767887.sralite.1,ERX2780728,16S rRNA V4 dual index,AMPLICON,PCR,OTHER,SINGLE,0,0,ILLUMINA,Illumina MiSeq,ERP110578,PRJEB28382,NA,498883,ERS2696667,SAMEA4877700,simple,410661,mouse gut metagenome,SAMEA4877700,NA,NA,NA,NA,NA,NA,no,NA,NA,NA,NA,"YALE UNIVERSITY, NEW HAVEN, UNITED STATES",ERA1584524,NA,public,A77D226B79F40F907660AB3C3ED361E4,18B1A050AC7E2A4FCED536792605E964,ERR2767887
ERR2767888,2018-10-28 09:46:40,2018-10-28 20:16:08,11120,2801923,0,251,1,NA,https://sra-downloadb.be-md.ncbi.nlm.nih.gov/sos5/sra-pub-zq-14/ERR002/767/ERR2767888.sralite.1,ERX2780729,16S rRNA V4 dual index,AMPLICON,PCR,OTHER,SINGLE,0,0,ILLUMINA,Illumina MiSeq,ERP110578,PRJEB28382,NA,498883,ERS2696668,SAMEA4877701,simple,410661,mouse gut metagenome,SAMEA4877701,NA,NA,NA,NA,NA,NA,no,NA,NA,NA,NA,"YALE UNIVERSITY, NEW HAVEN, UNITED STATES",ERA1584524,NA,public,4DF82E67452FA17A378B469F4445B83B,3F3A7333B7C86E899F2376BECD7BED4A,ERR2767888
ERR2767889,2018-10-28 09:46:40,2018-10-28 20:16:17,12914,3254092,0,251,1,NA,https://sra-downloadb.be-md.ncbi.nlm.nih.gov/sos5/sra-pub-zq-14/ERR002/767/ERR2767889.sralite.1,ERX2780730,16S rRNA V4 dual index,AMPLICON,PCR,OTHER,SINGLE,0,0,ILLUMINA,Illumina MiSeq,ERP110578,PRJEB28382,NA,498883,ERS2696669,SAMEA4877702,simple,410661,mouse gut metagenome,SAMEA4877702,NA,NA,NA,NA,NA,NA,no,NA,NA,NA,NA,"YALE UNIVERSITY, NEW HAVEN, UNITED STATES",ERA1584524,NA,public,853DDEB4590EB7DAC5692FD16C1AF059,25366741BB47BEA5F3F90A072FD95123,ERR2767889
ERR2767890,2018-10-28 09:46:40,2018-10-28 20:16:18,19818,4994215,0,252,3,NA,https://sra-downloadb.be-md.ncbi.nlm.nih.gov/sos5/sra-pub-zq-14/ERR002/767/ERR2767890.sralite.1,ERX2780731,16S rRNA V4 dual index,AMPLICON,PCR,OTHER,SINGLE,0,0,ILLUMINA,Illumina MiSeq,ERP110578,PRJEB28382,NA,498883,ERS2696670,SAMEA4877703,simple,410661,mouse gut metagenome,SAMEA4877703,NA,NA,NA,NA,NA,NA,no,NA,NA,NA,NA,"YALE UNIVERSITY, NEW HAVEN, UNITED STATES",ERA1584524,NA,public,2018BBA3E0C8126EB0E194C5E455BCDA,C45DC3DCDAE93D28B247FDC177BB9DDD,ERR2767890
ERR2767891,2018-10-28 09:46:40,2018-10-28 20:16:28,13381,3368134,0,251,2,NA,https://sra-downloadb.be-md.ncbi.nlm.nih.gov/sos5/sra-pub-zq-14/ERR002/767/ERR2767891.sralite.1,ERX2780732,16S rRNA V4 dual index,AMPLICON,PCR,OTHER,SINGLE,0,0,ILLUMINA,Illumina MiSeq,ERP110578,PRJEB28382,NA,498883,ERS2696671,SAMEA4877704,simple,410661,mouse gut metagenome,SAMEA4877704,NA,NA,NA,NA,NA,NA,no,NA,NA,NA,NA,"YALE UNIVERSITY, NEW HAVEN, UNITED STATES",ERA1584524,NA,public,6FE32A831631BD2A0E8124FC37E05F45,9AC7BA5CC42257BBD5C6EBAD4370F02E,ERR2767891
ERR2767892,2018-10-28 09:46:40,2018-10-28 20:16:31,13457,3391807,0,252,2,NA,https://sra-downloadb.be-md.ncbi.nlm.nih.gov/sos5/sra-pub-zq-14/ERR002/767/ERR2767892.sralite.1,ERX2780733,16S rRNA V4 dual index,AMPLICON,PCR,OTHER,SINGLE,0,0,ILLUMINA,Illumina MiSeq,ERP110578,PRJEB28382,NA,498883,ERS2696672,SAMEA4877705,simple,410661,mouse gut metagenome,SAMEA4877705,NA,NA,NA,NA,NA,NA,no,NA,NA,NA,NA,"YALE UNIVERSITY, NEW HAVEN, UNITED STATES",ERA1584524,NA,public,EF47063DA2575B8C3DFECD74535F5061,970DBBE010708EC0D5DED3F5F21F3C92,ERR2767892
ERR2767893,2018-10-28 09:46:40,2018-10-28 20:16:31,17317,4358464,0,251,2,NA,https://sra-downloadb.be-md.ncbi.nlm.nih.gov/sos5/sra-pub-zq-14/ERR002/767/ERR2767893.sralite.1,ERX2780734,16S rRNA V4 dual index,AMPLICON,PCR,OTHER,SINGLE,0,0,ILLUMINA,Illumina MiSeq,ERP110578,PRJEB28382,NA,498883,ERS2696673,SAMEA4877706,simple,410661,mouse gut metagenome,SAMEA4877706,NA,NA,NA,NA,NA,NA,no,NA,NA,NA,NA,"YALE UNIVERSITY, NEW HAVEN, UNITED STATES",ERA1584524,NA,public,BE996F3A8274EA28D11C89607A335051,D0E61CA4F1A8E17A733C0800FCEF594F,ERR2767893
ERR2767894,2018-10-28 09:46:40,2018-10-28 20:16:39,21533,5427168,0,252,3,NA,https://sra-downloadb.be-md.ncbi.nlm.nih.gov/sos5/sra-pub-zq-14/ERR002/767/ERR2767894.sralite.1,ERX2780735,16S rRNA V4 dual index,AMPLICON,PCR,OTHER,SINGLE,0,0,ILLUMINA,Illumina MiSeq,ERP110578,PRJEB28382,NA,498883,ERS2696674,SAMEA4877707,simple,410661,mouse gut metagenome,SAMEA4877707,NA,NA,NA,NA,NA,NA,no,NA,NA,NA,NA,"YALE UNIVERSITY, NEW HAVEN, UNITED STATES",ERA1584524,NA,public,BD4D96E6FDDCCBE83CB4EE64554616E2,0207EF41FE64CB0E4602E08F55589C18,ERR2767894
ERR2767895,2018-10-28 09:46:40,2018-10-28 20:16:41,17067,4300907,0,252,2,NA,https://sra-downloadb.be-md.ncbi.nlm.nih.gov/sos5/sra-pub-zq-14/ERR002/767/ERR2767895.sralite.1,ERX2780736,16S rRNA V4 dual index,AMPLICON,PCR,OTHER,SINGLE,0,0,ILLUMINA,Illumina MiSeq,ERP110578,PRJEB28382,NA,498883,ERS2696675,SAMEA4877708,simple,410661,mouse gut metagenome,SAMEA4877708,NA,NA,NA,NA,NA,NA,no,NA,NA,NA,NA,"YALE UNIVERSITY, NEW HAVEN, UNITED STATES",ERA1584524,NA,public,1262C7AD25F34538E34594963566A559,BE997BE4A7E8759D72E674D97425F30C,ERR2767895
ERR2767896,2018-10-28 09:46:40,2018-10-28 20:16:41,15491,3904744,0,252,2,NA,https://sra-downloadb.be-md.ncbi.nlm.nih.gov/sos5/sra-pub-zq-14/ERR002/767/ERR2767896.sralite.1,ERX2780737,16S rRNA V4 dual index,AMPLICON,PCR,OTHER,SINGLE,0,0,ILLUMINA,Illumina MiSeq,ERP110578,PRJEB28382,NA,498883,ERS2696676,SAMEA4877709,simple,410661,mouse gut metagenome,SAMEA4877709,NA,NA,NA,NA,NA,NA,no,NA,NA,NA,NA,"YALE UNIVERSITY, NEW HAVEN, UNITED STATES",ERA1584524,NA,public,82C3D90D7E1F20F9F3480ED945786FFA,D60E06E927A029054C90140A62087E89,ERR2767896
ERR2767897,2018-10-28 09:48:27,2018-10-28 20:16:58,15265,3846224,0,251,2,NA,https://sra-downloadb.be-md.ncbi.nlm.nih.gov/sos5/sra-pub-zq-14/ERR002/767/ERR2767897.sralite.1,ERX2780738,16S rRNA V4 dual index,AMPLICON,PCR,OTHER,SINGLE,0,0,ILLUMINA,Illumina MiSeq,ERP110578,PRJEB28382,NA,498883,ERS2696677,SAMEA4877710,simple,410661,mouse gut metagenome,SAMEA4877710,NA,NA,NA,NA,NA,NA,no,NA,NA,NA,NA,"YALE UNIVERSITY, NEW HAVEN, UNITED STATES",ERA1584524,NA,public,7341D1B4CD76C3DC75142796D9DC26F5,18E76B026A8D0587577B52C593B79511,ERR2767897
ERR2767898,2018-10-28 09:48:27,2018-10-28 20:16:58,20871,5259270,0,251,3,NA,https://sra-downloadb.be-md.ncbi.nlm.nih.gov/sos5/sra-pub-zq-14/ERR002/767/ERR2767898.sralite.1,ERX2780739,16S rRNA V4 dual index,AMPLICON,PCR,OTHER,SINGLE,0,0,ILLUMINA,Illumina MiSeq,ERP110578,PRJEB28382,NA,498883,ERS2696678,SAMEA4877711,simple,410661,mouse gut metagenome,SAMEA4877711,NA,NA,NA,NA,NA,NA,no,NA,NA,NA,NA,"YALE UNIVERSITY, NEW HAVEN, UNITED STATES",ERA1584524,NA,public,A8C155046EFA376F64184178BFA979D0,9A361BD9DAB23BFB7C709F8ACD8A459F,ERR2767898
ERR2767899,2018-10-28 09:48:27,2018-10-28 20:16:58,26057,6563204,0,251,3,NA,https://sra-downloadb.be-md.ncbi.nlm.nih.gov/sos5/sra-pub-zq-14/ERR002/767/ERR2767899.sralite.1,ERX2780740,16S rRNA V4 dual index,AMPLICON,PCR,OTHER,SINGLE,0,0,ILLUMINA,Illumina MiSeq,ERP110578,PRJEB28382,NA,498883,ERS2696679,SAMEA4877712,simple,410661,mouse gut metagenome,SAMEA4877712,NA,NA,NA,NA,NA,NA,no,NA,NA,NA,NA,"YALE UNIVERSITY, NEW HAVEN, UNITED STATES",ERA1584524,NA,public,D0F808C0CE092676A5C7A7E170A76015,4BF3109C83D9F0BDA78C3E8627A8E408,ERR2767899
ERR2767900,2018-10-28 09:48:27,2018-10-28 20:17:09,28777,7252037,0,252,4,NA,https://sra-downloadb.be-md.ncbi.nlm.nih.gov/sos5/sra-pub-zq-14/ERR002/767/ERR2767900.sralite.1,ERX2780741,16S rRNA V4 dual index,AMPLICON,PCR,OTHER,SINGLE,0,0,ILLUMINA,Illumina MiSeq,ERP110578,PRJEB28382,NA,498883,ERS2696680,SAMEA4877713,simple,410661,mouse gut metagenome,SAMEA4877713,NA,NA,NA,NA,NA,NA,no,NA,NA,NA,NA,"YALE UNIVERSITY, NEW HAVEN, UNITED STATES",ERA1584524,NA,public,21D452BAC8955414DED40245F9546EE4,E254D898DC6D8F8DA7DBCF6BE9EB5ACD,ERR2767900
ERR2767901,2018-10-28 09:48:27,2018-10-28 20:17:09,19090,4808206,0,251,2,NA,https://sra-downloadb.be-md.ncbi.nlm.nih.gov/sos5/sra-pub-zq-14/ERR002/767/ERR2767901.sralite.1,ERX2780742,16S rRNA V4 dual index,AMPLICON,PCR,OTHER,SINGLE,0,0,ILLUMINA,Illumina MiSeq,ERP110578,PRJEB28382,NA,498883,ERS2696681,SAMEA4877714,simple,410661,mouse gut metagenome,SAMEA4877714,NA,NA,NA,NA,NA,NA,no,NA,NA,NA,NA,"YALE UNIVERSITY, NEW HAVEN, UNITED STATES",ERA1584524,NA,public,2272F0500E94FD580A95D122C8087702,BD51B44DF5DC0C967ECE8801D13DE644,ERR2767901
ERR2767902,2018-10-28 09:48:27,2018-10-28 20:17:09,25434,6409651,0,252,3,NA,https://sra-downloadb.be-md.ncbi.nlm.nih.gov/sos5/sra-pub-zq-14/ERR002/767/ERR2767902.sralite.1,ERX2780743,16S rRNA V4 dual index,AMPLICON,PCR,OTHER,SINGLE,0,0,ILLUMINA,Illumina MiSeq,ERP110578,PRJEB28382,NA,498883,ERS2696682,SAMEA4877715,simple,410661,mouse gut metagenome,SAMEA4877715,NA,NA,NA,NA,NA,NA,no,NA,NA,NA,NA,"YALE UNIVERSITY, NEW HAVEN, UNITED STATES",ERA1584524,NA,public,87FC97801A3A8CDC9F3881B87D5A3732,260627900884309E11DC730F3C3C4D6D,ERR2767902
ERR2767903,2018-10-28 09:48:27,2018-10-28 20:17:19,24169,6083401,0,251,3,NA,https://sra-downloadb.be-md.ncbi.nlm.nih.gov/sos5/sra-pub-zq-14/ERR002/767/ERR2767903.sralite.1,ERX2780744,16S rRNA V4 dual index,AMPLICON,PCR,OTHER,SINGLE,0,0,ILLUMINA,Illumina MiSeq,ERP110578,PRJEB28382,NA,498883,ERS2696683,SAMEA4877716,simple,410661,mouse gut metagenome,SAMEA4877716,NA,NA,NA,NA,NA,NA,no,NA,NA,NA,NA,"YALE UNIVERSITY, NEW HAVEN, UNITED STATES",ERA1584524,NA,public,96B998C423B922C7438C4267A3625905,8B043EBDB62D5408739983D10EEF6436,ERR2767903
ERR2767904,2018-10-28 09:48:27,2018-10-28 20:17:20,17691,4455663,0,251,2,NA,https://sra-downloadb.be-md.ncbi.nlm.nih.gov/sos5/sra-pub-zq-14/ERR002/767/ERR2767904.sralite.1,ERX2780745,16S rRNA V4 dual index,AMPLICON,PCR,OTHER,SINGLE,0,0,ILLUMINA,Illumina MiSeq,ERP110578,PRJEB28382,NA,498883,ERS2696684,SAMEA4877717,simple,410661,mouse gut metagenome,SAMEA4877717,NA,NA,NA,NA,NA,NA,no,NA,NA,NA,NA,"YALE UNIVERSITY, NEW HAVEN, UNITED STATES",ERA1584524,NA,public,8F68B48CA7E838C27F3078458299F8D7,D07353EAF7B5B0520C071049305417AA,ERR2767904
ERR2767905,2018-10-28 09:48:27,2018-10-28 20:17:20,15529,3914803,0,252,2,NA,https://sra-downloadb.be-md.ncbi.nlm.nih.gov/sos5/sra-pub-zq-14/ERR002/767/ERR2767905.sralite.1,ERX2780746,16S rRNA V4 dual index,AMPLICON,PCR,OTHER,SINGLE,0,0,ILLUMINA,Illumina MiSeq,ERP110578,PRJEB28382,NA,498883,ERS2696685,SAMEA4877718,simple,410661,mouse gut metagenome,SAMEA4877718,NA,NA,NA,NA,NA,NA,no,NA,NA,NA,NA,"YALE UNIVERSITY, NEW HAVEN, UNITED STATES",ERA1584524,NA,public,6557048DA0D9950A386DCF32939F3BD3,5A2E50A08B754A2E140FBF3AC1E45657,ERR2767905
ERR2767906,2018-10-28 09:48:27,2018-10-28 20:17:28,20768,5233114,0,251,3,NA,https://sra-downloadb.be-md.ncbi.nlm.nih.gov/sos5/sra-pub-zq-14/ERR002/767/ERR2767906.sralite.1,ERX2780747,16S rRNA V4 dual index,AMPLICON,PCR,OTHER,SINGLE,0,0,ILLUMINA,Illumina MiSeq,ERP110578,PRJEB28382,NA,498883,ERS2696686,SAMEA4877719,simple,410661,mouse gut metagenome,SAMEA4877719,NA,NA,NA,NA,NA,NA,no,NA,NA,NA,NA,"YALE UNIVERSITY, NEW HAVEN, UNITED STATES",ERA1584524,NA,public,6FD287F8424B42BC730C04E85D05FFEF,42F997AB7FFF460B8D04B034DFB2BADB,ERR2767906
ERR2767907,2018-10-28 09:48:27,2018-10-28 20:17:32,18626,4693671,0,251,2,NA,https://sra-downloadb.be-md.ncbi.nlm.nih.gov/sos5/sra-pub-zq-14/ERR002/767/ERR2767907.sralite.1,ERX2780748,16S rRNA V4 dual index,AMPLICON,PCR,OTHER,SINGLE,0,0,ILLUMINA,Illumina MiSeq,ERP110578,PRJEB28382,NA,498883,ERS2696687,SAMEA4877720,simple,410661,mouse gut metagenome,SAMEA4877720,NA,NA,NA,NA,NA,NA,no,NA,NA,NA,NA,"YALE UNIVERSITY, NEW HAVEN, UNITED STATES",ERA1584524,NA,public,E95773B85085AC058307B38BAF1CDE52,99631615750BE1825C7CEC31CBCB5E7A,ERR2767907
ERR2767908,2018-10-28 09:48:27,2018-10-28 20:17:32,17932,4518049,0,251,2,NA,https://sra-downloadb.be-md.ncbi.nlm.nih.gov/sos5/sra-pub-zq-14/ERR002/767/ERR2767908.sralite.1,ERX2780749,16S rRNA V4 dual index,AMPLICON,PCR,OTHER,SINGLE,0,0,ILLUMINA,Illumina MiSeq,ERP110578,PRJEB28382,NA,498883,ERS2696688,SAMEA4877721,simple,410661,mouse gut metagenome,SAMEA4877721,NA,NA,NA,NA,NA,NA,no,NA,NA,NA,NA,"YALE UNIVERSITY, NEW HAVEN, UNITED STATES",ERA1584524,NA,public,408EBAAC18939BDDB536FD740003337B,00936D037222D8FD4B72F1A5AC45DDC0,ERR2767908
ERR2767909,2018-10-28 09:48:27,2018-10-28 20:17:38,12193,3072449,0,251,1,NA,https://sra-downloadb.be-md.ncbi.nlm.nih.gov/sos5/sra-pub-zq-14/ERR002/767/ERR2767909.sralite.1,ERX2780750,16S rRNA V4 dual index,AMPLICON,PCR,OTHER,SINGLE,0,0,ILLUMINA,Illumina MiSeq,ERP110578,PRJEB28382,NA,498883,ERS2696689,SAMEA4877722,simple,410661,mouse gut metagenome,SAMEA4877722,NA,NA,NA,NA,NA,NA,no,NA,NA,NA,NA,"YALE UNIVERSITY, NEW HAVEN, UNITED STATES",ERA1584524,NA,public,1B75E1293DD7AE5F021CBF5D8A0B002E,20F39683329132420D7DB5751794DA01,ERR2767909
ERR2767910,2018-10-28 09:48:27,2018-10-28 20:17:42,16494,4156660,0,252,2,NA,https://sra-downloadb.be-md.ncbi.nlm.nih.gov/sos5/sra-pub-zq-14/ERR002/767/ERR2767910.sralite.1,ERX2780751,16S rRNA V4 dual index,AMPLICON,PCR,OTHER,SINGLE,0,0,ILLUMINA,Illumina MiSeq,ERP110578,PRJEB28382,NA,498883,ERS2696690,SAMEA4877723,simple,410661,mouse gut metagenome,SAMEA4877723,NA,NA,NA,NA,NA,NA,no,NA,NA,NA,NA,"YALE UNIVERSITY, NEW HAVEN, UNITED STATES",ERA1584524,NA,public,E39DCD55B189BF81E9302D5B79955CAA,204202D5C44BF7EAD10856BF60C47F96,ERR2767910
ERR2767911,2018-10-28 09:48:27,2018-10-28 20:17:42,13467,3392712,0,251,1,NA,https://sra-downloadb.be-md.ncbi.nlm.nih.gov/sos5/sra-pub-zq-14/ERR002/767/ERR2767911.sralite.1,ERX2780752,16S rRNA V4 dual index,AMPLICON,PCR,OTHER,SINGLE,0,0,ILLUMINA,Illumina MiSeq,ERP110578,PRJEB28382,NA,498883,ERS2696691,SAMEA4877724,simple,410661,mouse gut metagenome,SAMEA4877724,NA,NA,NA,NA,NA,NA,no,NA,NA,NA,NA,"YALE UNIVERSITY, NEW HAVEN, UNITED STATES",ERA1584524,NA,public,2E26CD3E6D8344407676C70121A9DD98,D363E4D6EC81C3A6BD63A5015706E026,ERR2767911
ERR2767912,2018-10-28 09:48:27,2018-10-28 20:18:01,12490,3145565,0,251,1,NA,https://sra-downloadb.be-md.ncbi.nlm.nih.gov/sos5/sra-pub-zq-14/ERR002/767/ERR2767912.sralite.1,ERX2780753,16S rRNA V4 dual index,AMPLICON,PCR,OTHER,SINGLE,0,0,ILLUMINA,Illumina MiSeq,ERP110578,PRJEB28382,NA,498883,ERS2696692,SAMEA4877725,simple,410661,mouse gut metagenome,SAMEA4877725,NA,NA,NA,NA,NA,NA,no,NA,NA,NA,NA,"YALE UNIVERSITY, NEW HAVEN, UNITED STATES",ERA1584524,NA,public,1ABF718E257B758108A932A6B9CD64F9,6AB4B78C43EB8673A3BBFD88915C3D45,ERR2767912
ERR2767913,2018-10-28 09:48:27,2018-10-28 20:18:02,13046,3288004,0,252,1,NA,https://sra-downloadb.be-md.ncbi.nlm.nih.gov/sos5/sra-pub-zq-14/ERR002/767/ERR2767913.sralite.1,ERX2780754,16S rRNA V4 dual index,AMPLICON,PCR,OTHER,SINGLE,0,0,ILLUMINA,Illumina MiSeq,ERP110578,PRJEB28382,NA,498883,ERS2696693,SAMEA4877726,simple,410661,mouse gut metagenome,SAMEA4877726,NA,NA,NA,NA,NA,NA,no,NA,NA,NA,NA,"YALE UNIVERSITY, NEW HAVEN, UNITED STATES",ERA1584524,NA,public,300382DD28976BDD162290BC32713C55,504EAE0848989BB92785566B6696EC2A,ERR2767913
ERR2767914,2018-10-28 09:48:27,2018-10-28 20:18:01,19137,4817952,0,251,2,NA,https://sra-downloadb.be-md.ncbi.nlm.nih.gov/sos5/sra-pub-zq-14/ERR002/767/ERR2767914.sralite.1,ERX2780755,16S rRNA V4 dual index,AMPLICON,PCR,OTHER,SINGLE,0,0,ILLUMINA,Illumina MiSeq,ERP110578,PRJEB28382,NA,498883,ERS2696694,SAMEA4877727,simple,410661,mouse gut metagenome,SAMEA4877727,NA,NA,NA,NA,NA,NA,no,NA,NA,NA,NA,"YALE UNIVERSITY, NEW HAVEN, UNITED STATES",ERA1584524,NA,public,15690AB9A70AE8EC8143323EBFC9B7CB,12A022086CE7149C8F73D9D8749963A6,ERR2767914
ERR2767915,2018-10-28 09:48:27,2018-10-28 20:18:11,24774,6240437,0,251,3,NA,https://sra-downloadb.be-md.ncbi.nlm.nih.gov/sos5/sra-pub-zq-14/ERR002/767/ERR2767915.sralite.1,ERX2780756,16S rRNA V4 dual index,AMPLICON,PCR,OTHER,SINGLE,0,0,ILLUMINA,Illumina MiSeq,ERP110578,PRJEB28382,NA,498883,ERS2696695,SAMEA4877728,simple,410661,mouse gut metagenome,SAMEA4877728,NA,NA,NA,NA,NA,NA,no,NA,NA,NA,NA,"YALE UNIVERSITY, NEW HAVEN, UNITED STATES",ERA1584524,NA,public,ABF054CC4BF6221D304FBB6F4472458D,7AD4971A75681A765202CC27B003AF24,ERR2767915
ERR2767916,2018-10-28 09:48:27,2018-10-28 20:18:12,20952,5278902,0,251,3,NA,https://sra-downloadb.be-md.ncbi.nlm.nih.gov/sos5/sra-pub-zq-14/ERR002/767/ERR2767916.sralite.1,ERX2780757,16S rRNA V4 dual index,AMPLICON,PCR,OTHER,SINGLE,0,0,ILLUMINA,Illumina MiSeq,ERP110578,PRJEB28382,NA,498883,ERS2696696,SAMEA4877729,simple,410661,mouse gut metagenome,SAMEA4877729,NA,NA,NA,NA,NA,NA,no,NA,NA,NA,NA,"YALE UNIVERSITY, NEW HAVEN, UNITED STATES",ERA1584524,NA,public,D761AC2F479A747736E5954C87B5A5B5,7B75DF9AC569893138C23DD7954DFEE2,ERR2767916
ERR2767917,2018-10-28 09:48:28,2018-10-28 20:18:13,24475,6172273,0,252,3,NA,https://sra-downloadb.be-md.ncbi.nlm.nih.gov/sos5/sra-pub-zq-14/ERR002/767/ERR2767917.sralite.1,ERX2780758,16S rRNA V4 dual index,AMPLICON,PCR,OTHER,SINGLE,0,0,ILLUMINA,Illumina MiSeq,ERP110578,PRJEB28382,NA,498883,ERS2696697,SAMEA4877730,simple,410661,mouse gut metagenome,SAMEA4877730,NA,NA,NA,NA,NA,NA,no,NA,NA,NA,NA,"YALE UNIVERSITY, NEW HAVEN, UNITED STATES",ERA1584524,NA,public,5D1C35621BDDEB3163F587F4EA7D0949,44EB1E6E4B1281B20E1812264815F424,ERR2767917
ERR2767918,2018-10-28 09:48:28,2018-10-28 20:18:22,19424,4892322,0,251,2,NA,https://sra-downloadb.be-md.ncbi.nlm.nih.gov/sos5/sra-pub-zq-14/ERR002/767/ERR2767918.sralite.1,ERX2780759,16S rRNA V4 dual index,AMPLICON,PCR,OTHER,SINGLE,0,0,ILLUMINA,Illumina MiSeq,ERP110578,PRJEB28382,NA,498883,ERS2696698,SAMEA4877731,simple,410661,mouse gut metagenome,SAMEA4877731,NA,NA,NA,NA,NA,NA,no,NA,NA,NA,NA,"YALE UNIVERSITY, NEW HAVEN, UNITED STATES",ERA1584524,NA,public,0EFB7B7A3E0DB5A6EC090F7EB7947359,E6FB7A92673DE03666EB6B9A53D4C30E,ERR2767918
ERR2767919,2018-10-28 09:48:28,2018-10-28 20:18:23,20819,5251061,0,252,3,NA,https://sra-downloadb.be-md.ncbi.nlm.nih.gov/sos5/sra-pub-zq-14/ERR002/767/ERR2767919.sralite.1,ERX2780760,16S rRNA V4 dual index,AMPLICON,PCR,OTHER,SINGLE,0,0,ILLUMINA,Illumina MiSeq,ERP110578,PRJEB28382,NA,498883,ERS2696699,SAMEA4877732,simple,410661,mouse gut metagenome,SAMEA4877732,NA,NA,NA,NA,NA,NA,no,NA,NA,NA,NA,"YALE UNIVERSITY, NEW HAVEN, UNITED STATES",ERA1584524,NA,public,E4DC0BC29C760991DE8FCC8416DAA037,6637464DA51508F2EB56F7D9FF40C4E5,ERR2767919
ERR2767920,2018-10-28 09:48:28,2018-10-28 20:18:24,22627,5698670,0,251,3,NA,https://sra-downloadb.be-md.ncbi.nlm.nih.gov/sos5/sra-pub-zq-14/ERR002/767/ERR2767920.sralite.1,ERX2780761,16S rRNA V4 dual index,AMPLICON,PCR,OTHER,SINGLE,0,0,ILLUMINA,Illumina MiSeq,ERP110578,PRJEB28382,NA,498883,ERS2696700,SAMEA4877733,simple,410661,mouse gut metagenome,SAMEA4877733,NA,NA,NA,NA,NA,NA,no,NA,NA,NA,NA,"YALE UNIVERSITY, NEW HAVEN, UNITED STATES",ERA1584524,NA,public,503AD71D54996A010309EDA2D13CBF00,6C4FA11E7CCF280F4AB4CCF240C5F818,ERR2767920
ERR2767921,2018-10-28 09:48:28,2018-10-28 20:18:33,14312,3602278,0,251,2,NA,https://sra-downloadb.be-md.ncbi.nlm.nih.gov/sos5/sra-pub-zq-14/ERR002/767/ERR2767921.sralite.1,ERX2780762,16S rRNA V4 dual index,AMPLICON,PCR,OTHER,SINGLE,0,0,ILLUMINA,Illumina MiSeq,ERP110578,PRJEB28382,NA,498883,ERS2696701,SAMEA4877734,simple,410661,mouse gut metagenome,SAMEA4877734,NA,NA,NA,NA,NA,NA,no,NA,NA,NA,NA,"YALE UNIVERSITY, NEW HAVEN, UNITED STATES",ERA1584524,NA,public,F3295A83591FBD8AECEE1F17ED9717C3,8C4286FABC7D1FFF34996781E6CB5C5B,ERR2767921
ERR2767922,2018-10-28 09:48:28,2018-10-28 20:18:33,15362,3868880,0,251,2,NA,https://sra-downloadb.be-md.ncbi.nlm.nih.gov/sos5/sra-pub-zq-14/ERR002/767/ERR2767922.sralite.1,ERX2780763,16S rRNA V4 dual index,AMPLICON,PCR,OTHER,SINGLE,0,0,ILLUMINA,Illumina MiSeq,ERP110578,PRJEB28382,NA,498883,ERS2696702,SAMEA4877735,simple,410661,mouse gut metagenome,SAMEA4877735,NA,NA,NA,NA,NA,NA,no,NA,NA,NA,NA,"YALE UNIVERSITY, NEW HAVEN, UNITED STATES",ERA1584524,NA,public,9FAD714CB9C4FBC12D0984C1E2DF6A6A,C106EAD02E7FBABE0A7690C168F678E7,ERR2767922
ERR2767923,2018-10-28 09:48:28,2018-10-28 20:18:35,17469,4402993,0,252,2,NA,https://sra-downloadb.be-md.ncbi.nlm.nih.gov/sos5/sra-pub-zq-14/ERR002/767/ERR2767923.sralite.1,ERX2780764,16S rRNA V4 dual index,AMPLICON,PCR,OTHER,SINGLE,0,0,ILLUMINA,Illumina MiSeq,ERP110578,PRJEB28382,NA,498883,ERS2696703,SAMEA4877736,simple,410661,mouse gut metagenome,SAMEA4877736,NA,NA,NA,NA,NA,NA,no,NA,NA,NA,NA,"YALE UNIVERSITY, NEW HAVEN, UNITED STATES",ERA1584524,NA,public,FA1BB634EB219A540710AA2DD0B02595,C52A0C1E11A2DB3B3F2EAEC65AE9B5B3,ERR2767923
ERR2767924,2018-10-28 09:48:28,2018-10-28 20:18:44,18690,4711161,0,252,2,NA,https://sra-downloadb.be-md.ncbi.nlm.nih.gov/sos5/sra-pub-zq-14/ERR002/767/ERR2767924.sralite.1,ERX2780765,16S rRNA V4 dual index,AMPLICON,PCR,OTHER,SINGLE,0,0,ILLUMINA,Illumina MiSeq,ERP110578,PRJEB28382,NA,498883,ERS2696704,SAMEA4877737,simple,410661,mouse gut metagenome,SAMEA4877737,NA,NA,NA,NA,NA,NA,no,NA,NA,NA,NA,"YALE UNIVERSITY, NEW HAVEN, UNITED STATES",ERA1584524,NA,public,976776AEDA633507F351B9A939E76BE7,9B7900D72B028EC3880CDE99D056B7B1,ERR2767924
ERR2767925,2018-10-28 09:48:28,2018-10-28 20:18:43,19122,4817957,0,251,2,NA,https://sra-downloadb.be-md.ncbi.nlm.nih.gov/sos5/sra-pub-zq-14/ERR002/767/ERR2767925.sralite.1,ERX2780766,16S rRNA V4 dual index,AMPLICON,PCR,OTHER,SINGLE,0,0,ILLUMINA,Illumina MiSeq,ERP110578,PRJEB28382,NA,498883,ERS2696705,SAMEA4877738,simple,410661,mouse gut metagenome,SAMEA4877738,NA,NA,NA,NA,NA,NA,no,NA,NA,NA,NA,"YALE UNIVERSITY, NEW HAVEN, UNITED STATES",ERA1584524,NA,public,95013FDF4852FA0D514EBC6C3A19839B,4193F267F375E9A888C93774D04AC03E,ERR2767925
ERR2767926,2018-10-28 09:48:28,2018-10-28 20:18:45,15062,3796337,0,252,2,NA,https://sra-downloadb.be-md.ncbi.nlm.nih.gov/sos5/sra-pub-zq-14/ERR002/767/ERR2767926.sralite.1,ERX2780767,16S rRNA V4 dual index,AMPLICON,PCR,OTHER,SINGLE,0,0,ILLUMINA,Illumina MiSeq,ERP110578,PRJEB28382,NA,498883,ERS2696706,SAMEA4877739,simple,410661,mouse gut metagenome,SAMEA4877739,NA,NA,NA,NA,NA,NA,no,NA,NA,NA,NA,"YALE UNIVERSITY, NEW HAVEN, UNITED STATES",ERA1584524,NA,public,E0D4DD0DC0B8C4172E1292586DFFE357,C5A47F0EF232F2DAE09F21B7A5E6FE90,ERR2767926
ERR2767927,2018-10-28 09:48:28,2018-10-28 20:18:55,18057,4553685,0,252,2,NA,https://sra-downloadb.be-md.ncbi.nlm.nih.gov/sos5/sra-pub-zq-14/ERR002/767/ERR2767927.sralite.1,ERX2780768,16S rRNA V4 dual index,AMPLICON,PCR,OTHER,SINGLE,0,0,ILLUMINA,Illumina MiSeq,ERP110578,PRJEB28382,NA,498883,ERS2696707,SAMEA4877740,simple,410661,mouse gut metagenome,SAMEA4877740,NA,NA,NA,NA,NA,NA,no,NA,NA,NA,NA,"YALE UNIVERSITY, NEW HAVEN, UNITED STATES",ERA1584524,NA,public,A4112BEFA32F5F13A63E30E9AD634B6F,925A8E236673A10FD1590797AE0CB839,ERR2767927
ERR2767928,2018-10-28 09:48:28,2018-10-28 20:18:56,13921,3509597,0,252,2,NA,https://sra-downloadb.be-md.ncbi.nlm.nih.gov/sos5/sra-pub-zq-14/ERR002/767/ERR2767928.sralite.1,ERX2780769,16S rRNA V4 dual index,AMPLICON,PCR,OTHER,SINGLE,0,0,ILLUMINA,Illumina MiSeq,ERP110578,PRJEB28382,NA,498883,ERS2696708,SAMEA4877741,simple,410661,mouse gut metagenome,SAMEA4877741,NA,NA,NA,NA,NA,NA,no,NA,NA,NA,NA,"YALE UNIVERSITY, NEW HAVEN, UNITED STATES",ERA1584524,NA,public,7E696837DC25B150A6AECD1E8DF9391B,A9B89DC539F2DC2C832BCF69B6578831,ERR2767928
ERR2767929,2018-10-28 09:48:28,2018-10-28 20:18:57,41169,10370035,0,251,5,NA,https://sra-downloadb.be-md.ncbi.nlm.nih.gov/sos5/sra-pub-zq-14/ERR002/767/ERR2767929.sralite.1,ERX2780770,16S rRNA V4 dual index,AMPLICON,PCR,OTHER,SINGLE,0,0,ILLUMINA,Illumina MiSeq,ERP110578,PRJEB28382,NA,498883,ERS2696709,SAMEA4877742,simple,410661,mouse gut metagenome,SAMEA4877742,NA,NA,NA,NA,NA,NA,no,NA,NA,NA,NA,"YALE UNIVERSITY, NEW HAVEN, UNITED STATES",ERA1584524,NA,public,C60DEA9A7C0645C99DAE29AC6A107B16,AA985A2903BAD45796F89AF335E4B8A2,ERR2767929
ERR2767930,2018-10-28 09:48:28,2018-10-28 20:19:06,51143,12878471,0,251,7,NA,https://sra-downloadb.be-md.ncbi.nlm.nih.gov/sos5/sra-pub-zq-14/ERR002/767/ERR2767930.sralite.1,ERX2780771,16S rRNA V4 dual index,AMPLICON,PCR,OTHER,SINGLE,0,0,ILLUMINA,Illumina MiSeq,ERP110578,PRJEB28382,NA,498883,ERS2696710,SAMEA4877743,simple,410661,mouse gut metagenome,SAMEA4877743,NA,NA,NA,NA,NA,NA,no,NA,NA,NA,NA,"YALE UNIVERSITY, NEW HAVEN, UNITED STATES",ERA1584524,NA,public,F386291F46B9865872904F6604BFDE52,EC0E31F1891349A9A3B92CFC550D26A8,ERR2767930
ERR2906456,2019-05-01 08:59:39,2019-05-02 16:08:15,403436007,115107474657,403436007,285,49399,NA,https://sra-downloadb.be-md.ncbi.nlm.nih.gov/sos5/sra-pub-zq-16/ERR002/2906/ERR2906456/ERR2906456.lite.1,ERX2909616,unspecified,WGS,PCR,GENOMIC,PAIRED,150,0,ILLUMINA,Illumina HiSeq X Ten,ERP112119,PRJEB29771,NA,540449,ERS2905893,SAMEA5094555,simple,10090,Mus musculus,SAMEA5094555,NA,NA,NA,NA,NA,NA,no,NA,NA,NA,NA,LUBECK INSTITUTE OF EXPERMENTAL DERMATOLOGY,ERA1659548,NA,public,DA974B1FC96B62F9B22268D70689517C,FEF80CB23CEC70891DD2228615F3F23D,ERR2906456
ERR2906457,2019-05-01 08:59:39,2019-05-02 15:50:39,393049001,111624191530,393049001,283,48530,NA,https://sra-downloadb.be-md.ncbi.nlm.nih.gov/sos5/sra-pub-zq-16/ERR002/2906/ERR2906457/ERR2906457.lite.1,ERX2909617,unspecified,WGS,PCR,GENOMIC,PAIRED,150,0,ILLUMINA,Illumina HiSeq X Ten,ERP112119,PRJEB29771,NA,540449,ERS2905894,SAMEA5094556,simple,10090,Mus musculus,SAMEA5094556,NA,NA,NA,NA,NA,NA,no,NA,NA,NA,NA,LUBECK INSTITUTE OF EXPERMENTAL DERMATOLOGY,ERA1659548,NA,public,21B8D62BE3D33C4C934AFBF7EB90EDD0,B442C29289DE2AE03C21F0D1375B633B,ERR2906457
ERR2906458,2019-05-01 08:59:39,2019-05-02 15:42:06,398554326,111658748213,398554326,280,48565,NA,https://sra-downloadb.be-md.ncbi.nlm.nih.gov/sos5/sra-pub-zq-16/ERR002/2906/ERR2906458/ERR2906458.lite.1,ERX2909618,unspecified,WGS,PCR,GENOMIC,PAIRED,150,0,ILLUMINA,Illumina HiSeq X Ten,ERP112119,PRJEB29771,NA,540449,ERS2905895,SAMEA5094557,simple,10090,Mus musculus,SAMEA5094557,NA,NA,NA,NA,NA,NA,no,NA,NA,NA,NA,LUBECK INSTITUTE OF EXPERMENTAL DERMATOLOGY,ERA1659548,NA,public,214301C555BA71DC5F713151950FD2AF,A18A0AA8374C9CD58B890C703AB4781F,ERR2906458
ERR3610705,2020-07-16 14:45:29,2020-07-25 15:18:59,125855,50593710,125855,402,20,NA,https://sra-downloadb.be-md.ncbi.nlm.nih.gov/sos8/sra-pub-zq-820/ERR003/3610/ERR3610705/ERR3610705.lite.1,ERX3606212,unspecified,AMPLICON,PCR,METAGENOMIC,PAIRED,201,0,ILLUMINA,Illumina MiSeq,ERP118018,PRJEB35028,NA,646428,ERS3907837,SAMEA6107160,simple,749906,gut metagenome,SAMEA6107160,NA,NA,NA,NA,NA,NA,no,NA,NA,NA,NA,UNIVERSITY OF SASSARI,ERA2173222,NA,public,F6B7402289D145002C629C903A0A40F0,5A543CD2CB72B53B2ACED790C8EA9476,ERR3610705
ERR3610706,2020-07-16 14:45:29,2020-07-25 15:19:11,96370,38740740,96370,402,15,NA,https://sra-downloadb.be-md.ncbi.nlm.nih.gov/sos8/sra-pub-zq-820/ERR003/3610/ERR3610706/ERR3610706.lite.1,ERX3606213,unspecified,AMPLICON,PCR,METAGENOMIC,PAIRED,201,0,ILLUMINA,Illumina MiSeq,ERP118018,PRJEB35028,NA,646428,ERS3907838,SAMEA6107161,simple,749906,gut metagenome,SAMEA6107161,NA,NA,NA,NA,NA,NA,no,NA,NA,NA,NA,UNIVERSITY OF SASSARI,ERA2173222,NA,public,8C85FB005CF4AE2D74162D33B1D264DA,C3D84FC1167B5CCE296CCCFA3FF0B5A1,ERR3610706
ERR3610707,2020-07-16 14:45:29,2020-07-25 15:19:07,165839,66667278,165839,402,26,NA,https://sra-downloadb.be-md.ncbi.nlm.nih.gov/sos8/sra-pub-zq-820/ERR003/3610/ERR3610707/ERR3610707.lite.1,ERX3606214,unspecified,AMPLICON,PCR,METAGENOMIC,PAIRED,201,0,ILLUMINA,Illumina MiSeq,ERP118018,PRJEB35028,NA,646428,ERS3907839,SAMEA6107162,simple,749906,gut metagenome,SAMEA6107162,NA,NA,NA,NA,NA,NA,no,NA,NA,NA,NA,UNIVERSITY OF SASSARI,ERA2173222,NA,public,2DBFC02D99C8123F380A85B0FC369C35,1A3633E5DE26AB296F13B27BB09649C1,ERR3610707
ERR3610708,2020-07-16 14:45:29,2020-07-16 15:08:04,97064,39019728,97064,402,15,NA,https://sra-downloadb.be-md.ncbi.nlm.nih.gov/sos8/sra-pub-zq-820/ERR003/3610/ERR3610708/ERR3610708.lite.1,ERX3606215,unspecified,AMPLICON,PCR,METAGENOMIC,PAIRED,201,0,ILLUMINA,Illumina MiSeq,ERP118018,PRJEB35028,NA,646428,ERS3907840,SAMEA6107163,simple,749906,gut metagenome,SAMEA6107163,NA,NA,NA,NA,NA,NA,no,NA,NA,NA,NA,UNIVERSITY OF SASSARI,ERA2173222,NA,public,3A27BD76A589ADC18B260245DDFE5541,B30F79713C27A5E92F33B5280F8D998F,ERR3610708
ERR3610709,2020-07-16 14:45:29,2020-07-25 15:19:40,119900,48199800,119900,402,19,NA,https://sra-downloadb.be-md.ncbi.nlm.nih.gov/sos8/sra-pub-zq-820/ERR003/3610/ERR3610709/ERR3610709.lite.1,ERX3606216,unspecified,AMPLICON,PCR,METAGENOMIC,PAIRED,201,0,ILLUMINA,Illumina MiSeq,ERP118018,PRJEB35028,NA,646428,ERS3907841,SAMEA6107164,simple,749906,gut metagenome,SAMEA6107164,NA,NA,NA,NA,NA,NA,no,NA,NA,NA,NA,UNIVERSITY OF SASSARI,ERA2173222,NA,public,01CAF8475953AF431EF87F2AF900DFD6,A34D382E522B28EEF166BB8D966FEBA8,ERR3610709
ERR3610710,2020-07-16 14:45:29,2020-07-16 15:09:51,122967,49432734,122967,402,19,NA,https://sra-downloadb.be-md.ncbi.nlm.nih.gov/sos8/sra-pub-zq-820/ERR003/3610/ERR3610710/ERR3610710.lite.1,ERX3606217,unspecified,AMPLICON,PCR,METAGENOMIC,PAIRED,201,0,ILLUMINA,Illumina MiSeq,ERP118018,PRJEB35028,NA,646428,ERS3907842,SAMEA6107165,simple,749906,gut metagenome,SAMEA6107165,NA,NA,NA,NA,NA,NA,no,NA,NA,NA,NA,UNIVERSITY OF SASSARI,ERA2173222,NA,public,5690868115C849D09745B435D58945E2,0FC74F26CD5EC113FC778401630C27FA,ERR3610710
ERR3610711,2020-07-16 14:45:29,2020-07-25 15:19:34,139187,55953174,139187,402,22,NA,https://sra-downloadb.be-md.ncbi.nlm.nih.gov/sos8/sra-pub-zq-820/ERR003/3610/ERR3610711/ERR3610711.lite.1,ERX3606218,unspecified,AMPLICON,PCR,METAGENOMIC,PAIRED,201,0,ILLUMINA,Illumina MiSeq,ERP118018,PRJEB35028,NA,646428,ERS3907843,SAMEA6107166,simple,749906,gut metagenome,SAMEA6107166,NA,NA,NA,NA,NA,NA,no,NA,NA,NA,NA,UNIVERSITY OF SASSARI,ERA2173222,NA,public,664AFBE7FBCDC239384AA3C4045BCDD9,5C5BE59858398FB6A84075883376F1DF,ERR3610711
ERR3610712,2020-07-16 14:45:29,2020-07-16 15:09:53,108904,43779408,108904,402,17,NA,https://sra-downloadb.be-md.ncbi.nlm.nih.gov/sos8/sra-pub-zq-820/ERR003/3610/ERR3610712/ERR3610712.lite.1,ERX3606219,unspecified,AMPLICON,PCR,METAGENOMIC,PAIRED,201,0,ILLUMINA,Illumina MiSeq,ERP118018,PRJEB35028,NA,646428,ERS3907844,SAMEA6107167,simple,749906,gut metagenome,SAMEA6107167,NA,NA,NA,NA,NA,NA,no,NA,NA,NA,NA,UNIVERSITY OF SASSARI,ERA2173222,NA,public,55F65A1BEB95A76CBEF72654877B459E,009B16F2F3B1EC00A052C98FFC3F1E4A,ERR3610712
ERR3610713,2020-07-16 14:45:29,2020-07-25 15:19:22,100437,40375674,100437,402,16,NA,https://sra-downloadb.be-md.ncbi.nlm.nih.gov/sos8/sra-pub-zq-820/ERR003/3610/ERR3610713/ERR3610713.lite.1,ERX3606220,unspecified,AMPLICON,PCR,METAGENOMIC,PAIRED,201,0,ILLUMINA,Illumina MiSeq,ERP118018,PRJEB35028,NA,646428,ERS3907845,SAMEA6107168,simple,749906,gut metagenome,SAMEA6107168,NA,NA,NA,NA,NA,NA,no,NA,NA,NA,NA,UNIVERSITY OF SASSARI,ERA2173222,NA,public,8FEFBDD8DA9FDDC9DACCA63796B7B5E8,474BDDE0B4937E40B5B6E1171363E5BE,ERR3610713
ERR3610714,2020-07-16 14:45:29,2020-07-16 15:10:54,111462,44807724,111462,402,17,NA,https://sra-downloadb.be-md.ncbi.nlm.nih.gov/sos8/sra-pub-zq-820/ERR003/3610/ERR3610714/ERR3610714.lite.1,ERX3606221,unspecified,AMPLICON,PCR,METAGENOMIC,PAIRED,201,0,ILLUMINA,Illumina MiSeq,ERP118018,PRJEB35028,NA,646428,ERS3907846,SAMEA6107169,simple,749906,gut metagenome,SAMEA6107169,NA,NA,NA,NA,NA,NA,no,NA,NA,NA,NA,UNIVERSITY OF SASSARI,ERA2173222,NA,public,F19625B03ED46976E46C1DB3DE064D0B,60FEE018531944A9E39BEC830C9C33A5,ERR3610714
ERR3610715,2020-07-16 14:45:29,2020-07-16 15:11:55,99797,40118394,99797,402,15,NA,https://sra-downloadb.be-md.ncbi.nlm.nih.gov/sos8/sra-pub-zq-820/ERR003/3610/ERR3610715/ERR3610715.lite.1,ERX3606222,unspecified,AMPLICON,PCR,METAGENOMIC,PAIRED,201,0,ILLUMINA,Illumina MiSeq,ERP118018,PRJEB35028,NA,646428,ERS3907847,SAMEA6107170,simple,749906,gut metagenome,SAMEA6107170,NA,NA,NA,NA,NA,NA,no,NA,NA,NA,NA,UNIVERSITY OF SASSARI,ERA2173222,NA,public,855A68C221B9D01EFE2017EAF3F8E3D1,5E369E91EA66103ABA54710E89138F6E,ERR3610715
ERR3610716,2020-07-16 14:45:29,2020-07-16 15:12:22,83449,33546498,83449,402,13,NA,https://sra-downloadb.be-md.ncbi.nlm.nih.gov/sos8/sra-pub-zq-820/ERR003/3610/ERR3610716/ERR3610716.lite.1,ERX3606223,unspecified,AMPLICON,PCR,METAGENOMIC,PAIRED,201,0,ILLUMINA,Illumina MiSeq,ERP118018,PRJEB35028,NA,646428,ERS3907848,SAMEA6107171,simple,749906,gut metagenome,SAMEA6107171,NA,NA,NA,NA,NA,NA,no,NA,NA,NA,NA,UNIVERSITY OF SASSARI,ERA2173222,NA,public,9A1A4AC607D55B1177AF29B0B319AFE6,3FFD3AF9F21BB54CD547F71A97156049,ERR3610716
ERR3610717,2020-07-16 14:45:29,2020-07-16 16:05:08,115780,46543560,115780,402,18,NA,https://sra-downloadb.be-md.ncbi.nlm.nih.gov/sos8/sra-pub-zq-820/ERR003/3610/ERR3610717/ERR3610717.lite.1,ERX3606224,unspecified,AMPLICON,PCR,METAGENOMIC,PAIRED,201,0,ILLUMINA,Illumina MiSeq,ERP118018,PRJEB35028,NA,646428,ERS3907849,SAMEA6107172,simple,749906,gut metagenome,SAMEA6107172,NA,NA,NA,NA,NA,NA,no,NA,NA,NA,NA,UNIVERSITY OF SASSARI,ERA2173222,NA,public,6B89F4432EE68CA4928CC484EB33A549,CC2C7777640D60EBEED08CA96143C092,ERR3610717
ERR3610718,2020-07-16 14:45:29,2020-07-16 15:13:52,113859,45771318,113859,402,18,NA,https://sra-downloadb.be-md.ncbi.nlm.nih.gov/sos8/sra-pub-zq-820/ERR003/3610/ERR3610718/ERR3610718.lite.1,ERX3606225,unspecified,AMPLICON,PCR,METAGENOMIC,PAIRED,201,0,ILLUMINA,Illumina MiSeq,ERP118018,PRJEB35028,NA,646428,ERS3907850,SAMEA6107173,simple,749906,gut metagenome,SAMEA6107173,NA,NA,NA,NA,NA,NA,no,NA,NA,NA,NA,UNIVERSITY OF SASSARI,ERA2173222,NA,public,10FAB15F95893481334CD6477D5E4478,974FA9B16FA351962B120ADF63F35CFD,ERR3610718
ERR3610719,2020-07-16 14:45:29,2020-07-16 16:10:22,174734,70243068,174734,402,27,NA,https://sra-downloadb.be-md.ncbi.nlm.nih.gov/sos8/sra-pub-zq-820/ERR003/3610/ERR3610719/ERR3610719.lite.1,ERX3606226,unspecified,AMPLICON,PCR,METAGENOMIC,PAIRED,201,0,ILLUMINA,Illumina MiSeq,ERP118018,PRJEB35028,NA,646428,ERS3907851,SAMEA6107174,simple,749906,gut metagenome,SAMEA6107174,NA,NA,NA,NA,NA,NA,no,NA,NA,NA,NA,UNIVERSITY OF SASSARI,ERA2173222,NA,public,B3A0B458B27C43E4705C5F5EB6C82837,0210321D61A5FDBB1525663709374024,ERR3610719
ERR3610720,2020-07-16 14:45:29,2020-07-16 15:15:03,90289,36296178,90289,402,14,NA,https://sra-downloadb.be-md.ncbi.nlm.nih.gov/sos8/sra-pub-zq-820/ERR003/3610/ERR3610720/ERR3610720.lite.1,ERX3606227,unspecified,AMPLICON,PCR,METAGENOMIC,PAIRED,201,0,ILLUMINA,Illumina MiSeq,ERP118018,PRJEB35028,NA,646428,ERS3907852,SAMEA6107175,simple,749906,gut metagenome,SAMEA6107175,NA,NA,NA,NA,NA,NA,no,NA,NA,NA,NA,UNIVERSITY OF SASSARI,ERA2173222,NA,public,D115ABBC709CC63D22D11E478D65AB49,A24B8C8F30BA53F9BA4BEF5982474443,ERR3610720
ERR3610721,2020-07-16 14:45:29,2020-07-16 15:17:32,104376,41959152,104376,402,16,NA,https://sra-downloadb.be-md.ncbi.nlm.nih.gov/sos8/sra-pub-zq-820/ERR003/3610/ERR3610721/ERR3610721.lite.1,ERX3606228,unspecified,AMPLICON,PCR,METAGENOMIC,PAIRED,201,0,ILLUMINA,Illumina MiSeq,ERP118018,PRJEB35028,NA,646428,ERS3907853,SAMEA6107176,simple,749906,gut metagenome,SAMEA6107176,NA,NA,NA,NA,NA,NA,no,NA,NA,NA,NA,UNIVERSITY OF SASSARI,ERA2173222,NA,public,5C677B18208410285DD780CD79EBC0F3,F4ABAA3590FD0B2C2E414661F5E15945,ERR3610721
ERR3610722,2020-07-16 14:45:29,2020-07-25 15:19:47,112911,45390222,112911,402,18,NA,https://sra-downloadb.be-md.ncbi.nlm.nih.gov/sos8/sra-pub-zq-820/ERR003/3610/ERR3610722/ERR3610722.lite.1,ERX3606229,unspecified,AMPLICON,PCR,METAGENOMIC,PAIRED,201,0,ILLUMINA,Illumina MiSeq,ERP118018,PRJEB35028,NA,646428,ERS3907854,SAMEA6107177,simple,749906,gut metagenome,SAMEA6107177,NA,NA,NA,NA,NA,NA,no,NA,NA,NA,NA,UNIVERSITY OF SASSARI,ERA2173222,NA,public,EA79D5EAAAC54627524E654C71A65DE3,7590693EEADD62B984645724CFD2631F,ERR3610722
ERR3610723,2020-07-16 14:45:29,2020-07-16 15:17:16,127079,51085758,127079,402,20,NA,https://sra-downloadb.be-md.ncbi.nlm.nih.gov/sos8/sra-pub-zq-820/ERR003/3610/ERR3610723/ERR3610723.lite.1,ERX3606230,unspecified,AMPLICON,PCR,METAGENOMIC,PAIRED,201,0,ILLUMINA,Illumina MiSeq,ERP118018,PRJEB35028,NA,646428,ERS3907855,SAMEA6107178,simple,749906,gut metagenome,SAMEA6107178,NA,NA,NA,NA,NA,NA,no,NA,NA,NA,NA,UNIVERSITY OF SASSARI,ERA2173222,NA,public,860A28701AF0BAA65BC346F889C3CC85,B9C21F53718EAB1A1D8DF1497D0F3E10,ERR3610723
ERR3610724,2020-07-16 14:45:29,2020-07-16 15:18:26,103716,41693832,103716,402,16,NA,https://sra-downloadb.be-md.ncbi.nlm.nih.gov/sos8/sra-pub-zq-820/ERR003/3610/ERR3610724/ERR3610724.lite.1,ERX3606231,unspecified,AMPLICON,PCR,METAGENOMIC,PAIRED,201,0,ILLUMINA,Illumina MiSeq,ERP118018,PRJEB35028,NA,646428,ERS3907856,SAMEA6107179,simple,749906,gut metagenome,SAMEA6107179,NA,NA,NA,NA,NA,NA,no,NA,NA,NA,NA,UNIVERSITY OF SASSARI,ERA2173222,NA,public,D3C1ACB8B90B9163658D8781F24C9FCF,FD9EBA51D81833D7A863E7F961ED1BE2,ERR3610724
ERR3610725,2020-07-16 14:45:29,2020-07-16 15:18:59,108401,43577202,108401,402,17,NA,https://sra-downloadb.be-md.ncbi.nlm.nih.gov/sos8/sra-pub-zq-820/ERR003/3610/ERR3610725/ERR3610725.lite.1,ERX3606232,unspecified,AMPLICON,PCR,METAGENOMIC,PAIRED,201,0,ILLUMINA,Illumina MiSeq,ERP118018,PRJEB35028,NA,646428,ERS3907857,SAMEA6107180,simple,749906,gut metagenome,SAMEA6107180,NA,NA,NA,NA,NA,NA,no,NA,NA,NA,NA,UNIVERSITY OF SASSARI,ERA2173222,NA,public,40975400F141677C3279BB0A00262183,1AE3541C5AF2601FBC24F8FDBA0DFA54,ERR3610725
ERR3610726,2020-07-16 14:45:29,2020-07-25 15:19:52,99857,40142514,99857,402,17,NA,https://sra-downloadb.be-md.ncbi.nlm.nih.gov/sos8/sra-pub-zq-820/ERR003/3610/ERR3610726/ERR3610726.lite.1,ERX3606233,unspecified,AMPLICON,PCR,METAGENOMIC,PAIRED,201,0,ILLUMINA,Illumina MiSeq,ERP118018,PRJEB35028,NA,646428,ERS3907858,SAMEA6107181,simple,749906,gut metagenome,SAMEA6107181,NA,NA,NA,NA,NA,NA,no,NA,NA,NA,NA,UNIVERSITY OF SASSARI,ERA2173222,NA,public,160D7820A4C3003A6A77D99DFEA8F2B6,2B2C8ED1D84E72747615F71352DC23CF,ERR3610726
ERR3610727,2020-07-16 14:45:29,2020-07-16 15:20:29,88028,35387256,88028,402,13,NA,https://sra-downloadb.be-md.ncbi.nlm.nih.gov/sos8/sra-pub-zq-820/ERR003/3610/ERR3610727/ERR3610727.lite.1,ERX3606234,unspecified,AMPLICON,PCR,METAGENOMIC,PAIRED,201,0,ILLUMINA,Illumina MiSeq,ERP118018,PRJEB35028,NA,646428,ERS3907859,SAMEA6107182,simple,749906,gut metagenome,SAMEA6107182,NA,NA,NA,NA,NA,NA,no,NA,NA,NA,NA,UNIVERSITY OF SASSARI,ERA2173222,NA,public,45BF5CE1B449E0919AD90DB36AE7448B,DD57B9BD57D959331A7D47FFA5597317,ERR3610727
ERR3610728,2020-07-16 14:45:29,2020-07-16 15:20:23,68297,27455394,68297,402,10,NA,https://sra-downloadb.be-md.ncbi.nlm.nih.gov/sos8/sra-pub-zq-820/ERR003/3610/ERR3610728/ERR3610728.lite.1,ERX3606235,unspecified,AMPLICON,PCR,METAGENOMIC,PAIRED,201,0,ILLUMINA,Illumina MiSeq,ERP118018,PRJEB35028,NA,646428,ERS3907860,SAMEA6107183,simple,749906,gut metagenome,SAMEA6107183,NA,NA,NA,NA,NA,NA,no,NA,NA,NA,NA,UNIVERSITY OF SASSARI,ERA2173222,NA,public,E0BCF988DBCCEA075CABF5FB733FD41D,3C53A47FCD12F783D9F8E5E283EE8E56,ERR3610728
ERR3610729,2020-07-16 14:45:29,2020-07-16 15:19:48,121825,48973650,121825,402,19,NA,https://sra-downloadb.be-md.ncbi.nlm.nih.gov/sos8/sra-pub-zq-820/ERR003/3610/ERR3610729/ERR3610729.lite.1,ERX3606236,unspecified,AMPLICON,PCR,METAGENOMIC,PAIRED,201,0,ILLUMINA,Illumina MiSeq,ERP118018,PRJEB35028,NA,646428,ERS3907861,SAMEA6107184,simple,749906,gut metagenome,SAMEA6107184,NA,NA,NA,NA,NA,NA,no,NA,NA,NA,NA,UNIVERSITY OF SASSARI,ERA2173222,NA,public,744C3D9FE008EBE74B3A0C1D866E454A,95AA47BDBAB03A935AA5DC1A5656465C,ERR3610729
ERR3610730,2020-07-16 14:45:29,2020-07-16 15:20:12,129603,52100406,129603,402,20,NA,https://sra-downloadb.be-md.ncbi.nlm.nih.gov/sos8/sra-pub-zq-820/ERR003/3610/ERR3610730/ERR3610730.lite.1,ERX3606237,unspecified,AMPLICON,PCR,METAGENOMIC,PAIRED,201,0,ILLUMINA,Illumina MiSeq,ERP118018,PRJEB35028,NA,646428,ERS3907862,SAMEA6107185,simple,749906,gut metagenome,SAMEA6107185,NA,NA,NA,NA,NA,NA,no,NA,NA,NA,NA,UNIVERSITY OF SASSARI,ERA2173222,NA,public,84380B5D22CE521E58328D393AA8DEC4,7FE16D1819F082C8BEAB9A5B714A821F,ERR3610730
ERR3610731,2020-07-16 14:45:29,2020-07-16 15:20:31,117976,47426352,117976,402,18,NA,https://sra-downloadb.be-md.ncbi.nlm.nih.gov/sos8/sra-pub-zq-820/ERR003/3610/ERR3610731/ERR3610731.lite.1,ERX3606238,unspecified,AMPLICON,PCR,METAGENOMIC,PAIRED,201,0,ILLUMINA,Illumina MiSeq,ERP118018,PRJEB35028,NA,646428,ERS3907863,SAMEA6107186,simple,749906,gut metagenome,SAMEA6107186,NA,NA,NA,NA,NA,NA,no,NA,NA,NA,NA,UNIVERSITY OF SASSARI,ERA2173222,NA,public,DBF90452D0B77BAB99945E8FB4E17E8A,B9D2AA31E9E0DCF2EC29FA7A19EBB3AB,ERR3610731
ERR3610732,2020-07-16 14:45:29,2020-07-16 15:20:38,94586,38023572,94586,402,17,NA,https://sra-downloadb.be-md.ncbi.nlm.nih.gov/sos8/sra-pub-zq-820/ERR003/3610/ERR3610732/ERR3610732.lite.1,ERX3606239,unspecified,AMPLICON,PCR,METAGENOMIC,PAIRED,201,0,ILLUMINA,Illumina MiSeq,ERP118018,PRJEB35028,NA,646428,ERS3907864,SAMEA6107187,simple,749906,gut metagenome,SAMEA6107187,NA,NA,NA,NA,NA,NA,no,NA,NA,NA,NA,UNIVERSITY OF SASSARI,ERA2173222,NA,public,174F2E36F94B22397FA010D7B1EFA997,17FAEF1556CC8389574DE04D309196CF,ERR3610732
ERR3610733,2020-07-16 14:45:29,2020-07-16 15:20:50,122354,49186308,122354,402,20,NA,https://sra-downloadb.be-md.ncbi.nlm.nih.gov/sos8/sra-pub-zq-820/ERR003/3610/ERR3610733/ERR3610733.lite.1,ERX3606240,unspecified,AMPLICON,PCR,METAGENOMIC,PAIRED,201,0,ILLUMINA,Illumina MiSeq,ERP118018,PRJEB35028,NA,646428,ERS3907865,SAMEA6107188,simple,749906,gut metagenome,SAMEA6107188,NA,NA,NA,NA,NA,NA,no,NA,NA,NA,NA,UNIVERSITY OF SASSARI,ERA2173222,NA,public,B2DF513B09015DEED6EF72A9BEDBF608,1011E09F58D4AF4A0EA1FF65628CA7FB,ERR3610733
ERR3610734,2020-07-16 14:45:29,2020-07-16 15:21:07,173032,69558864,173032,402,28,NA,https://sra-downloadb.be-md.ncbi.nlm.nih.gov/sos8/sra-pub-zq-820/ERR003/3610/ERR3610734/ERR3610734.lite.1,ERX3606241,unspecified,AMPLICON,PCR,METAGENOMIC,PAIRED,201,0,ILLUMINA,Illumina MiSeq,ERP118018,PRJEB35028,NA,646428,ERS3907866,SAMEA6107189,simple,749906,gut metagenome,SAMEA6107189,NA,NA,NA,NA,NA,NA,no,NA,NA,NA,NA,UNIVERSITY OF SASSARI,ERA2173222,NA,public,E0CC3440C390CB5377C9507F322E43AD,5B50FF816ABA3DFC951D7CE89C6D1F96,ERR3610734
ERR3610735,2020-07-16 14:45:29,2020-07-16 15:21:05,115545,46449090,115545,402,18,NA,https://sra-downloadb.be-md.ncbi.nlm.nih.gov/sos8/sra-pub-zq-820/ERR003/3610/ERR3610735/ERR3610735.lite.1,ERX3606242,unspecified,AMPLICON,PCR,METAGENOMIC,PAIRED,201,0,ILLUMINA,Illumina MiSeq,ERP118018,PRJEB35028,NA,646428,ERS3907867,SAMEA6107190,simple,749906,gut metagenome,SAMEA6107190,NA,NA,NA,NA,NA,NA,no,NA,NA,NA,NA,UNIVERSITY OF SASSARI,ERA2173222,NA,public,5364E93FEEE04372049381202D433829,892A2F04E0F97867BB0ED91D9256EFB2,ERR3610735
ERR3610736,2020-07-16 14:45:29,2020-07-16 15:21:33,97474,39184548,97474,402,15,NA,https://sra-downloadb.be-md.ncbi.nlm.nih.gov/sos8/sra-pub-zq-820/ERR003/3610/ERR3610736/ERR3610736.lite.1,ERX3606243,unspecified,AMPLICON,PCR,METAGENOMIC,PAIRED,201,0,ILLUMINA,Illumina MiSeq,ERP118018,PRJEB35028,NA,646428,ERS3907868,SAMEA6107191,simple,749906,gut metagenome,SAMEA6107191,NA,NA,NA,NA,NA,NA,no,NA,NA,NA,NA,UNIVERSITY OF SASSARI,ERA2173222,NA,public,80A1BB831EF3690689D94CB5889F26DF,D88B7F96EE795828A78671B0DC7E5D49,ERR3610736
ERR3610737,2020-07-16 14:45:30,2020-07-25 15:19:59,118944,47815488,118944,402,19,NA,https://sra-downloadb.be-md.ncbi.nlm.nih.gov/sos8/sra-pub-zq-820/ERR003/3610/ERR3610737/ERR3610737.lite.1,ERX3606244,unspecified,AMPLICON,PCR,METAGENOMIC,PAIRED,201,0,ILLUMINA,Illumina MiSeq,ERP118018,PRJEB35028,NA,646428,ERS3907869,SAMEA6107192,simple,749906,gut metagenome,SAMEA6107192,NA,NA,NA,NA,NA,NA,no,NA,NA,NA,NA,UNIVERSITY OF SASSARI,ERA2173222,NA,public,9B8A7FBEF3AF5CC768123BF94364A50D,A673F26081511D6DAE77A465ACA70A90,ERR3610737
ERR3610738,2020-07-16 14:45:30,2020-07-25 15:20:03,111646,44881692,111646,402,17,NA,https://sra-downloadb.be-md.ncbi.nlm.nih.gov/sos8/sra-pub-zq-820/ERR003/3610/ERR3610738/ERR3610738.lite.1,ERX3606245,unspecified,AMPLICON,PCR,METAGENOMIC,PAIRED,201,0,ILLUMINA,Illumina MiSeq,ERP118018,PRJEB35028,NA,646428,ERS3907870,SAMEA6107193,simple,749906,gut metagenome,SAMEA6107193,NA,NA,NA,NA,NA,NA,no,NA,NA,NA,NA,UNIVERSITY OF SASSARI,ERA2173222,NA,public,F8818130FE140F6D13AC09A3BDD61ADB,D103A8171EDC451677213A5D2F532274,ERR3610738
ERR3610739,2020-07-16 14:45:30,2020-07-25 15:20:10,114670,46097340,114670,402,18,NA,https://sra-downloadb.be-md.ncbi.nlm.nih.gov/sos8/sra-pub-zq-820/ERR003/3610/ERR3610739/ERR3610739.lite.1,ERX3606246,unspecified,AMPLICON,PCR,METAGENOMIC,PAIRED,201,0,ILLUMINA,Illumina MiSeq,ERP118018,PRJEB35028,NA,646428,ERS3907871,SAMEA6107194,simple,749906,gut metagenome,SAMEA6107194,NA,NA,NA,NA,NA,NA,no,NA,NA,NA,NA,UNIVERSITY OF SASSARI,ERA2173222,NA,public,B12099D5BAD1B4805573170CA1C1D773,0FB2B8852F9349914B75ACA2C8C1C375,ERR3610739
ERR3610740,2020-07-16 14:45:30,2020-07-25 15:20:14,101297,40721394,101297,402,16,NA,https://sra-downloadb.be-md.ncbi.nlm.nih.gov/sos8/sra-pub-zq-820/ERR003/3610/ERR3610740/ERR3610740.lite.1,ERX3606247,unspecified,AMPLICON,PCR,METAGENOMIC,PAIRED,201,0,ILLUMINA,Illumina MiSeq,ERP118018,PRJEB35028,NA,646428,ERS3907872,SAMEA6107195,simple,749906,gut metagenome,SAMEA6107195,NA,NA,NA,NA,NA,NA,no,NA,NA,NA,NA,UNIVERSITY OF SASSARI,ERA2173222,NA,public,83A8A3BC70D54B42A89CFBE17D3FB032,A4CD01ECC29ACC2404C35892FFFBEBF1,ERR3610740
ERR3610741,2020-07-16 14:45:30,2020-07-16 15:24:47,115276,46340952,115276,402,18,NA,https://sra-downloadb.be-md.ncbi.nlm.nih.gov/sos8/sra-pub-zq-820/ERR003/3610/ERR3610741/ERR3610741.lite.1,ERX3606248,unspecified,AMPLICON,PCR,METAGENOMIC,PAIRED,201,0,ILLUMINA,Illumina MiSeq,ERP118018,PRJEB35028,NA,646428,ERS3907873,SAMEA6107196,simple,749906,gut metagenome,SAMEA6107196,NA,NA,NA,NA,NA,NA,no,NA,NA,NA,NA,UNIVERSITY OF SASSARI,ERA2173222,NA,public,3E62369E03FF681E45A26B5A8563282C,3883F69D0DCE5ADAAB5F43AB81003712,ERR3610741
ERR3610742,2020-07-16 14:45:30,2020-07-16 15:25:02,72480,29136960,72480,402,11,NA,https://sra-downloadb.be-md.ncbi.nlm.nih.gov/sos8/sra-pub-zq-820/ERR003/3610/ERR3610742/ERR3610742.lite.1,ERX3606249,unspecified,AMPLICON,PCR,METAGENOMIC,PAIRED,201,0,ILLUMINA,Illumina MiSeq,ERP118018,PRJEB35028,NA,646428,ERS3907874,SAMEA6107197,simple,749906,gut metagenome,SAMEA6107197,NA,NA,NA,NA,NA,NA,no,NA,NA,NA,NA,UNIVERSITY OF SASSARI,ERA2173222,NA,public,1763DB2202F0D29546C4056EC0BC0BBE,C8114A28E41C176739F4FDB4BADFFE46,ERR3610742
ERR3610743,2020-07-16 14:45:30,2020-07-16 15:25:10,64481,25921362,64481,402,10,NA,https://sra-downloadb.be-md.ncbi.nlm.nih.gov/sos8/sra-pub-zq-820/ERR003/3610/ERR3610743/ERR3610743.lite.1,ERX3606250,unspecified,AMPLICON,PCR,METAGENOMIC,PAIRED,201,0,ILLUMINA,Illumina MiSeq,ERP118018,PRJEB35028,NA,646428,ERS3907875,SAMEA6107198,simple,749906,gut metagenome,SAMEA6107198,NA,NA,NA,NA,NA,NA,no,NA,NA,NA,NA,UNIVERSITY OF SASSARI,ERA2173222,NA,public,ACCF3BD0DA54124698197E63B53185D6,CE9072D38459DA6F4FFEB67F1D97978A,ERR3610743
ERR3610744,2020-07-16 14:45:30,2020-07-25 15:20:21,44206,17770812,44206,402,7,NA,https://sra-downloadb.be-md.ncbi.nlm.nih.gov/sos9/sra-pub-zq-924/ERR003/3610/ERR3610744/ERR3610744.lite.1,ERX3606251,unspecified,AMPLICON,PCR,METAGENOMIC,PAIRED,201,0,ILLUMINA,Illumina MiSeq,ERP118018,PRJEB35028,NA,646428,ERS3907876,SAMEA6107199,simple,749906,gut metagenome,SAMEA6107199,NA,NA,NA,NA,NA,NA,no,NA,NA,NA,NA,UNIVERSITY OF SASSARI,ERA2173222,NA,public,0EE25FABE6EF82C60C19E108AE8EEA29,10271DF1E52CB3207D0B089493501E61,ERR3610744
ERR3610745,2020-07-16 14:45:30,2020-07-25 15:20:49,67892,27292584,67892,402,10,NA,https://sra-downloadb.be-md.ncbi.nlm.nih.gov/sos8/sra-pub-zq-820/ERR003/3610/ERR3610745/ERR3610745.lite.1,ERX3606252,unspecified,AMPLICON,PCR,METAGENOMIC,PAIRED,201,0,ILLUMINA,Illumina MiSeq,ERP118018,PRJEB35028,NA,646428,ERS3907877,SAMEA6107200,simple,749906,gut metagenome,SAMEA6107200,NA,NA,NA,NA,NA,NA,no,NA,NA,NA,NA,UNIVERSITY OF SASSARI,ERA2173222,NA,public,5DABBA3F07A0EA591F65DE5AA79952CB,EF40DF4C074B2FD43ADAABE96FEF63AB,ERR3610745
ERR3610746,2020-07-16 14:45:30,2020-07-16 15:27:35,68713,27622626,68713,402,11,NA,https://sra-downloadb.be-md.ncbi.nlm.nih.gov/sos8/sra-pub-zq-820/ERR003/3610/ERR3610746/ERR3610746.lite.1,ERX3606253,unspecified,AMPLICON,PCR,METAGENOMIC,PAIRED,201,0,ILLUMINA,Illumina MiSeq,ERP118018,PRJEB35028,NA,646428,ERS3907878,SAMEA6107201,simple,749906,gut metagenome,SAMEA6107201,NA,NA,NA,NA,NA,NA,no,NA,NA,NA,NA,UNIVERSITY OF SASSARI,ERA2173222,NA,public,FAD981E634F49863C2A090A90FDA83D0,B9F07314DF5E54B9B73BEAC8B32342C8,ERR3610746
ERR3610747,2020-07-16 14:45:30,2020-07-16 15:28:32,48575,19527150,48575,402,7,NA,https://sra-downloadb.be-md.ncbi.nlm.nih.gov/sos9/sra-pub-zq-922/ERR003/3610/ERR3610747/ERR3610747.lite.1,ERX3606254,unspecified,AMPLICON,PCR,METAGENOMIC,PAIRED,201,0,ILLUMINA,Illumina MiSeq,ERP118018,PRJEB35028,NA,646428,ERS3907879,SAMEA6107202,simple,749906,gut metagenome,SAMEA6107202,NA,NA,NA,NA,NA,NA,no,NA,NA,NA,NA,UNIVERSITY OF SASSARI,ERA2173222,NA,public,268AD09CF4700AE8883FBB0468164CAF,611DE46DE3FD4CE2114C88E5C8848186,ERR3610747
ERR3610748,2020-07-16 14:45:30,2020-07-16 15:29:10,54311,21833022,54311,402,8,NA,https://sra-downloadb.be-md.ncbi.nlm.nih.gov/sos9/sra-pub-zq-922/ERR003/3610/ERR3610748/ERR3610748.lite.1,ERX3606255,unspecified,AMPLICON,PCR,METAGENOMIC,PAIRED,201,0,ILLUMINA,Illumina MiSeq,ERP118018,PRJEB35028,NA,646428,ERS3907880,SAMEA6107203,simple,749906,gut metagenome,SAMEA6107203,NA,NA,NA,NA,NA,NA,no,NA,NA,NA,NA,UNIVERSITY OF SASSARI,ERA2173222,NA,public,1A5F56CD23C78F1B25352509B380AB61,C08AD8191782DB0F43F4FFC94B4627C0,ERR3610748
ERR3610749,2020-07-16 14:45:30,2020-07-16 15:29:16,59280,23830560,59280,402,9,NA,https://sra-downloadb.be-md.ncbi.nlm.nih.gov/sos9/sra-pub-zq-922/ERR003/3610/ERR3610749/ERR3610749.lite.1,ERX3606256,unspecified,AMPLICON,PCR,METAGENOMIC,PAIRED,201,0,ILLUMINA,Illumina MiSeq,ERP118018,PRJEB35028,NA,646428,ERS3907881,SAMEA6107204,simple,749906,gut metagenome,SAMEA6107204,NA,NA,NA,NA,NA,NA,no,NA,NA,NA,NA,UNIVERSITY OF SASSARI,ERA2173222,NA,public,ED8A045908F8BD00831CF57D4D82CEE0,FA614BA686CE9396E4B6A7F0A7C24487,ERR3610749
ERR3610750,2020-07-16 14:45:30,2020-07-16 15:30:01,56539,22728678,56539,402,9,NA,https://sra-downloadb.be-md.ncbi.nlm.nih.gov/sos9/sra-pub-zq-922/ERR003/3610/ERR3610750/ERR3610750.lite.1,ERX3606257,unspecified,AMPLICON,PCR,METAGENOMIC,PAIRED,201,0,ILLUMINA,Illumina MiSeq,ERP118018,PRJEB35028,NA,646428,ERS3907882,SAMEA6107205,simple,749906,gut metagenome,SAMEA6107205,NA,NA,NA,NA,NA,NA,no,NA,NA,NA,NA,UNIVERSITY OF SASSARI,ERA2173222,NA,public,45EC1B3DB20008ECF7CA234E8C239D1C,F6015AF2168F0DE31CFA51499B95F65F,ERR3610750
ERR3610751,2020-07-16 14:45:30,2020-07-16 15:30:49,88282,35489364,88282,402,14,NA,https://sra-downloadb.be-md.ncbi.nlm.nih.gov/sos8/sra-pub-zq-820/ERR003/3610/ERR3610751/ERR3610751.lite.1,ERX3606258,unspecified,AMPLICON,PCR,METAGENOMIC,PAIRED,201,0,ILLUMINA,Illumina MiSeq,ERP118018,PRJEB35028,NA,646428,ERS3907883,SAMEA6107206,simple,749906,gut metagenome,SAMEA6107206,NA,NA,NA,NA,NA,NA,no,NA,NA,NA,NA,UNIVERSITY OF SASSARI,ERA2173222,NA,public,666F99CD9B1D8B3CF2AEBAFC9D0BEB50,BB4CB72C0D99AF47C81BA451A0552014,ERR3610751
ERR3610752,2020-07-16 14:45:30,2020-07-16 15:30:25,40861,16426122,40861,402,6,NA,https://sra-downloadb.be-md.ncbi.nlm.nih.gov/sos9/sra-pub-zq-922/ERR003/3610/ERR3610752/ERR3610752.lite.1,ERX3606259,unspecified,AMPLICON,PCR,METAGENOMIC,PAIRED,201,0,ILLUMINA,Illumina MiSeq,ERP118018,PRJEB35028,NA,646428,ERS3907884,SAMEA6107207,simple,749906,gut metagenome,SAMEA6107207,NA,NA,NA,NA,NA,NA,no,NA,NA,NA,NA,UNIVERSITY OF SASSARI,ERA2173222,NA,public,D9121C8A68B3DF6242403714F5D2D116,538CAA5655261CD7217F82B6D4BBAC65,ERR3610752
ERR3610753,2020-07-16 14:45:30,2020-07-16 15:31:14,47132,18947064,47132,402,7,NA,https://sra-downloadb.be-md.ncbi.nlm.nih.gov/sos9/sra-pub-zq-922/ERR003/3610/ERR3610753/ERR3610753.lite.1,ERX3606260,unspecified,AMPLICON,PCR,METAGENOMIC,PAIRED,201,0,ILLUMINA,Illumina MiSeq,ERP118018,PRJEB35028,NA,646428,ERS3907885,SAMEA6107208,simple,749906,gut metagenome,SAMEA6107208,NA,NA,NA,NA,NA,NA,no,NA,NA,NA,NA,UNIVERSITY OF SASSARI,ERA2173222,NA,public,2EBDE9C76201C39F59B1B07C4437FB27,229CB31398CAF2A22D9A1D5B3A7D60CF,ERR3610753
ERR3610754,2020-07-16 14:45:30,2020-07-16 15:31:55,69404,27900408,69404,402,11,NA,https://sra-downloadb.be-md.ncbi.nlm.nih.gov/sos8/sra-pub-zq-820/ERR003/3610/ERR3610754/ERR3610754.lite.1,ERX3606261,unspecified,AMPLICON,PCR,METAGENOMIC,PAIRED,201,0,ILLUMINA,Illumina MiSeq,ERP118018,PRJEB35028,NA,646428,ERS3907886,SAMEA6107209,simple,749906,gut metagenome,SAMEA6107209,NA,NA,NA,NA,NA,NA,no,NA,NA,NA,NA,UNIVERSITY OF SASSARI,ERA2173222,NA,public,52B8C67CE7B4B15CEC6CFB94FC9976B6,D495881E608CFE6DC75D540E9E566918,ERR3610754
ERR4018833,2020-05-05 11:02:07,2020-05-08 21:28:05,149369,74983238,149369,502,47,NA,https://sra-downloadb.be-md.ncbi.nlm.nih.gov/sos9/sra-pub-zq-922/ERR004/018/ERR4018833.sralite.1,ERX4020221,unspecified,AMPLICON,PCR,METAGENOMIC,PAIRED,300,0,ILLUMINA,Illumina MiSeq,ERP120789,PRJEB37474,NA,630644,ERS4396892,SAMEA6635631,simple,1441287,mouse metagenome,SAMEA6635631,NA,NA,NA,NA,NA,NA,no,NA,NA,NA,NA,SICKKIDS RESEARCH INSTITUTE,ERA2421683,NA,public,BD8FCD87A77F1A35C6CA1D6E58FD3278,671A49F0C871437F3FC114E74CC2EB82,ERR4018833
ERR4018834,2020-05-05 11:02:07,2020-05-08 21:28:08,19600,9839200,19600,502,6,NA,https://sra-downloadb.be-md.ncbi.nlm.nih.gov/sos5/sra-pub-zq-14/ERR004/018/ERR4018834.sralite.1,ERX4020222,unspecified,AMPLICON,PCR,METAGENOMIC,PAIRED,300,0,ILLUMINA,Illumina MiSeq,ERP120789,PRJEB37474,NA,630644,ERS4396894,SAMEA6635633,simple,1441287,mouse metagenome,SAMEA6635633,NA,NA,NA,NA,NA,NA,no,NA,NA,NA,NA,SICKKIDS RESEARCH INSTITUTE,ERA2421683,NA,public,98B08F8C2852CF675BE788534CB97B9B,A9803F1879281DB9F70B65EC0107EFFC,ERR4018834
ERR4018835,2020-05-05 11:02:07,2020-05-08 21:28:20,125984,63243968,125984,502,39,NA,https://sra-downloadb.be-md.ncbi.nlm.nih.gov/sos9/sra-pub-zq-922/ERR004/018/ERR4018835.sralite.1,ERX4020223,unspecified,AMPLICON,PCR,METAGENOMIC,PAIRED,300,0,ILLUMINA,Illumina MiSeq,ERP120789,PRJEB37474,NA,630644,ERS4396895,SAMEA6635634,simple,1441287,mouse metagenome,SAMEA6635634,NA,NA,NA,NA,NA,NA,no,NA,NA,NA,NA,SICKKIDS RESEARCH INSTITUTE,ERA2421683,NA,public,54DA44D6ED50DB0302DC97537F8DC7AD,D04066E678F75CB2C43ED0C2FED9D811,ERR4018835
ERR4018836,2020-05-05 11:02:07,2020-05-08 21:28:32,126820,63663640,126820,502,40,NA,https://sra-downloadb.be-md.ncbi.nlm.nih.gov/sos9/sra-pub-zq-922/ERR004/018/ERR4018836.sralite.1,ERX4020224,unspecified,AMPLICON,PCR,METAGENOMIC,PAIRED,300,0,ILLUMINA,Illumina MiSeq,ERP120789,PRJEB37474,NA,630644,ERS4396896,SAMEA6635635,simple,1441287,mouse metagenome,SAMEA6635635,NA,NA,NA,NA,NA,NA,no,NA,NA,NA,NA,SICKKIDS RESEARCH INSTITUTE,ERA2421683,NA,public,2CE41257A3B9D9C083453493C9BF07DB,937E315070AE8DF6F7F9EB7F1DE19143,ERR4018836
ERR4018837,2020-05-05 11:02:07,2020-05-08 21:28:18,110250,55345500,110250,502,34,NA,https://sra-downloadb.be-md.ncbi.nlm.nih.gov/sos9/sra-pub-zq-922/ERR004/018/ERR4018837.sralite.1,ERX4020225,unspecified,AMPLICON,PCR,METAGENOMIC,PAIRED,300,0,ILLUMINA,Illumina MiSeq,ERP120789,PRJEB37474,NA,630644,ERS4396897,SAMEA6635636,simple,1441287,mouse metagenome,SAMEA6635636,NA,NA,NA,NA,NA,NA,no,NA,NA,NA,NA,SICKKIDS RESEARCH INSTITUTE,ERA2421683,NA,public,E2721F5175CC6FB343DC1F16E86891C4,48A6364493F8E18F286B5F0E82414857,ERR4018837
ERR4018838,2020-05-05 11:02:07,2020-05-08 21:28:31,177999,89355498,177999,502,57,NA,https://sra-downloadb.be-md.ncbi.nlm.nih.gov/sos9/sra-pub-zq-922/ERR004/018/ERR4018838.sralite.1,ERX4020226,unspecified,AMPLICON,PCR,METAGENOMIC,PAIRED,300,0,ILLUMINA,Illumina MiSeq,ERP120789,PRJEB37474,NA,630644,ERS4396898,SAMEA6635637,simple,1441287,mouse metagenome,SAMEA6635637,NA,NA,NA,NA,NA,NA,no,NA,NA,NA,NA,SICKKIDS RESEARCH INSTITUTE,ERA2421683,NA,public,228C31914FB0B1447546AD970866111E,3CABA45388781E08A3C593F7F4B949B0,ERR4018838
ERR4018839,2020-05-05 11:02:07,2020-05-08 21:28:46,191372,96068744,191372,502,61,NA,https://sra-downloadb.be-md.ncbi.nlm.nih.gov/sos9/sra-pub-zq-922/ERR004/018/ERR4018839.sralite.1,ERX4020227,unspecified,AMPLICON,PCR,METAGENOMIC,PAIRED,300,0,ILLUMINA,Illumina MiSeq,ERP120789,PRJEB37474,NA,630644,ERS4396899,SAMEA6635638,simple,1441287,mouse metagenome,SAMEA6635638,NA,NA,NA,NA,NA,NA,no,NA,NA,NA,NA,SICKKIDS RESEARCH INSTITUTE,ERA2421683,NA,public,2995B0EAD0BF36AAD9ADF7FA841D20F9,0BD8E75A843F201DFFF25324BF941E3D,ERR4018839
ERR4018840,2020-05-05 11:02:07,2020-05-08 21:29:38,192018,96393036,192018,502,62,NA,https://sra-downloadb.be-md.ncbi.nlm.nih.gov/sos9/sra-pub-zq-922/ERR004/018/ERR4018840.sralite.1,ERX4020228,unspecified,AMPLICON,PCR,METAGENOMIC,PAIRED,300,0,ILLUMINA,Illumina MiSeq,ERP120789,PRJEB37474,NA,630644,ERS4396900,SAMEA6635639,simple,1441287,mouse metagenome,SAMEA6635639,NA,NA,NA,NA,NA,NA,no,NA,NA,NA,NA,SICKKIDS RESEARCH INSTITUTE,ERA2421683,NA,public,211762FBCA331370FBA627AC1EC137C1,7E634BF6578E8F0C6AE961A37EBD0870,ERR4018840
ERR4018841,2020-05-05 11:02:07,2020-05-08 21:29:12,149646,75122292,149646,502,48,NA,https://sra-downloadb.be-md.ncbi.nlm.nih.gov/sos9/sra-pub-zq-922/ERR004/018/ERR4018841.sralite.1,ERX4020229,unspecified,AMPLICON,PCR,METAGENOMIC,PAIRED,300,0,ILLUMINA,Illumina MiSeq,ERP120789,PRJEB37474,NA,630644,ERS4396901,SAMEA6635640,simple,1441287,mouse metagenome,SAMEA6635640,NA,NA,NA,NA,NA,NA,no,NA,NA,NA,NA,SICKKIDS RESEARCH INSTITUTE,ERA2421683,NA,public,26631CFA208618B7596D8DDF0CA01639,BAC57971E559DA1798C6406CAD5984DE,ERR4018841
ERR4018842,2020-05-05 11:02:07,2020-05-08 21:29:26,160438,80539876,160438,502,51,NA,https://sra-downloadb.be-md.ncbi.nlm.nih.gov/sos9/sra-pub-zq-922/ERR004/018/ERR4018842.sralite.1,ERX4020230,unspecified,AMPLICON,PCR,METAGENOMIC,PAIRED,300,0,ILLUMINA,Illumina MiSeq,ERP120789,PRJEB37474,NA,630644,ERS4396902,SAMEA6635641,simple,1441287,mouse metagenome,SAMEA6635641,NA,NA,NA,NA,NA,NA,no,NA,NA,NA,NA,SICKKIDS RESEARCH INSTITUTE,ERA2421683,NA,public,AE8A76C61892205ECBF1F4E9C744B586,D716E0285DCFB2CF72F19025AB054666,ERR4018842
ERR4018843,2020-05-05 11:02:07,2020-05-08 21:28:59,130889,65706278,130889,502,41,NA,https://sra-downloadb.be-md.ncbi.nlm.nih.gov/sos9/sra-pub-zq-922/ERR004/018/ERR4018843.sralite.1,ERX4020231,unspecified,AMPLICON,PCR,METAGENOMIC,PAIRED,300,0,ILLUMINA,Illumina MiSeq,ERP120789,PRJEB37474,NA,630644,ERS4396903,SAMEA6635642,simple,1441287,mouse metagenome,SAMEA6635642,NA,NA,NA,NA,NA,NA,no,NA,NA,NA,NA,SICKKIDS RESEARCH INSTITUTE,ERA2421683,NA,public,C123F4890BE40D91DF464F65820FD5B3,3D17B84E87B1A4B556527F3E56D813E1,ERR4018843
ERR4018844,2020-05-05 11:02:07,2020-05-08 21:29:49,168083,84377666,168083,502,53,NA,https://sra-downloadb.be-md.ncbi.nlm.nih.gov/sos9/sra-pub-zq-922/ERR004/018/ERR4018844.sralite.1,ERX4020232,unspecified,AMPLICON,PCR,METAGENOMIC,PAIRED,300,0,ILLUMINA,Illumina MiSeq,ERP120789,PRJEB37474,NA,630644,ERS4396904,SAMEA6635643,simple,1441287,mouse metagenome,SAMEA6635643,NA,NA,NA,NA,NA,NA,no,NA,NA,NA,NA,SICKKIDS RESEARCH INSTITUTE,ERA2421683,NA,public,DA050DEDF1FBDE3A8E24FEA95A0677EB,B63578AB5305D1BAE09CC9D440137649,ERR4018844
ERR4018845,2020-05-05 11:02:07,2020-05-08 21:29:33,181853,91290206,181853,502,58,NA,https://sra-downloadb.be-md.ncbi.nlm.nih.gov/sos9/sra-pub-zq-922/ERR004/018/ERR4018845.sralite.1,ERX4020233,unspecified,AMPLICON,PCR,METAGENOMIC,PAIRED,300,0,ILLUMINA,Illumina MiSeq,ERP120789,PRJEB37474,NA,630644,ERS4396905,SAMEA6635644,simple,1441287,mouse metagenome,SAMEA6635644,NA,NA,NA,NA,NA,NA,no,NA,NA,NA,NA,SICKKIDS RESEARCH INSTITUTE,ERA2421683,NA,public,FB9FD3CCA74D1E40BAA96AD7CCF3244B,E29D808D84D122943DD1DD007AD4F52C,ERR4018845
ERR4018846,2020-05-05 11:02:07,2020-05-08 21:30:01,74040,37168080,74040,502,23,NA,https://sra-downloadb.be-md.ncbi.nlm.nih.gov/sos9/sra-pub-zq-922/ERR004/018/ERR4018846.sralite.1,ERX4020234,unspecified,AMPLICON,PCR,METAGENOMIC,PAIRED,300,0,ILLUMINA,Illumina MiSeq,ERP120789,PRJEB37474,NA,630644,ERS4396906,SAMEA6635645,simple,1441287,mouse metagenome,SAMEA6635645,NA,NA,NA,NA,NA,NA,no,NA,NA,NA,NA,SICKKIDS RESEARCH INSTITUTE,ERA2421683,NA,public,D518DE889F44FB3CFC8E54EC4DB906A7,86ED432B21D1B6C65DFD973A3918D4A3,ERR4018846
ERR4018847,2020-05-05 11:02:07,2020-05-08 21:29:51,173550,87122100,173550,502,54,NA,https://sra-downloadb.be-md.ncbi.nlm.nih.gov/sos9/sra-pub-zq-922/ERR004/018/ERR4018847.sralite.1,ERX4020235,unspecified,AMPLICON,PCR,METAGENOMIC,PAIRED,300,0,ILLUMINA,Illumina MiSeq,ERP120789,PRJEB37474,NA,630644,ERS4396907,SAMEA6635646,simple,1441287,mouse metagenome,SAMEA6635646,NA,NA,NA,NA,NA,NA,no,NA,NA,NA,NA,SICKKIDS RESEARCH INSTITUTE,ERA2421683,NA,public,C89257C1BEA0E56DA2731A0E2E956859,5E736CF01E56E9E9BEF411433D62488E,ERR4018847
ERR4018848,2020-05-05 11:02:07,2020-05-08 21:30:03,132340,66434680,132340,502,42,NA,https://sra-downloadb.be-md.ncbi.nlm.nih.gov/sos9/sra-pub-zq-922/ERR004/018/ERR4018848.sralite.1,ERX4020236,unspecified,AMPLICON,PCR,METAGENOMIC,PAIRED,300,0,ILLUMINA,Illumina MiSeq,ERP120789,PRJEB37474,NA,630644,ERS4396908,SAMEA6635647,simple,1441287,mouse metagenome,SAMEA6635647,NA,NA,NA,NA,NA,NA,no,NA,NA,NA,NA,SICKKIDS RESEARCH INSTITUTE,ERA2421683,NA,public,DD00408F86B296E3D5DFD22FB4D81FA5,695EA69DE805B9CB972083287A524496,ERR4018848
ERR4018849,2020-05-05 11:02:07,2020-05-08 21:30:12,46092,23138184,46092,502,14,NA,https://sra-downloadb.be-md.ncbi.nlm.nih.gov/sos9/sra-pub-zq-922/ERR004/018/ERR4018849.sralite.1,ERX4020237,unspecified,AMPLICON,PCR,METAGENOMIC,PAIRED,300,0,ILLUMINA,Illumina MiSeq,ERP120789,PRJEB37474,NA,630644,ERS4396909,SAMEA6635648,simple,1441287,mouse metagenome,SAMEA6635648,NA,NA,NA,NA,NA,NA,no,NA,NA,NA,NA,SICKKIDS RESEARCH INSTITUTE,ERA2421683,NA,public,AB9E1EF45DC31D5B06713EF0F2F7F7F6,1EDD4AE5E21EC821875F89E67772F8ED,ERR4018849
ERR4018850,2020-05-05 11:02:07,2020-05-08 21:30:27,167837,84254174,167837,502,53,NA,https://sra-downloadb.be-md.ncbi.nlm.nih.gov/sos9/sra-pub-zq-922/ERR004/018/ERR4018850.sralite.1,ERX4020238,unspecified,AMPLICON,PCR,METAGENOMIC,PAIRED,300,0,ILLUMINA,Illumina MiSeq,ERP120789,PRJEB37474,NA,630644,ERS4396910,SAMEA6635649,simple,1441287,mouse metagenome,SAMEA6635649,NA,NA,NA,NA,NA,NA,no,NA,NA,NA,NA,SICKKIDS RESEARCH INSTITUTE,ERA2421683,NA,public,145CC448AF08659270347FE086C052EB,0A28F8CE028251F8771B0CA4F7792A3E,ERR4018850
ERR4018851,2020-05-05 11:02:07,2020-05-08 21:30:15,132538,65076158,132538,491,36,NA,https://sra-downloadb.be-md.ncbi.nlm.nih.gov/sos9/sra-pub-zq-922/ERR004/018/ERR4018851.sralite.1,ERX4020239,unspecified,AMPLICON,PCR,METAGENOMIC,PAIRED,300,0,ILLUMINA,Illumina MiSeq,ERP120789,PRJEB37474,NA,630644,ERS4396911,SAMEA6635650,simple,1441287,mouse metagenome,SAMEA6635650,NA,NA,NA,NA,NA,NA,no,NA,NA,NA,NA,SICKKIDS RESEARCH INSTITUTE,ERA2421683,NA,public,56E4DC031B069EB794D103ACD9592A63,A9DACC732829327127B6A64DB0EECAAA,ERR4018851
ERR4018852,2020-05-05 11:02:07,2020-05-08 21:30:23,79055,39685610,79055,502,25,NA,https://sra-downloadb.be-md.ncbi.nlm.nih.gov/sos9/sra-pub-zq-922/ERR004/018/ERR4018852.sralite.1,ERX4020240,unspecified,AMPLICON,PCR,METAGENOMIC,PAIRED,300,0,ILLUMINA,Illumina MiSeq,ERP120789,PRJEB37474,NA,630644,ERS4396912,SAMEA6635651,simple,1441287,mouse metagenome,SAMEA6635651,NA,NA,NA,NA,NA,NA,no,NA,NA,NA,NA,SICKKIDS RESEARCH INSTITUTE,ERA2421683,NA,public,64D15AF80019A3F97F813F3F77224198,4B6452D1CCB78B163B69A69D8B40449A,ERR4018852
ERR4018853,2020-05-05 11:02:07,2020-05-08 21:31:09,149549,73428559,149549,491,40,NA,https://sra-downloadb.be-md.ncbi.nlm.nih.gov/sos9/sra-pub-zq-922/ERR004/018/ERR4018853.sralite.1,ERX4020241,unspecified,AMPLICON,PCR,METAGENOMIC,PAIRED,300,0,ILLUMINA,Illumina MiSeq,ERP120789,PRJEB37474,NA,630644,ERS4396913,SAMEA6635652,simple,1441287,mouse metagenome,SAMEA6635652,NA,NA,NA,NA,NA,NA,no,NA,NA,NA,NA,SICKKIDS RESEARCH INSTITUTE,ERA2421683,NA,public,FB3492C7BEF1DBBDF527A7C0B1374D57,2DC62F80877E1893A3979524090CF524,ERR4018853
ERR4018854,2020-05-05 11:02:07,2020-05-08 21:30:56,16153,8108806,16153,502,5,NA,https://sra-downloadb.be-md.ncbi.nlm.nih.gov/sos5/sra-pub-zq-14/ERR004/018/ERR4018854.sralite.1,ERX4020242,unspecified,AMPLICON,PCR,METAGENOMIC,PAIRED,300,0,ILLUMINA,Illumina MiSeq,ERP120789,PRJEB37474,NA,630644,ERS4396914,SAMEA6635653,simple,1441287,mouse metagenome,SAMEA6635653,NA,NA,NA,NA,NA,NA,no,NA,NA,NA,NA,SICKKIDS RESEARCH INSTITUTE,ERA2421683,NA,public,E9405D964F9A9F61AD17A0F1EADD8D8A,29C4406D724A20CE2779BC34F637D4FD,ERR4018854
ERR4018855,2020-05-05 11:02:07,2020-05-08 21:30:45,19662,9870324,19662,502,6,NA,https://sra-downloadb.be-md.ncbi.nlm.nih.gov/sos5/sra-pub-zq-14/ERR004/018/ERR4018855.sralite.1,ERX4020243,unspecified,AMPLICON,PCR,METAGENOMIC,PAIRED,300,0,ILLUMINA,Illumina MiSeq,ERP120789,PRJEB37474,NA,630644,ERS4396915,SAMEA6635654,simple,1441287,mouse metagenome,SAMEA6635654,NA,NA,NA,NA,NA,NA,no,NA,NA,NA,NA,SICKKIDS RESEARCH INSTITUTE,ERA2421683,NA,public,CBF1806CA9ECDBA8FDA96F139589E2A6,A15FB5987C2A464822058A49F8B36CAA,ERR4018855
ERR4018856,2020-05-05 11:02:07,2020-05-08 21:30:35,120931,59377121,120931,491,33,NA,https://sra-downloadb.be-md.ncbi.nlm.nih.gov/sos9/sra-pub-zq-922/ERR004/018/ERR4018856.sralite.1,ERX4020244,unspecified,AMPLICON,PCR,METAGENOMIC,PAIRED,300,0,ILLUMINA,Illumina MiSeq,ERP120789,PRJEB37474,NA,630644,ERS4396916,SAMEA6635655,simple,1441287,mouse metagenome,SAMEA6635655,NA,NA,NA,NA,NA,NA,no,NA,NA,NA,NA,SICKKIDS RESEARCH INSTITUTE,ERA2421683,NA,public,203173CA747B8F347E270D0C450BFDD9,672B3F7FEA10F0419CCAED889D2F76EE,ERR4018856
ERR4018857,2020-05-05 11:02:07,2020-05-08 21:31:32,77097,38702694,77097,502,24,NA,https://sra-downloadb.be-md.ncbi.nlm.nih.gov/sos9/sra-pub-zq-922/ERR004/018/ERR4018857.sralite.1,ERX4020245,unspecified,AMPLICON,PCR,METAGENOMIC,PAIRED,300,0,ILLUMINA,Illumina MiSeq,ERP120789,PRJEB37474,NA,630644,ERS4396917,SAMEA6635656,simple,1441287,mouse metagenome,SAMEA6635656,NA,NA,NA,NA,NA,NA,no,NA,NA,NA,NA,SICKKIDS RESEARCH INSTITUTE,ERA2421683,NA,public,281D2EC4EBD379CB9DC7508F6A97A631,C272601BD84529F235B72EA63E5F5491,ERR4018857
ERR4018858,2020-05-05 11:02:07,2020-05-08 21:31:20,85130,42735260,85130,502,26,NA,https://sra-downloadb.be-md.ncbi.nlm.nih.gov/sos9/sra-pub-zq-922/ERR004/018/ERR4018858.sralite.1,ERX4020246,unspecified,AMPLICON,PCR,METAGENOMIC,PAIRED,300,0,ILLUMINA,Illumina MiSeq,ERP120789,PRJEB37474,NA,630644,ERS4396918,SAMEA6635657,simple,1441287,mouse metagenome,SAMEA6635657,NA,NA,NA,NA,NA,NA,no,NA,NA,NA,NA,SICKKIDS RESEARCH INSTITUTE,ERA2421683,NA,public,E31DE15BBDCFE41925D86D898BB2B75C,666E225FBB51D4B68CC477C3321E58D1,ERR4018858
ERR4018859,2020-05-05 11:02:07,2020-05-08 21:31:43,81562,40944124,81562,502,25,NA,https://sra-downloadb.be-md.ncbi.nlm.nih.gov/sos9/sra-pub-zq-922/ERR004/018/ERR4018859.sralite.1,ERX4020247,unspecified,AMPLICON,PCR,METAGENOMIC,PAIRED,300,0,ILLUMINA,Illumina MiSeq,ERP120789,PRJEB37474,NA,630644,ERS4396919,SAMEA6635658,simple,1441287,mouse metagenome,SAMEA6635658,NA,NA,NA,NA,NA,NA,no,NA,NA,NA,NA,SICKKIDS RESEARCH INSTITUTE,ERA2421683,NA,public,80010501B6949AC31E94206E72026FB3,5285D6C2458590C6E8FE224ABCE1A121,ERR4018859
ERR4018860,2020-05-05 11:02:07,2020-05-08 21:31:43,97556,48973112,97556,502,30,NA,https://sra-downloadb.be-md.ncbi.nlm.nih.gov/sos9/sra-pub-zq-922/ERR004/018/ERR4018860.sralite.1,ERX4020248,unspecified,AMPLICON,PCR,METAGENOMIC,PAIRED,300,0,ILLUMINA,Illumina MiSeq,ERP120789,PRJEB37474,NA,630644,ERS4396920,SAMEA6635659,simple,1441287,mouse metagenome,SAMEA6635659,NA,NA,NA,NA,NA,NA,no,NA,NA,NA,NA,SICKKIDS RESEARCH INSTITUTE,ERA2421683,NA,public,366D94E23CA19009F9CCF4A738DFB12F,BD4ED06CF05AF752C39DE25DB3472768,ERR4018860
ERR4018861,2020-05-05 11:02:07,2020-05-08 21:31:54,61186,30715372,61186,502,19,NA,https://sra-downloadb.be-md.ncbi.nlm.nih.gov/sos9/sra-pub-zq-922/ERR004/018/ERR4018861.sralite.1,ERX4020249,unspecified,AMPLICON,PCR,METAGENOMIC,PAIRED,300,0,ILLUMINA,Illumina MiSeq,ERP120789,PRJEB37474,NA,630644,ERS4396921,SAMEA6635660,simple,1441287,mouse metagenome,SAMEA6635660,NA,NA,NA,NA,NA,NA,no,NA,NA,NA,NA,SICKKIDS RESEARCH INSTITUTE,ERA2421683,NA,public,9DEF1A8CE3014E23FB9BE7471FA00185,E5935F58E52143561F03CB145320FA49,ERR4018861
ERR4018862,2020-05-05 11:02:07,2020-05-08 21:31:32,58716,29475432,58716,502,18,NA,https://sra-downloadb.be-md.ncbi.nlm.nih.gov/sos9/sra-pub-zq-922/ERR004/018/ERR4018862.sralite.1,ERX4020250,unspecified,AMPLICON,PCR,METAGENOMIC,PAIRED,300,0,ILLUMINA,Illumina MiSeq,ERP120789,PRJEB37474,NA,630644,ERS4396922,SAMEA6635661,simple,1441287,mouse metagenome,SAMEA6635661,NA,NA,NA,NA,NA,NA,no,NA,NA,NA,NA,SICKKIDS RESEARCH INSTITUTE,ERA2421683,NA,public,C65D12FF1F0983ACBC98CE10CE593B42,A56B571D7E18C89B136585C5A68714BC,ERR4018862
ERR4018863,2020-05-05 11:02:07,2020-05-08 21:31:55,88821,44588142,88821,502,28,NA,https://sra-downloadb.be-md.ncbi.nlm.nih.gov/sos9/sra-pub-zq-922/ERR004/018/ERR4018863.sralite.1,ERX4020251,unspecified,AMPLICON,PCR,METAGENOMIC,PAIRED,300,0,ILLUMINA,Illumina MiSeq,ERP120789,PRJEB37474,NA,630644,ERS4396923,SAMEA6635662,simple,1441287,mouse metagenome,SAMEA6635662,NA,NA,NA,NA,NA,NA,no,NA,NA,NA,NA,SICKKIDS RESEARCH INSTITUTE,ERA2421683,NA,public,2766C2FBA4D5D9AD0949080650FA0B01,3854B19582683B9C61D03A2FB1E373D6,ERR4018863
ERR4018864,2020-05-05 11:02:07,2020-05-08 21:32:06,85189,42764878,85189,502,27,NA,https://sra-downloadb.be-md.ncbi.nlm.nih.gov/sos9/sra-pub-zq-922/ERR004/018/ERR4018864.sralite.1,ERX4020252,unspecified,AMPLICON,PCR,METAGENOMIC,PAIRED,300,0,ILLUMINA,Illumina MiSeq,ERP120789,PRJEB37474,NA,630644,ERS4396924,SAMEA6635663,simple,1441287,mouse metagenome,SAMEA6635663,NA,NA,NA,NA,NA,NA,no,NA,NA,NA,NA,SICKKIDS RESEARCH INSTITUTE,ERA2421683,NA,public,274C052262A32F64433AEF69F946B31F,0226D76422C85D3ED74158198CBF71A4,ERR4018864
ERR4018865,2020-05-05 11:02:07,2020-05-08 21:32:18,93889,47132278,93889,502,29,NA,https://sra-downloadb.be-md.ncbi.nlm.nih.gov/sos9/sra-pub-zq-922/ERR004/018/ERR4018865.sralite.1,ERX4020253,unspecified,AMPLICON,PCR,METAGENOMIC,PAIRED,300,0,ILLUMINA,Illumina MiSeq,ERP120789,PRJEB37474,NA,630644,ERS4396925,SAMEA6635664,simple,1441287,mouse metagenome,SAMEA6635664,NA,NA,NA,NA,NA,NA,no,NA,NA,NA,NA,SICKKIDS RESEARCH INSTITUTE,ERA2421683,NA,public,ECC80B23D87538BB405F1A755380184A,5ED11AB98B8EF9C7B27590FD891E088C,ERR4018865
ERR4018866,2020-05-05 11:02:07,2020-05-08 21:32:29,103744,52079488,103744,502,32,NA,https://sra-downloadb.be-md.ncbi.nlm.nih.gov/sos9/sra-pub-zq-922/ERR004/018/ERR4018866.sralite.1,ERX4020254,unspecified,AMPLICON,PCR,METAGENOMIC,PAIRED,300,0,ILLUMINA,Illumina MiSeq,ERP120789,PRJEB37474,NA,630644,ERS4396926,SAMEA6635665,simple,1441287,mouse metagenome,SAMEA6635665,NA,NA,NA,NA,NA,NA,no,NA,NA,NA,NA,SICKKIDS RESEARCH INSTITUTE,ERA2421683,NA,public,0BC0269BB87D94FE7F567C39B6CCFFCE,31D07B75983B500C55AD5C562241A1EE,ERR4018866
ERR4018867,2020-05-05 11:02:07,2020-05-08 21:32:06,107209,53818918,107209,502,33,NA,https://sra-downloadb.be-md.ncbi.nlm.nih.gov/sos9/sra-pub-zq-922/ERR004/018/ERR4018867.sralite.1,ERX4020255,unspecified,AMPLICON,PCR,METAGENOMIC,PAIRED,300,0,ILLUMINA,Illumina MiSeq,ERP120789,PRJEB37474,NA,630644,ERS4396927,SAMEA6635666,simple,1441287,mouse metagenome,SAMEA6635666,NA,NA,NA,NA,NA,NA,no,NA,NA,NA,NA,SICKKIDS RESEARCH INSTITUTE,ERA2421683,NA,public,7D358DEFB17A033A09C598BF2CA71CAE,E4395A19A246DAE1FA32765C0AC3A074,ERR4018867
ERR4018868,2020-05-05 11:02:07,2020-05-08 21:32:43,204099,102457698,204099,502,64,NA,https://sra-downloadb.be-md.ncbi.nlm.nih.gov/sos9/sra-pub-zq-922/ERR004/018/ERR4018868.sralite.1,ERX4020256,unspecified,AMPLICON,PCR,METAGENOMIC,PAIRED,300,0,ILLUMINA,Illumina MiSeq,ERP120789,PRJEB37474,NA,630644,ERS4396928,SAMEA6635667,simple,1441287,mouse metagenome,SAMEA6635667,NA,NA,NA,NA,NA,NA,no,NA,NA,NA,NA,SICKKIDS RESEARCH INSTITUTE,ERA2421683,NA,public,CC4426502A8BFDB8C430349171693745,619E09638437E583BC48B50A4DC64858,ERR4018868
ERR4018869,2020-05-05 11:02:07,2020-05-08 21:33:07,78294,39303588,78294,502,24,NA,https://sra-downloadb.be-md.ncbi.nlm.nih.gov/sos9/sra-pub-zq-922/ERR004/018/ERR4018869.sralite.1,ERX4020257,unspecified,AMPLICON,PCR,METAGENOMIC,PAIRED,300,0,ILLUMINA,Illumina MiSeq,ERP120789,PRJEB37474,NA,630644,ERS4396929,SAMEA6635669,simple,1441287,mouse metagenome,SAMEA6635669,NA,NA,NA,NA,NA,NA,no,NA,NA,NA,NA,SICKKIDS RESEARCH INSTITUTE,ERA2421683,NA,public,BBA09FC47BCA61C5FC5C499E34B5C910,8ABB2619DB4F38BA4E90E2611F73E093,ERR4018869
ERR4018870,2020-05-05 11:02:07,2020-05-08 21:32:18,83781,42058062,83781,502,26,NA,https://sra-downloadb.be-md.ncbi.nlm.nih.gov/sos9/sra-pub-zq-922/ERR004/018/ERR4018870.sralite.1,ERX4020258,unspecified,AMPLICON,PCR,METAGENOMIC,PAIRED,300,0,ILLUMINA,Illumina MiSeq,ERP120789,PRJEB37474,NA,630644,ERS4396930,SAMEA6635670,simple,1441287,mouse metagenome,SAMEA6635670,NA,NA,NA,NA,NA,NA,no,NA,NA,NA,NA,SICKKIDS RESEARCH INSTITUTE,ERA2421683,NA,public,39828F9A8C97D438963DACCC343FAC2F,ECFD631880A617095E3163F1934A4654,ERR4018870
ERR4018871,2020-05-05 11:02:07,2020-05-08 21:32:29,88257,44305014,88257,502,27,NA,https://sra-downloadb.be-md.ncbi.nlm.nih.gov/sos9/sra-pub-zq-922/ERR004/018/ERR4018871.sralite.1,ERX4020259,unspecified,AMPLICON,PCR,METAGENOMIC,PAIRED,300,0,ILLUMINA,Illumina MiSeq,ERP120789,PRJEB37474,NA,630644,ERS4396931,SAMEA6635671,simple,1441287,mouse metagenome,SAMEA6635671,NA,NA,NA,NA,NA,NA,no,NA,NA,NA,NA,SICKKIDS RESEARCH INSTITUTE,ERA2421683,NA,public,224BE9FF591765788DC54BAB6CE0261F,E953E96587F5765FE1DCA2DA155D3203,ERR4018871
ERR4018872,2020-05-05 11:02:07,2020-05-08 21:32:43,197921,99356342,197921,502,62,NA,https://sra-downloadb.be-md.ncbi.nlm.nih.gov/sos9/sra-pub-zq-922/ERR004/018/ERR4018872.sralite.1,ERX4020260,unspecified,AMPLICON,PCR,METAGENOMIC,PAIRED,300,0,ILLUMINA,Illumina MiSeq,ERP120789,PRJEB37474,NA,630644,ERS4396932,SAMEA6635672,simple,1441287,mouse metagenome,SAMEA6635672,NA,NA,NA,NA,NA,NA,no,NA,NA,NA,NA,SICKKIDS RESEARCH INSTITUTE,ERA2421683,NA,public,BEAAAC6E396552D24A4AA015A5858DF0,1EBCCF87118789DEAAADD36BE748A7C9,ERR4018872
ERR4018873,2020-05-05 11:02:07,2020-05-08 21:32:55,85775,43059050,85775,502,27,NA,https://sra-downloadb.be-md.ncbi.nlm.nih.gov/sos9/sra-pub-zq-922/ERR004/018/ERR4018873.sralite.1,ERX4020261,unspecified,AMPLICON,PCR,METAGENOMIC,PAIRED,300,0,ILLUMINA,Illumina MiSeq,ERP120789,PRJEB37474,NA,630644,ERS4396933,SAMEA6635673,simple,1441287,mouse metagenome,SAMEA6635673,NA,NA,NA,NA,NA,NA,no,NA,NA,NA,NA,SICKKIDS RESEARCH INSTITUTE,ERA2421683,NA,public,48C0A85B1247566BAB500A95B5189F8C,1D97C3ECFB383CA23746DBEBB4468F20,ERR4018873
ERR4018874,2020-05-05 11:02:07,2020-05-08 21:32:55,70775,35529050,70775,502,22,NA,https://sra-downloadb.be-md.ncbi.nlm.nih.gov/sos9/sra-pub-zq-922/ERR004/018/ERR4018874.sralite.1,ERX4020262,unspecified,AMPLICON,PCR,METAGENOMIC,PAIRED,300,0,ILLUMINA,Illumina MiSeq,ERP120789,PRJEB37474,NA,630644,ERS4396934,SAMEA6635674,simple,1441287,mouse metagenome,SAMEA6635674,NA,NA,NA,NA,NA,NA,no,NA,NA,NA,NA,SICKKIDS RESEARCH INSTITUTE,ERA2421683,NA,public,EE6594AABB7FD6C44541F5F85E3115EA,8BBFF83C7E248FD172E74FD70C11136F,ERR4018874
ERR4018875,2020-05-05 11:02:07,2020-05-08 21:33:08,130140,65330280,130140,502,41,NA,https://sra-downloadb.be-md.ncbi.nlm.nih.gov/sos9/sra-pub-zq-922/ERR004/018/ERR4018875.sralite.1,ERX4020263,unspecified,AMPLICON,PCR,METAGENOMIC,PAIRED,300,0,ILLUMINA,Illumina MiSeq,ERP120789,PRJEB37474,NA,630644,ERS4396935,SAMEA6635675,simple,1441287,mouse metagenome,SAMEA6635675,NA,NA,NA,NA,NA,NA,no,NA,NA,NA,NA,SICKKIDS RESEARCH INSTITUTE,ERA2421683,NA,public,E2F901FD114DDAD6F6BA29C11F6D56D6,0CAA699CAD2D1CAD87A8CFB6C02B277C,ERR4018875
ERR4018876,2020-05-05 11:02:07,2020-05-08 21:33:19,95047,47713594,95047,502,29,NA,https://sra-downloadb.be-md.ncbi.nlm.nih.gov/sos9/sra-pub-zq-922/ERR004/018/ERR4018876.sralite.1,ERX4020264,unspecified,AMPLICON,PCR,METAGENOMIC,PAIRED,300,0,ILLUMINA,Illumina MiSeq,ERP120789,PRJEB37474,NA,630644,ERS4396936,SAMEA6635676,simple,1441287,mouse metagenome,SAMEA6635676,NA,NA,NA,NA,NA,NA,no,NA,NA,NA,NA,SICKKIDS RESEARCH INSTITUTE,ERA2421683,NA,public,4D70F8ADE13C6F6CBB0B8AD34851C22C,07370185B804E5BD017B209ECA3322F4,ERR4018876
ERR4018877,2020-05-05 11:02:07,2020-05-08 21:33:19,115390,57925780,115390,502,36,NA,https://sra-downloadb.be-md.ncbi.nlm.nih.gov/sos9/sra-pub-zq-922/ERR004/018/ERR4018877.sralite.1,ERX4020265,unspecified,AMPLICON,PCR,METAGENOMIC,PAIRED,300,0,ILLUMINA,Illumina MiSeq,ERP120789,PRJEB37474,NA,630644,ERS4396937,SAMEA6635677,simple,1441287,mouse metagenome,SAMEA6635677,NA,NA,NA,NA,NA,NA,no,NA,NA,NA,NA,SICKKIDS RESEARCH INSTITUTE,ERA2421683,NA,public,0F88397F6D98BEA8C1691731021E4EC6,32182F30D37240D45E4EF5047E6C8E8E,ERR4018877
ERR4018878,2020-05-05 11:02:07,2020-05-08 21:33:32,113428,56940856,113428,502,35,NA,https://sra-downloadb.be-md.ncbi.nlm.nih.gov/sos9/sra-pub-zq-922/ERR004/018/ERR4018878.sralite.1,ERX4020266,unspecified,AMPLICON,PCR,METAGENOMIC,PAIRED,300,0,ILLUMINA,Illumina MiSeq,ERP120789,PRJEB37474,NA,630644,ERS4396938,SAMEA6635678,simple,1441287,mouse metagenome,SAMEA6635678,NA,NA,NA,NA,NA,NA,no,NA,NA,NA,NA,SICKKIDS RESEARCH INSTITUTE,ERA2421683,NA,public,71CB1CCDAA46AA6B7317E91D41FFFABB,844E91ED2701D9EAAE4DCE78D689175A,ERR4018878
SRR10084612,2019-11-12 21:16:58,2019-09-09 10:36:39,11639,5819500,11639,500,3,NA,https://sra-downloadb.be-md.ncbi.nlm.nih.gov/sos5/sra-pub-zq-14/SRR010/084/SRR10084612.sralite.1,SRX6817720,EtOH-Female-2.1.3,WGS,PCR,GENOMIC,PAIRED,0,0,ILLUMINA,Illumina MiSeq,SRP221011,PRJNA564343,NA,564343,SRS5361282,SAMN12710530,simple,1441287,mouse metagenome,8,NA,NA,NA,NA,NA,NA,no,NA,NA,NA,NA,UNIVERSITY OF TEXAS AT AUSTIN,SRA958317,NA,public,FCE12EE0B65515AA87B6A8EDFD2B255A,3DABF552CAF44941CA90E2691DA538F0,SRR10084612
SRR10084613,2019-11-12 21:16:58,2019-09-09 10:36:46,14275,7137500,14275,500,4,NA,https://sra-downloadb.be-md.ncbi.nlm.nih.gov/sos9/sra-pub-zq-922/SRR010/084/SRR10084613.sralite.1,SRX6817719,Ctl-Female-4.5.5,WGS,PCR,GENOMIC,PAIRED,0,0,ILLUMINA,Illumina MiSeq,SRP221011,PRJNA564343,NA,564343,SRS5361281,SAMN12710592,simple,1441287,mouse metagenome,70,NA,NA,NA,NA,NA,NA,no,NA,NA,NA,NA,UNIVERSITY OF TEXAS AT AUSTIN,SRA958317,NA,public,293AD8016202F4FEE3D78E9798E02157,5AD684D742B2BE4843D3CF1B5818A4DB,SRR10084613
SRR10084614,2019-11-12 21:16:58,2019-09-09 10:36:47,11358,5679000,11358,500,3,NA,https://sra-downloadb.be-md.ncbi.nlm.nih.gov/sos9/sra-pub-zq-922/SRR010/084/SRR10084614.sralite.1,SRX6817718,Ctl-Female-4.5.4,WGS,PCR,GENOMIC,PAIRED,0,0,ILLUMINA,Illumina MiSeq,SRP221011,PRJNA564343,NA,564343,SRS5361280,SAMN12710591,simple,1441287,mouse metagenome,69,NA,NA,NA,NA,NA,NA,no,NA,NA,NA,NA,UNIVERSITY OF TEXAS AT AUSTIN,SRA958317,NA,public,8B3C622F88771B88559C5955E73D504E,46FBA8B2BE09B8C92730F2657839D0D3,SRR10084614
SRR10084615,2019-11-12 21:16:58,2019-09-09 10:36:50,11134,5567000,11134,500,3,NA,https://sra-downloadb.be-md.ncbi.nlm.nih.gov/sos9/sra-pub-zq-922/SRR010/084/SRR10084615.sralite.1,SRX6817717,Ctl-Female-4.5.3,WGS,PCR,GENOMIC,PAIRED,0,0,ILLUMINA,Illumina MiSeq,SRP221011,PRJNA564343,NA,564343,SRS5361279,SAMN12710590,simple,1441287,mouse metagenome,68,NA,NA,NA,NA,NA,NA,no,NA,NA,NA,NA,UNIVERSITY OF TEXAS AT AUSTIN,SRA958317,NA,public,2787BA57FDD58B52D060CB8CA7DEB39B,6315C3D812DA173F1D37F234F4F95646,SRR10084615
SRR10084616,2019-11-12 21:16:58,2019-09-09 10:36:46,5420,2710000,5420,500,1,NA,https://sra-downloadb.be-md.ncbi.nlm.nih.gov/sos9/sra-pub-zq-922/SRR010/084/SRR10084616.sralite.1,SRX6817716,Ctl-Female-4.5.2,WGS,PCR,GENOMIC,PAIRED,0,0,ILLUMINA,Illumina MiSeq,SRP221011,PRJNA564343,NA,564343,SRS5361278,SAMN12710589,simple,1441287,mouse metagenome,67,NA,NA,NA,NA,NA,NA,no,NA,NA,NA,NA,UNIVERSITY OF TEXAS AT AUSTIN,SRA958317,NA,public,204B371C6D41EAC97EEA609F4E885BE3,CF4F3EE0EFDC723DD40EB8580AED0C17,SRR10084616
SRR10084617,2019-11-12 21:16:58,2019-09-09 10:36:55,12482,6241000,12482,500,3,NA,https://sra-downloadb.be-md.ncbi.nlm.nih.gov/sos9/sra-pub-zq-922/SRR010/084/SRR10084617.sralite.1,SRX6817715,Ctl-Female-4.5.1,WGS,PCR,GENOMIC,PAIRED,0,0,ILLUMINA,Illumina MiSeq,SRP221011,PRJNA564343,NA,564343,SRS5361277,SAMN12710588,simple,1441287,mouse metagenome,66,NA,NA,NA,NA,NA,NA,no,NA,NA,NA,NA,UNIVERSITY OF TEXAS AT AUSTIN,SRA958317,NA,public,8C3C558E805B963623D916E6A0A5EA10,527820DAF135237B154F6C1977D5C487,SRR10084617
SRR10084618,2019-11-12 21:16:58,2019-09-09 10:37:01,11764,5882000,11764,500,3,NA,https://sra-downloadb.be-md.ncbi.nlm.nih.gov/sos9/sra-pub-zq-922/SRR010/084/SRR10084618.sralite.1,SRX6817714,EtOH-Male-1.5.5,WGS,PCR,GENOMIC,PAIRED,0,0,ILLUMINA,Illumina MiSeq,SRP221011,PRJNA564343,NA,564343,SRS5361276,SAMN12710587,simple,1441287,mouse metagenome,65,NA,NA,NA,NA,NA,NA,no,NA,NA,NA,NA,UNIVERSITY OF TEXAS AT AUSTIN,SRA958317,NA,public,73EFF7707C7CA224D6D4D8FF45976B7A,1683D837B640AE03E68AF7943D3C68F1,SRR10084618
SRR10084619,2019-11-12 21:16:58,2019-09-09 10:37:02,11931,5965500,11931,500,3,NA,https://sra-downloadb.be-md.ncbi.nlm.nih.gov/sos9/sra-pub-zq-922/SRR010/084/SRR10084619.sralite.1,SRX6817713,EtOH-Male-1.5.4,WGS,PCR,GENOMIC,PAIRED,0,0,ILLUMINA,Illumina MiSeq,SRP221011,PRJNA564343,NA,564343,SRS5361275,SAMN12710586,simple,1441287,mouse metagenome,64,NA,NA,NA,NA,NA,NA,no,NA,NA,NA,NA,UNIVERSITY OF TEXAS AT AUSTIN,SRA958317,NA,public,0AE4F26EBCA0E5C29CECD58CF991F0DA,8C3B0ED79F2B993A427D888CC7B29881,SRR10084619
SRR10084620,2019-11-12 21:16:58,2019-09-09 10:37:04,10002,5001000,10002,500,3,NA,https://sra-downloadb.be-md.ncbi.nlm.nih.gov/sos9/sra-pub-zq-922/SRR010/084/SRR10084620.sralite.1,SRX6817712,EtOH-Male-1.5.3,WGS,PCR,GENOMIC,PAIRED,0,0,ILLUMINA,Illumina MiSeq,SRP221011,PRJNA564343,NA,564343,SRS5361274,SAMN12710585,simple,1441287,mouse metagenome,63,NA,NA,NA,NA,NA,NA,no,NA,NA,NA,NA,UNIVERSITY OF TEXAS AT AUSTIN,SRA958317,NA,public,4FF6470B7B623151FF85AF669E385693,078C5693F378D75F2CD88946A54D59B6,SRR10084620
SRR10084621,2019-11-12 21:16:58,2019-09-09 10:37:05,9637,4818500,9637,500,2,NA,https://sra-downloadb.be-md.ncbi.nlm.nih.gov/sos9/sra-pub-zq-922/SRR010/084/SRR10084621.sralite.1,SRX6817711,EtOH-Male-1.5.2,WGS,PCR,GENOMIC,PAIRED,0,0,ILLUMINA,Illumina MiSeq,SRP221011,PRJNA564343,NA,564343,SRS5361273,SAMN12710584,simple,1441287,mouse metagenome,62,NA,NA,NA,NA,NA,NA,no,NA,NA,NA,NA,UNIVERSITY OF TEXAS AT AUSTIN,SRA958317,NA,public,C0EC6D5B460AD2F233A447A4BAE154FB,FBB807DCC9E3DA13AC3F65F77D0C4622,SRR10084621
SRR10084622,2019-11-12 21:16:58,2019-09-09 10:37:05,11322,5661000,11322,500,3,NA,https://sra-downloadb.be-md.ncbi.nlm.nih.gov/sos9/sra-pub-zq-922/SRR010/084/SRR10084622.sralite.1,SRX6817710,EtOH-Male-1.5.1,WGS,PCR,GENOMIC,PAIRED,0,0,ILLUMINA,Illumina MiSeq,SRP221011,PRJNA564343,NA,564343,SRS5361272,SAMN12710583,simple,1441287,mouse metagenome,61,NA,NA,NA,NA,NA,NA,no,NA,NA,NA,NA,UNIVERSITY OF TEXAS AT AUSTIN,SRA958317,NA,public,8AF956F31D02D910FFFCD1FADF9DA2A3,0643F504CCAE7894B3CA8682340526EE,SRR10084622
SRR10084623,2019-11-12 21:16:58,2019-09-09 10:37:05,7834,3917000,7834,500,2,NA,https://sra-downloadb.be-md.ncbi.nlm.nih.gov/sos9/sra-pub-zq-922/SRR010/084/SRR10084623.sralite.1,SRX6817709,EtOH-Female-2.1.2,WGS,PCR,GENOMIC,PAIRED,0,0,ILLUMINA,Illumina MiSeq,SRP221011,PRJNA564343,NA,564343,SRS5361271,SAMN12710529,simple,1441287,mouse metagenome,7,NA,NA,NA,NA,NA,NA,no,NA,NA,NA,NA,UNIVERSITY OF TEXAS AT AUSTIN,SRA958317,NA,public,6CCD52F18019FD3831A2244C36D66A5A,1C311B4004BEBAD34F75E9B508B25944,SRR10084623
SRR10084624,2019-11-12 21:16:58,2019-09-09 10:37:19,16468,8234000,16468,500,4,NA,https://sra-downloadb.be-md.ncbi.nlm.nih.gov/sos9/sra-pub-zq-922/SRR010/084/SRR10084624.sralite.1,SRX6817708,Ctl-Female-4.4.5,WGS,PCR,GENOMIC,PAIRED,0,0,ILLUMINA,Illumina MiSeq,SRP221011,PRJNA564343,NA,564343,SRS5361270,SAMN12710582,simple,1441287,mouse metagenome,60,NA,NA,NA,NA,NA,NA,no,NA,NA,NA,NA,UNIVERSITY OF TEXAS AT AUSTIN,SRA958317,NA,public,A84132C8A9A2564B44EBDEACDBFB8B33,8712F6059AFA52B58F2AC17A262B4021,SRR10084624
SRR10084625,2019-11-12 21:16:58,2019-09-09 10:37:22,13498,6749000,13498,500,4,NA,https://sra-downloadb.be-md.ncbi.nlm.nih.gov/sos9/sra-pub-zq-922/SRR010/084/SRR10084625.sralite.1,SRX6817707,Ctl-Female-4.4.4,WGS,PCR,GENOMIC,PAIRED,0,0,ILLUMINA,Illumina MiSeq,SRP221011,PRJNA564343,NA,564343,SRS5361269,SAMN12710581,simple,1441287,mouse metagenome,59,NA,NA,NA,NA,NA,NA,no,NA,NA,NA,NA,UNIVERSITY OF TEXAS AT AUSTIN,SRA958317,NA,public,B56132E7807FBAF99B5887B4449A6C29,AF22275457A1CF965E56F1B75EB7A2F1,SRR10084625
SRR10084626,2019-11-12 21:16:58,2019-09-09 10:37:17,13981,6990500,13981,500,4,NA,https://sra-downloadb.be-md.ncbi.nlm.nih.gov/sos9/sra-pub-zq-922/SRR010/084/SRR10084626.sralite.1,SRX6817706,Ctl-Female-4.4.3,WGS,PCR,GENOMIC,PAIRED,0,0,ILLUMINA,Illumina MiSeq,SRP221011,PRJNA564343,NA,564343,SRS5361268,SAMN12710580,simple,1441287,mouse metagenome,58,NA,NA,NA,NA,NA,NA,no,NA,NA,NA,NA,UNIVERSITY OF TEXAS AT AUSTIN,SRA958317,NA,public,A5930AC98FAF2750BACEBF66FE765D86,A4EFDF70E744498AA5558892B70C7859,SRR10084626
SRR10084627,2019-11-12 21:16:58,2019-09-09 10:37:29,21378,10689000,21378,500,6,NA,https://sra-downloadb.be-md.ncbi.nlm.nih.gov/sos5/sra-pub-zq-14/SRR010/084/SRR10084627.sralite.1,SRX6817705,Ctl-Female-4.4.2,WGS,PCR,GENOMIC,PAIRED,0,0,ILLUMINA,Illumina MiSeq,SRP221011,PRJNA564343,NA,564343,SRS5361267,SAMN12710579,simple,1441287,mouse metagenome,57,NA,NA,NA,NA,NA,NA,no,NA,NA,NA,NA,UNIVERSITY OF TEXAS AT AUSTIN,SRA958317,NA,public,4FD34E1401C54FD6FDCF67DA5B4DDC15,91F3ECB5296AE51305794B0057D17A53,SRR10084627
SRR10084628,2019-11-12 21:16:58,2019-09-09 10:37:24,17728,8864000,17728,500,5,NA,https://sra-downloadb.be-md.ncbi.nlm.nih.gov/sos9/sra-pub-zq-922/SRR010/084/SRR10084628.sralite.1,SRX6817704,Ctl-Female-4.4.1,WGS,PCR,GENOMIC,PAIRED,0,0,ILLUMINA,Illumina MiSeq,SRP221011,PRJNA564343,NA,564343,SRS5361266,SAMN12710578,simple,1441287,mouse metagenome,56,NA,NA,NA,NA,NA,NA,no,NA,NA,NA,NA,UNIVERSITY OF TEXAS AT AUSTIN,SRA958317,NA,public,CB7B92954CA28CE199583EB60CC9B2C6,A8F3018D69FF7647612A7E8D2CE35E92,SRR10084628
SRR10084629,2019-11-12 21:16:58,2019-09-09 10:37:18,6045,3022500,6045,500,2,NA,https://sra-downloadb.be-md.ncbi.nlm.nih.gov/sos9/sra-pub-zq-922/SRR010/084/SRR10084629.sralite.1,SRX6817703,Ctl-Male-3.3.5,WGS,PCR,GENOMIC,PAIRED,0,0,ILLUMINA,Illumina MiSeq,SRP221011,PRJNA564343,NA,564343,SRS5361265,SAMN12710577,simple,1441287,mouse metagenome,55,NA,NA,NA,NA,NA,NA,no,NA,NA,NA,NA,UNIVERSITY OF TEXAS AT AUSTIN,SRA958317,NA,public,3AFED43A3BDE4D277F652C1332F5AAE1,5587ACA29FA0F0E1BF87575191BCE5AD,SRR10084629
SRR10084630,2019-11-12 21:16:58,2019-09-09 10:37:25,12062,6031000,12062,500,3,NA,https://sra-downloadb.be-md.ncbi.nlm.nih.gov/sos5/sra-pub-zq-14/SRR010/084/SRR10084630.sralite.1,SRX6817702,Ctl-Male-3.3.4,WGS,PCR,GENOMIC,PAIRED,0,0,ILLUMINA,Illumina MiSeq,SRP221011,PRJNA564343,NA,564343,SRS5361264,SAMN12710576,simple,1441287,mouse metagenome,54,NA,NA,NA,NA,NA,NA,no,NA,NA,NA,NA,UNIVERSITY OF TEXAS AT AUSTIN,SRA958317,NA,public,07243334DA8E0EABBE7F337D46479808,1D33E6E2D1C58CB88A5AB276FB3BDE31,SRR10084630
SRR10084631,2019-11-12 21:16:58,2019-09-09 10:37:23,10251,5125500,10251,500,2,NA,https://sra-downloadb.be-md.ncbi.nlm.nih.gov/sos9/sra-pub-zq-922/SRR010/084/SRR10084631.sralite.1,SRX6817701,Ctl-Male-3.3.3,WGS,PCR,GENOMIC,PAIRED,0,0,ILLUMINA,Illumina MiSeq,SRP221011,PRJNA564343,NA,564343,SRS5361263,SAMN12710575,simple,1441287,mouse metagenome,53,NA,NA,NA,NA,NA,NA,no,NA,NA,NA,NA,UNIVERSITY OF TEXAS AT AUSTIN,SRA958317,NA,public,0B328AA816A8BD0ABA6D2DC42F424AE9,106ED29ADD4EDBCE36412FBF79A59C33,SRR10084631
SRR10084632,2019-11-12 21:16:58,2019-09-09 10:37:23,10855,5427500,10855,500,3,NA,https://sra-downloadb.be-md.ncbi.nlm.nih.gov/sos9/sra-pub-zq-922/SRR010/084/SRR10084632.sralite.1,SRX6817700,Ctl-Male-3.3.2,WGS,PCR,GENOMIC,PAIRED,0,0,ILLUMINA,Illumina MiSeq,SRP221011,PRJNA564343,NA,564343,SRS5361262,SAMN12710574,simple,1441287,mouse metagenome,52,NA,NA,NA,NA,NA,NA,no,NA,NA,NA,NA,UNIVERSITY OF TEXAS AT AUSTIN,SRA958317,NA,public,223349745532813AC3806FE338492947,3E4393CDBDB97691E124655F8A4F2D9C,SRR10084632
SRR10084633,2019-11-12 21:16:58,2019-09-09 10:37:28,7974,3987000,7974,500,2,NA,https://sra-downloadb.be-md.ncbi.nlm.nih.gov/sos5/sra-pub-zq-14/SRR010/084/SRR10084633.sralite.1,SRX6817699,Ctl-Male-3.3.1,WGS,PCR,GENOMIC,PAIRED,0,0,ILLUMINA,Illumina MiSeq,SRP221011,PRJNA564343,NA,564343,SRS5361261,SAMN12710573,simple,1441287,mouse metagenome,51,NA,NA,NA,NA,NA,NA,no,NA,NA,NA,NA,UNIVERSITY OF TEXAS AT AUSTIN,SRA958317,NA,public,FB53E54D5A77419317C0D8DA101900EC,95EA48EDE089D7B87790E97DD69193D2,SRR10084633
SRR10084634,2019-11-12 21:16:58,2019-09-09 10:37:36,14157,7078500,14157,500,4,NA,https://sra-downloadb.be-md.ncbi.nlm.nih.gov/sos9/sra-pub-zq-922/SRR010/084/SRR10084634.sralite.1,SRX6817698,EtOH-Female-2.1.1,WGS,PCR,GENOMIC,PAIRED,0,0,ILLUMINA,Illumina MiSeq,SRP221011,PRJNA564343,NA,564343,SRS5361260,SAMN12710528,simple,1441287,mouse metagenome,6,NA,NA,NA,NA,NA,NA,no,NA,NA,NA,NA,UNIVERSITY OF TEXAS AT AUSTIN,SRA958317,NA,public,E3CD5C9FC359548F3621AA0B4F3E27E4,352A8EC4C3DD6DA6A694108CCA3BAB25,SRR10084634
SRR10084635,2019-11-12 21:16:58,2019-09-09 10:37:43,16497,8248500,16497,500,4,NA,https://sra-downloadb.be-md.ncbi.nlm.nih.gov/sos5/sra-pub-zq-14/SRR010/084/SRR10084635.sralite.1,SRX6817697,EtOH-Female-2.3.5,WGS,PCR,GENOMIC,PAIRED,0,0,ILLUMINA,Illumina MiSeq,SRP221011,PRJNA564343,NA,564343,SRS5361259,SAMN12710572,simple,1441287,mouse metagenome,50,NA,NA,NA,NA,NA,NA,no,NA,NA,NA,NA,UNIVERSITY OF TEXAS AT AUSTIN,SRA958317,NA,public,586856C7F520B60A0AE44981D9960918,7CC6A0EABDC2C7CEEA6C6DFAB86A96AE,SRR10084635
SRR10084636,2019-11-12 21:16:58,2019-09-09 10:37:40,14862,7431000,14862,500,4,NA,https://sra-downloadb.be-md.ncbi.nlm.nih.gov/sos5/sra-pub-zq-14/SRR010/084/SRR10084636.sralite.1,SRX6817696,EtOH-Female-2.3.4,WGS,PCR,GENOMIC,PAIRED,0,0,ILLUMINA,Illumina MiSeq,SRP221011,PRJNA564343,NA,564343,SRS5361258,SAMN12710571,simple,1441287,mouse metagenome,49,NA,NA,NA,NA,NA,NA,no,NA,NA,NA,NA,UNIVERSITY OF TEXAS AT AUSTIN,SRA958317,NA,public,0D4028144651B98B0AEEBF5E9012B371,4E2EC2E2CCDA7D38FED823E7F7E303C3,SRR10084636
SRR10084637,2019-11-12 21:16:58,2019-09-09 10:37:43,20494,10247000,20494,500,5,NA,https://sra-downloadb.be-md.ncbi.nlm.nih.gov/sos5/sra-pub-zq-14/SRR010/084/SRR10084637.sralite.1,SRX6817695,EtOH-Female-2.3.3,WGS,PCR,GENOMIC,PAIRED,0,0,ILLUMINA,Illumina MiSeq,SRP221011,PRJNA564343,NA,564343,SRS5361257,SAMN12710570,simple,1441287,mouse metagenome,48,NA,NA,NA,NA,NA,NA,no,NA,NA,NA,NA,UNIVERSITY OF TEXAS AT AUSTIN,SRA958317,NA,public,0A35CDB9328F7EA8E7234B72AA7874FE,D7E95598E782C3A92CC5B9BE809D32CA,SRR10084637
SRR10084638,2019-11-12 21:16:58,2019-09-09 10:37:37,13154,6577000,13154,500,3,NA,https://sra-downloadb.be-md.ncbi.nlm.nih.gov/sos9/sra-pub-zq-922/SRR010/084/SRR10084638.sralite.1,SRX6817694,EtOH-Female-2.3.2,WGS,PCR,GENOMIC,PAIRED,0,0,ILLUMINA,Illumina MiSeq,SRP221011,PRJNA564343,NA,564343,SRS5361256,SAMN12710569,simple,1441287,mouse metagenome,47,NA,NA,NA,NA,NA,NA,no,NA,NA,NA,NA,UNIVERSITY OF TEXAS AT AUSTIN,SRA958317,NA,public,04365AE7FDF9EA180C535423343F580D,2C10747BDD285184B38B38DC5CAA47BD,SRR10084638
SRR10084639,2019-11-12 21:16:58,2019-09-09 10:37:38,14865,7432500,14865,500,4,NA,https://sra-downloadb.be-md.ncbi.nlm.nih.gov/sos9/sra-pub-zq-922/SRR010/084/SRR10084639.sralite.1,SRX6817693,EtOH-Female-2.3.1,WGS,PCR,GENOMIC,PAIRED,0,0,ILLUMINA,Illumina MiSeq,SRP221011,PRJNA564343,NA,564343,SRS5361255,SAMN12710568,simple,1441287,mouse metagenome,46,NA,NA,NA,NA,NA,NA,no,NA,NA,NA,NA,UNIVERSITY OF TEXAS AT AUSTIN,SRA958317,NA,public,1BDA7D7C695070ADC5A39C66ECDBF4CB,7CF207A1CDF35CEBB69B6A432B1DC2A2,SRR10084639
SRR10084640,2019-11-12 21:16:58,2019-09-09 10:37:41,15007,7503500,15007,500,4,NA,https://sra-downloadb.be-md.ncbi.nlm.nih.gov/sos5/sra-pub-zq-14/SRR010/084/SRR10084640.sralite.1,SRX6817692,EtOH-Male-1.3.5,WGS,PCR,GENOMIC,PAIRED,0,0,ILLUMINA,Illumina MiSeq,SRP221011,PRJNA564343,NA,564343,SRS5361254,SAMN12710567,simple,1441287,mouse metagenome,45,NA,NA,NA,NA,NA,NA,no,NA,NA,NA,NA,UNIVERSITY OF TEXAS AT AUSTIN,SRA958317,NA,public,71E4698B38479305B695774B8E4B543A,F264837D11FC537BF832ACE655CAD1E4,SRR10084640
SRR10084641,2019-11-12 21:16:58,2019-09-09 10:37:49,14185,7092500,14185,500,4,NA,https://sra-downloadb.be-md.ncbi.nlm.nih.gov/sos5/sra-pub-zq-14/SRR010/084/SRR10084641.sralite.1,SRX6817691,EtOH-Male-1.3.4,WGS,PCR,GENOMIC,PAIRED,0,0,ILLUMINA,Illumina MiSeq,SRP221011,PRJNA564343,NA,564343,SRS5361253,SAMN12710566,simple,1441287,mouse metagenome,44,NA,NA,NA,NA,NA,NA,no,NA,NA,NA,NA,UNIVERSITY OF TEXAS AT AUSTIN,SRA958317,NA,public,4C5E16A42B5473C4098BB765F5E6FE62,78407AFAA1A4336E629937F87C517BF4,SRR10084641
SRR10084642,2019-11-12 21:16:58,2019-09-09 10:37:39,7249,3624500,7249,500,2,NA,https://sra-downloadb.be-md.ncbi.nlm.nih.gov/sos9/sra-pub-zq-922/SRR010/084/SRR10084642.sralite.1,SRX6817690,EtOH-Male-1.3.3,WGS,PCR,GENOMIC,PAIRED,0,0,ILLUMINA,Illumina MiSeq,SRP221011,PRJNA564343,NA,564343,SRS5361252,SAMN12710565,simple,1441287,mouse metagenome,43,NA,NA,NA,NA,NA,NA,no,NA,NA,NA,NA,UNIVERSITY OF TEXAS AT AUSTIN,SRA958317,NA,public,C2075B9807303A2B840775AD77374252,D25FB1740430D093F49641C5380F10F4,SRR10084642
SRR10084643,2019-11-12 21:16:58,2019-09-09 10:37:48,14248,7124000,14248,500,4,NA,https://sra-downloadb.be-md.ncbi.nlm.nih.gov/sos5/sra-pub-zq-14/SRR010/084/SRR10084643.sralite.1,SRX6817689,EtOH-Male-1.3.2,WGS,PCR,GENOMIC,PAIRED,0,0,ILLUMINA,Illumina MiSeq,SRP221011,PRJNA564343,NA,564343,SRS5361251,SAMN12710564,simple,1441287,mouse metagenome,42,NA,NA,NA,NA,NA,NA,no,NA,NA,NA,NA,UNIVERSITY OF TEXAS AT AUSTIN,SRA958317,NA,public,1F75EB056B52287A87F04062D812ECC5,069DCB68A9D3956CB8AB50FB0E6F47A9,SRR10084643
SRR10084644,2019-11-12 21:16:58,2019-09-09 10:37:50,14929,7464500,14929,500,4,NA,https://sra-downloadb.be-md.ncbi.nlm.nih.gov/sos5/sra-pub-zq-14/SRR010/084/SRR10084644.sralite.1,SRX6817688,EtOH-Male-1.3.1,WGS,PCR,GENOMIC,PAIRED,0,0,ILLUMINA,Illumina MiSeq,SRP221011,PRJNA564343,NA,564343,SRS5361250,SAMN12710563,simple,1441287,mouse metagenome,41,NA,NA,NA,NA,NA,NA,no,NA,NA,NA,NA,UNIVERSITY OF TEXAS AT AUSTIN,SRA958317,NA,public,DDF57BE4E504848EE4464B95F538B4F2,A7AC7834D38E6F3707DE7045BCC20AC4,SRR10084644
SRR10084645,2019-11-12 21:16:58,2019-09-09 10:37:51,14925,7462500,14925,500,4,NA,https://sra-downloadb.be-md.ncbi.nlm.nih.gov/sos5/sra-pub-zq-14/SRR010/084/SRR10084645.sralite.1,SRX6817687,EtOH-Male-1.1.5,WGS,PCR,GENOMIC,PAIRED,0,0,ILLUMINA,Illumina MiSeq,SRP221011,PRJNA564343,NA,564343,SRS5361249,SAMN12710527,simple,1441287,mouse metagenome,5,NA,NA,NA,NA,NA,NA,no,NA,NA,NA,NA,UNIVERSITY OF TEXAS AT AUSTIN,SRA958317,NA,public,816531A725CAE7F52683C01224413C10,0543CEAF1B9587B43347B7E06F49B1BE,SRR10084645
SRR10084646,2019-11-12 21:16:58,2019-09-09 10:37:52,13366,6683000,13366,500,3,NA,https://sra-downloadb.be-md.ncbi.nlm.nih.gov/sos5/sra-pub-zq-14/SRR010/084/SRR10084646.sralite.1,SRX6817686,Ctl-Female-4.3.5,WGS,PCR,GENOMIC,PAIRED,0,0,ILLUMINA,Illumina MiSeq,SRP221011,PRJNA564343,NA,564343,SRS5361248,SAMN12710562,simple,1441287,mouse metagenome,40,NA,NA,NA,NA,NA,NA,no,NA,NA,NA,NA,UNIVERSITY OF TEXAS AT AUSTIN,SRA958317,NA,public,0236631B9681C007996578EE3A8872AE,4793306336B4A49FC1873E3628112FA9,SRR10084646
SRR10084647,2019-11-12 21:16:58,2019-09-09 10:37:51,14540,7270000,14540,500,4,NA,https://sra-downloadb.be-md.ncbi.nlm.nih.gov/sos5/sra-pub-zq-14/SRR010/084/SRR10084647.sralite.1,SRX6817685,Ctl-Female-4.3.4,WGS,PCR,GENOMIC,PAIRED,0,0,ILLUMINA,Illumina MiSeq,SRP221011,PRJNA564343,NA,564343,SRS5361247,SAMN12710561,simple,1441287,mouse metagenome,39,NA,NA,NA,NA,NA,NA,no,NA,NA,NA,NA,UNIVERSITY OF TEXAS AT AUSTIN,SRA958317,NA,public,15DE3DF0D958809C2D0A3A988AAA78E4,91397F995FD1748DBDA8ACE3B5F58FEB,SRR10084647
SRR10084648,2019-11-12 21:16:58,2019-09-09 10:37:55,16651,8325500,16651,500,4,NA,https://sra-downloadb.be-md.ncbi.nlm.nih.gov/sos9/sra-pub-zq-922/SRR010/084/SRR10084648.sralite.1,SRX6817684,Ctl-Female-4.3.3,WGS,PCR,GENOMIC,PAIRED,0,0,ILLUMINA,Illumina MiSeq,SRP221011,PRJNA564343,NA,564343,SRS5361246,SAMN12710560,simple,1441287,mouse metagenome,38,NA,NA,NA,NA,NA,NA,no,NA,NA,NA,NA,UNIVERSITY OF TEXAS AT AUSTIN,SRA958317,NA,public,44D8D266EEA7144C83D485E7E4734FF0,8CCAD98F71DBC8E962F3836670AC9672,SRR10084648
SRR10084649,2019-11-12 21:16:58,2019-09-09 10:37:56,12885,6442500,12885,500,3,NA,https://sra-downloadb.be-md.ncbi.nlm.nih.gov/sos9/sra-pub-zq-922/SRR010/084/SRR10084649.sralite.1,SRX6817683,Ctl-Female-4.3.2,WGS,PCR,GENOMIC,PAIRED,0,0,ILLUMINA,Illumina MiSeq,SRP221011,PRJNA564343,NA,564343,SRS5361245,SAMN12710559,simple,1441287,mouse metagenome,37,NA,NA,NA,NA,NA,NA,no,NA,NA,NA,NA,UNIVERSITY OF TEXAS AT AUSTIN,SRA958317,NA,public,F6BDE3A6F9271856EDE3275293F16F8B,BC6FD4A917D5B5891F8B9B0D69AE5A74,SRR10084649
SRR10084650,2019-11-12 21:16:58,2019-09-09 10:37:57,12044,6022000,12044,500,3,NA,https://sra-downloadb.be-md.ncbi.nlm.nih.gov/sos9/sra-pub-zq-922/SRR010/084/SRR10084650.sralite.1,SRX6817682,Ctl-Female-4.3.1,WGS,PCR,GENOMIC,PAIRED,0,0,ILLUMINA,Illumina MiSeq,SRP221011,PRJNA564343,NA,564343,SRS5361244,SAMN12710558,simple,1441287,mouse metagenome,36,NA,NA,NA,NA,NA,NA,no,NA,NA,NA,NA,UNIVERSITY OF TEXAS AT AUSTIN,SRA958317,NA,public,12F651EE178A1020265607A607D772CE,EE54019F95CFE0B2044C250A72E148F2,SRR10084650
SRR10084651,2019-11-12 21:16:58,2019-09-09 10:37:56,13060,6530000,13060,500,3,NA,https://sra-downloadb.be-md.ncbi.nlm.nih.gov/sos9/sra-pub-zq-922/SRR010/084/SRR10084651.sralite.1,SRX6817681,Ctl-Male-3.2.5,WGS,PCR,GENOMIC,PAIRED,0,0,ILLUMINA,Illumina MiSeq,SRP221011,PRJNA564343,NA,564343,SRS5361243,SAMN12710557,simple,1441287,mouse metagenome,35,NA,NA,NA,NA,NA,NA,no,NA,NA,NA,NA,UNIVERSITY OF TEXAS AT AUSTIN,SRA958317,NA,public,5BB48C09301F81C17F9570E1A0294395,A86FD50B75D59BE476397D2BEC50C69D,SRR10084651
SRR10084652,2019-11-12 21:16:58,2019-09-09 10:37:59,14716,7358000,14716,500,4,NA,https://sra-downloadb.be-md.ncbi.nlm.nih.gov/sos9/sra-pub-zq-922/SRR010/084/SRR10084652.sralite.1,SRX6817680,Ctl-Male-3.2.4,WGS,PCR,GENOMIC,PAIRED,0,0,ILLUMINA,Illumina MiSeq,SRP221011,PRJNA564343,NA,564343,SRS5361242,SAMN12710556,simple,1441287,mouse metagenome,34,NA,NA,NA,NA,NA,NA,no,NA,NA,NA,NA,UNIVERSITY OF TEXAS AT AUSTIN,SRA958317,NA,public,4C05FF522631A1E0A452E004258A59A7,EC9C29DE06092B25A5EF1BEB6F6DE7F8,SRR10084652
SRR10084653,2019-11-12 21:16:58,2019-09-09 10:37:57,12016,6008000,12016,500,3,NA,https://sra-downloadb.be-md.ncbi.nlm.nih.gov/sos9/sra-pub-zq-922/SRR010/084/SRR10084653.sralite.1,SRX6817679,Ctl-Male-3.2.3,WGS,PCR,GENOMIC,PAIRED,0,0,ILLUMINA,Illumina MiSeq,SRP221011,PRJNA564343,NA,564343,SRS5361241,SAMN12710555,simple,1441287,mouse metagenome,33,NA,NA,NA,NA,NA,NA,no,NA,NA,NA,NA,UNIVERSITY OF TEXAS AT AUSTIN,SRA958317,NA,public,7B78A958A50F6401DFB5A9E1A902617A,53842F0BBFAE3C2A8DEF7AB490C7F76C,SRR10084653
SRR10084654,2019-11-12 21:16:58,2019-09-09 10:38:01,12851,6425500,12851,500,3,NA,https://sra-downloadb.be-md.ncbi.nlm.nih.gov/sos9/sra-pub-zq-922/SRR010/084/SRR10084654.sralite.1,SRX6817678,Ctl-Male-3.2.2,WGS,PCR,GENOMIC,PAIRED,0,0,ILLUMINA,Illumina MiSeq,SRP221011,PRJNA564343,NA,564343,SRS5361240,SAMN12710554,simple,1441287,mouse metagenome,32,NA,NA,NA,NA,NA,NA,no,NA,NA,NA,NA,UNIVERSITY OF TEXAS AT AUSTIN,SRA958317,NA,public,81E507CBC43733D9C036401F2FF82BD8,092D7334403EA260DD8C7BE911D32040,SRR10084654
SRR10084655,2019-11-12 21:16:58,2019-09-09 10:38:01,5540,2770000,5540,500,1,NA,https://sra-downloadb.be-md.ncbi.nlm.nih.gov/sos9/sra-pub-zq-922/SRR010/084/SRR10084655.sralite.1,SRX6817677,Ctl-Male-3.2.1,WGS,PCR,GENOMIC,PAIRED,0,0,ILLUMINA,Illumina MiSeq,SRP221011,PRJNA564343,NA,564343,SRS5361239,SAMN12710553,simple,1441287,mouse metagenome,31,NA,NA,NA,NA,NA,NA,no,NA,NA,NA,NA,UNIVERSITY OF TEXAS AT AUSTIN,SRA958317,NA,public,56E668B71CE3D2F6B653CCA602297DF1,87010E5BE379C4C0B93B99A6FEE69795,SRR10084655
SRR10084656,2019-11-12 21:16:58,2019-09-09 10:38:01,14731,7365500,14731,500,4,NA,https://sra-downloadb.be-md.ncbi.nlm.nih.gov/sos9/sra-pub-zq-922/SRR010/084/SRR10084656.sralite.1,SRX6817676,EtOH-Male-1.1.4,WGS,PCR,GENOMIC,PAIRED,0,0,ILLUMINA,Illumina MiSeq,SRP221011,PRJNA564343,NA,564343,SRS5361238,SAMN12710526,simple,1441287,mouse metagenome,4,NA,NA,NA,NA,NA,NA,no,NA,NA,NA,NA,UNIVERSITY OF TEXAS AT AUSTIN,SRA958317,NA,public,DBF7B02FC1130AA6728A8BAD3F387B7A,4A3B840AAE0CD0546DCB765B931C44C2,SRR10084656
SRR10084657,2019-11-12 21:16:58,2019-09-09 10:38:01,12168,6084000,12168,500,3,NA,https://sra-downloadb.be-md.ncbi.nlm.nih.gov/sos9/sra-pub-zq-922/SRR010/084/SRR10084657.sralite.1,SRX6817675,EtOH-Female-2.2.5,WGS,PCR,GENOMIC,PAIRED,0,0,ILLUMINA,Illumina MiSeq,SRP221011,PRJNA564343,NA,564343,SRS5361237,SAMN12710552,simple,1441287,mouse metagenome,30,NA,NA,NA,NA,NA,NA,no,NA,NA,NA,NA,UNIVERSITY OF TEXAS AT AUSTIN,SRA958317,NA,public,78D3ABC3CC862BD05401B46D2F5ED0E6,38FD92ABD6AB04B5023A20A34F0A6C9B,SRR10084657
SRR10084658,2019-11-12 21:16:58,2019-09-09 10:38:09,13562,6781000,13562,500,3,NA,https://sra-downloadb.be-md.ncbi.nlm.nih.gov/sos9/sra-pub-zq-922/SRR010/084/SRR10084658.sralite.1,SRX6817674,EtOH-Female-2.2.4,WGS,PCR,GENOMIC,PAIRED,0,0,ILLUMINA,Illumina MiSeq,SRP221011,PRJNA564343,NA,564343,SRS5361236,SAMN12710551,simple,1441287,mouse metagenome,29,NA,NA,NA,NA,NA,NA,no,NA,NA,NA,NA,UNIVERSITY OF TEXAS AT AUSTIN,SRA958317,NA,public,E5DA6C4D6565205E044BABB68EF2136D,EA1C251CD72F1ED054456959E751F2D9,SRR10084658
SRR10084659,2019-11-12 21:16:57,2019-09-09 10:38:04,13221,6610500,13221,500,3,NA,https://sra-downloadb.be-md.ncbi.nlm.nih.gov/sos9/sra-pub-zq-922/SRR010/084/SRR10084659.sralite.1,SRX6817673,EtOH-Female-2.2.3,WGS,PCR,GENOMIC,PAIRED,0,0,ILLUMINA,Illumina MiSeq,SRP221011,PRJNA564343,NA,564343,SRS5361235,SAMN12710550,simple,1441287,mouse metagenome,28,NA,NA,NA,NA,NA,NA,no,NA,NA,NA,NA,UNIVERSITY OF TEXAS AT AUSTIN,SRA958317,NA,public,F25DA0D7C908A8D3FE974DDA4875E156,C679632E981BA404DBB58DF732230874,SRR10084659
SRR10084660,2019-11-12 21:16:57,2019-09-09 10:38:09,12360,6180000,12360,500,4,NA,https://sra-downloadb.be-md.ncbi.nlm.nih.gov/sos9/sra-pub-zq-922/SRR010/084/SRR10084660.sralite.1,SRX6817672,EtOH-Female-2.2.2,WGS,PCR,GENOMIC,PAIRED,0,0,ILLUMINA,Illumina MiSeq,SRP221011,PRJNA564343,NA,564343,SRS5361234,SAMN12710549,simple,1441287,mouse metagenome,27,NA,NA,NA,NA,NA,NA,no,NA,NA,NA,NA,UNIVERSITY OF TEXAS AT AUSTIN,SRA958317,NA,public,DC48E7156EE036E059D2FDFBECB2A52A,3C127E42A14739FEFAFF467583FBC1E0,SRR10084660
SRR10084661,2019-11-12 21:16:57,2019-09-09 10:38:10,14301,7150500,14301,500,4,NA,https://sra-downloadb.be-md.ncbi.nlm.nih.gov/sos5/sra-pub-zq-14/SRR010/084/SRR10084661.sralite.1,SRX6817671,EtOH-Female-2.2.1,WGS,PCR,GENOMIC,PAIRED,0,0,ILLUMINA,Illumina MiSeq,SRP221011,PRJNA564343,NA,564343,SRS5361233,SAMN12710548,simple,1441287,mouse metagenome,26,NA,NA,NA,NA,NA,NA,no,NA,NA,NA,NA,UNIVERSITY OF TEXAS AT AUSTIN,SRA958317,NA,public,913BF956C40EA756A2B9A168CF8F00E4,FEBCDEE8A5D7C76C9F48C952C08096CD,SRR10084661
SRR10084662,2019-11-12 21:16:57,2019-09-09 10:38:20,14660,7330000,14660,500,4,NA,https://sra-downloadb.be-md.ncbi.nlm.nih.gov/sos5/sra-pub-zq-14/SRR010/084/SRR10084662.sralite.1,SRX6817670,EtOH-Male-1.2.5,WGS,PCR,GENOMIC,PAIRED,0,0,ILLUMINA,Illumina MiSeq,SRP221011,PRJNA564343,NA,564343,SRS5361232,SAMN12710547,simple,1441287,mouse metagenome,25,NA,NA,NA,NA,NA,NA,no,NA,NA,NA,NA,UNIVERSITY OF TEXAS AT AUSTIN,SRA958317,NA,public,DEC20D1F4716A4DCB37D460E211F3445,30BDB4054C325F8C7834AEBAC3173057,SRR10084662
SRR10084663,2019-11-12 21:16:57,2019-09-09 10:38:11,14807,7403500,14807,500,4,NA,https://sra-downloadb.be-md.ncbi.nlm.nih.gov/sos5/sra-pub-zq-14/SRR010/084/SRR10084663.sralite.1,SRX6817669,EtOH-Male-1.2.4,WGS,PCR,GENOMIC,PAIRED,0,0,ILLUMINA,Illumina MiSeq,SRP221011,PRJNA564343,NA,564343,SRS5361231,SAMN12710546,simple,1441287,mouse metagenome,24,NA,NA,NA,NA,NA,NA,no,NA,NA,NA,NA,UNIVERSITY OF TEXAS AT AUSTIN,SRA958317,NA,public,83642DA106E56B01C38F4896377DD669,E266B4CEC420CF48DF1174E0F26A7458,SRR10084663
SRR10084664,2019-11-12 21:16:57,2019-09-09 10:38:11,13125,6562500,13125,500,4,NA,https://sra-downloadb.be-md.ncbi.nlm.nih.gov/sos9/sra-pub-zq-922/SRR010/084/SRR10084664.sralite.1,SRX6817668,EtOH-Male-1.2.3,WGS,PCR,GENOMIC,PAIRED,0,0,ILLUMINA,Illumina MiSeq,SRP221011,PRJNA564343,NA,564343,SRS5361230,SAMN12710545,simple,1441287,mouse metagenome,23,NA,NA,NA,NA,NA,NA,no,NA,NA,NA,NA,UNIVERSITY OF TEXAS AT AUSTIN,SRA958317,NA,public,CA9912B04D04797EEE886E37B351A210,E7E42F298150F4E40C6470EE86A32F79,SRR10084664
SRR10084665,2019-11-12 21:16:57,2019-09-09 10:38:20,16835,8417500,16835,500,4,NA,https://sra-downloadb.be-md.ncbi.nlm.nih.gov/sos5/sra-pub-zq-14/SRR010/084/SRR10084665.sralite.1,SRX6817667,EtOH-Male-1.2.2,WGS,PCR,GENOMIC,PAIRED,0,0,ILLUMINA,Illumina MiSeq,SRP221011,PRJNA564343,NA,564343,SRS5361229,SAMN12710544,simple,1441287,mouse metagenome,22,NA,NA,NA,NA,NA,NA,no,NA,NA,NA,NA,UNIVERSITY OF TEXAS AT AUSTIN,SRA958317,NA,public,A6B7F1C3DDCA2FABF8D2257E93193479,E01151B8985BE6391DE6D32884BABC38,SRR10084665
SRR10084666,2019-11-12 21:16:57,2019-09-09 10:38:20,16685,8342500,16685,500,4,NA,https://sra-downloadb.be-md.ncbi.nlm.nih.gov/sos9/sra-pub-zq-922/SRR010/084/SRR10084666.sralite.1,SRX6817666,EtOH-Male-1.2.1,WGS,PCR,GENOMIC,PAIRED,0,0,ILLUMINA,Illumina MiSeq,SRP221011,PRJNA564343,NA,564343,SRS5361228,SAMN12710543,simple,1441287,mouse metagenome,21,NA,NA,NA,NA,NA,NA,no,NA,NA,NA,NA,UNIVERSITY OF TEXAS AT AUSTIN,SRA958317,NA,public,597256C4C00960F8D53075D2A1DF0D34,0E33BF8B58EC72BF6040D2275B8A6A88,SRR10084666
SRR10084667,2019-11-12 21:16:57,2019-09-09 10:38:15,13638,6819000,13638,500,4,NA,https://sra-downloadb.be-md.ncbi.nlm.nih.gov/sos9/sra-pub-zq-922/SRR010/084/SRR10084667.sralite.1,SRX6817665,EtOH-Male-1.1.3,WGS,PCR,GENOMIC,PAIRED,0,0,ILLUMINA,Illumina MiSeq,SRP221011,PRJNA564343,NA,564343,SRS5361227,SAMN12710525,simple,1441287,mouse metagenome,3,NA,NA,NA,NA,NA,NA,no,NA,NA,NA,NA,UNIVERSITY OF TEXAS AT AUSTIN,SRA958317,NA,public,7177308C32168823718ADEC89BC469AD,53887B76542C369637FBECA5A72942B0,SRR10084667
SRR10084668,2019-11-12 21:16:57,2019-09-09 10:38:20,14875,7437500,14875,500,4,NA,https://sra-downloadb.be-md.ncbi.nlm.nih.gov/sos5/sra-pub-zq-14/SRR010/084/SRR10084668.sralite.1,SRX6817664,Ctl-Female-4.1.5,WGS,PCR,GENOMIC,PAIRED,0,0,ILLUMINA,Illumina MiSeq,SRP221011,PRJNA564343,NA,564343,SRS5361226,SAMN12710542,simple,1441287,mouse metagenome,20,NA,NA,NA,NA,NA,NA,no,NA,NA,NA,NA,UNIVERSITY OF TEXAS AT AUSTIN,SRA958317,NA,public,001F2508CA103E60996261FFD770BC0A,E293E0EA5A72BD7EEC08AA71BAE42FBF,SRR10084668
SRR10084669,2019-11-12 21:16:57,2019-09-09 10:38:08,8307,4153500,8307,500,2,NA,https://sra-downloadb.be-md.ncbi.nlm.nih.gov/sos9/sra-pub-zq-922/SRR010/084/SRR10084669.sralite.1,SRX6817663,Ctl-Female-4.1.4,WGS,PCR,GENOMIC,PAIRED,0,0,ILLUMINA,Illumina MiSeq,SRP221011,PRJNA564343,NA,564343,SRS5361225,SAMN12710541,simple,1441287,mouse metagenome,19,NA,NA,NA,NA,NA,NA,no,NA,NA,NA,NA,UNIVERSITY OF TEXAS AT AUSTIN,SRA958317,NA,public,706F9E7E08F49BC65FBA144C81A2D1D6,9C4550DC0053DED6C06DC2819F59D4BA,SRR10084669
SRR10084670,2019-11-12 21:16:57,2019-09-09 10:38:20,16706,8353000,16706,500,4,NA,https://sra-downloadb.be-md.ncbi.nlm.nih.gov/sos5/sra-pub-zq-14/SRR010/084/SRR10084670.sralite.1,SRX6817662,Ctl-Female-4.1.3,WGS,PCR,GENOMIC,PAIRED,0,0,ILLUMINA,Illumina MiSeq,SRP221011,PRJNA564343,NA,564343,SRS5361224,SAMN12710540,simple,1441287,mouse metagenome,18,NA,NA,NA,NA,NA,NA,no,NA,NA,NA,NA,UNIVERSITY OF TEXAS AT AUSTIN,SRA958317,NA,public,04EA4C4473E5BF38E77CA5B8ED358359,DA696DED9691D758377FE38C4856DA04,SRR10084670
SRR10084671,2019-11-12 21:16:57,2019-09-09 10:38:20,16051,8025500,16051,500,4,NA,https://sra-downloadb.be-md.ncbi.nlm.nih.gov/sos5/sra-pub-zq-14/SRR010/084/SRR10084671.sralite.1,SRX6817661,Ctl-Female-4.1.2,WGS,PCR,GENOMIC,PAIRED,0,0,ILLUMINA,Illumina MiSeq,SRP221011,PRJNA564343,NA,564343,SRS5361223,SAMN12710539,simple,1441287,mouse metagenome,17,NA,NA,NA,NA,NA,NA,no,NA,NA,NA,NA,UNIVERSITY OF TEXAS AT AUSTIN,SRA958317,NA,public,373B7CE0D6B25183DFD1D6AE52A32C40,1B6DD5F685BC17C18D7411A6B0B35CDF,SRR10084671
SRR10084672,2019-11-12 21:16:57,2019-09-09 10:38:20,16420,8210000,16420,500,4,NA,https://sra-downloadb.be-md.ncbi.nlm.nih.gov/sos9/sra-pub-zq-922/SRR010/084/SRR10084672.sralite.1,SRX6817660,Ctl-Female-4.1.1,WGS,PCR,GENOMIC,PAIRED,0,0,ILLUMINA,Illumina MiSeq,SRP221011,PRJNA564343,NA,564343,SRS5361222,SAMN12710538,simple,1441287,mouse metagenome,16,NA,NA,NA,NA,NA,NA,no,NA,NA,NA,NA,UNIVERSITY OF TEXAS AT AUSTIN,SRA958317,NA,public,F44874B39FDEB00AE156659A0F540FD9,01F5BFDF8308DB4C41F1E26852A71DCA,SRR10084672
SRR10084673,2019-11-12 21:16:57,2019-09-09 10:38:20,11117,5558500,11117,500,3,NA,https://sra-downloadb.be-md.ncbi.nlm.nih.gov/sos5/sra-pub-zq-14/SRR010/084/SRR10084673.sralite.1,SRX6817659,Ctl-Male-3.1.5,WGS,PCR,GENOMIC,PAIRED,0,0,ILLUMINA,Illumina MiSeq,SRP221011,PRJNA564343,NA,564343,SRS5361221,SAMN12710537,simple,1441287,mouse metagenome,15,NA,NA,NA,NA,NA,NA,no,NA,NA,NA,NA,UNIVERSITY OF TEXAS AT AUSTIN,SRA958317,NA,public,B63D7E2525E3DEF9EEA204E9523CBB1C,319AD9F76EA20DA57F4A3136E1FF8458,SRR10084673
SRR10084674,2019-11-12 21:16:57,2019-09-09 10:38:27,16299,8149500,16299,500,4,NA,https://sra-downloadb.be-md.ncbi.nlm.nih.gov/sos9/sra-pub-zq-922/SRR010/084/SRR10084674.sralite.1,SRX6817658,Ctl-Male-3.1.4,WGS,PCR,GENOMIC,PAIRED,0,0,ILLUMINA,Illumina MiSeq,SRP221011,PRJNA564343,NA,564343,SRS5361220,SAMN12710536,simple,1441287,mouse metagenome,14,NA,NA,NA,NA,NA,NA,no,NA,NA,NA,NA,UNIVERSITY OF TEXAS AT AUSTIN,SRA958317,NA,public,CD546748A6321BCEDB7A9721B8CE52A4,2C98D55D2ACA0DC1640E57061E994281,SRR10084674
SRR10084675,2019-11-12 21:16:57,2019-09-09 10:38:27,16452,8226000,16452,500,4,NA,https://sra-downloadb.be-md.ncbi.nlm.nih.gov/sos5/sra-pub-zq-14/SRR010/084/SRR10084675.sralite.1,SRX6817657,Ctl-Male-3.1.3,WGS,PCR,GENOMIC,PAIRED,0,0,ILLUMINA,Illumina MiSeq,SRP221011,PRJNA564343,NA,564343,SRS5361219,SAMN12710535,simple,1441287,mouse metagenome,13,NA,NA,NA,NA,NA,NA,no,NA,NA,NA,NA,UNIVERSITY OF TEXAS AT AUSTIN,SRA958317,NA,public,FD3E1A5A3A16E88CDA95C910CABD28C7,DFD143397E3A074005A43ABA2BD7C783,SRR10084675
SRR10084676,2019-11-12 21:16:57,2019-09-09 10:38:10,963,481500,963,500,0,NA,https://sra-downloadb.be-md.ncbi.nlm.nih.gov/sos9/sra-pub-zq-922/SRR010/084/SRR10084676.sralite.1,SRX6817656,Ctl-Male-3.4.5,WGS,PCR,GENOMIC,PAIRED,0,0,ILLUMINA,Illumina MiSeq,SRP221011,PRJNA564343,NA,564343,SRS5361218,SAMN12710622,simple,1441287,mouse metagenome,100,NA,NA,NA,NA,NA,NA,no,NA,NA,NA,NA,UNIVERSITY OF TEXAS AT AUSTIN,SRA958317,NA,public,F609A55CE6721BD012F86C1DC2E3BC83,9E7EAA2D5F347AEF14FDB05BD0697845,SRR10084676
SRR10084677,2019-11-12 21:16:57,2019-09-09 10:38:27,13442,6721000,13442,500,3,NA,https://sra-downloadb.be-md.ncbi.nlm.nih.gov/sos5/sra-pub-zq-14/SRR010/084/SRR10084677.sralite.1,SRX6817655,Ctl-Male-3.4.4,WGS,PCR,GENOMIC,PAIRED,0,0,ILLUMINA,Illumina MiSeq,SRP221011,PRJNA564343,NA,564343,SRS5361217,SAMN12710621,simple,1441287,mouse metagenome,99,NA,NA,NA,NA,NA,NA,no,NA,NA,NA,NA,UNIVERSITY OF TEXAS AT AUSTIN,SRA958317,NA,public,0E690552266290FC1B55DDEE47ADF0FA,FBEF6B7B1C8DC5C49C1ED3B3809CEDE8,SRR10084677
SRR10084678,2019-11-12 21:16:57,2019-09-09 10:38:29,13964,6982000,13964,500,4,NA,https://sra-downloadb.be-md.ncbi.nlm.nih.gov/sos5/sra-pub-zq-14/SRR010/084/SRR10084678.sralite.1,SRX6817654,Ctl-Male-3.4.3,WGS,PCR,GENOMIC,PAIRED,0,0,ILLUMINA,Illumina MiSeq,SRP221011,PRJNA564343,NA,564343,SRS5361216,SAMN12710620,simple,1441287,mouse metagenome,98,NA,NA,NA,NA,NA,NA,no,NA,NA,NA,NA,UNIVERSITY OF TEXAS AT AUSTIN,SRA958317,NA,public,60D7A24109B5C545D46306F489F02380,444D8A5F929880BBCCFE3A8C5FEDF502,SRR10084678
SRR10084679,2019-11-12 21:16:57,2019-09-09 10:38:27,14085,7042500,14085,500,4,NA,https://sra-downloadb.be-md.ncbi.nlm.nih.gov/sos5/sra-pub-zq-14/SRR010/084/SRR10084679.sralite.1,SRX6817653,Ctl-Male-3.4.2,WGS,PCR,GENOMIC,PAIRED,0,0,ILLUMINA,Illumina MiSeq,SRP221011,PRJNA564343,NA,564343,SRS5361215,SAMN12710619,simple,1441287,mouse metagenome,97,NA,NA,NA,NA,NA,NA,no,NA,NA,NA,NA,UNIVERSITY OF TEXAS AT AUSTIN,SRA958317,NA,public,84A8992B11953610B2EE0EC3EA6619A3,68F1D60124A9F60ED22A22E9B835F664,SRR10084679
SRR10084680,2019-11-12 21:16:57,2019-09-09 10:38:27,15851,7925500,15851,500,4,NA,https://sra-downloadb.be-md.ncbi.nlm.nih.gov/sos9/sra-pub-zq-922/SRR010/084/SRR10084680.sralite.1,SRX6817652,Ctl-Male-3.4.1,WGS,PCR,GENOMIC,PAIRED,0,0,ILLUMINA,Illumina MiSeq,SRP221011,PRJNA564343,NA,564343,SRS5361214,SAMN12710618,simple,1441287,mouse metagenome,96,NA,NA,NA,NA,NA,NA,no,NA,NA,NA,NA,UNIVERSITY OF TEXAS AT AUSTIN,SRA958317,NA,public,5F7793CA90F1F01F72DA1F70BC53CA02,F57AD1F9E36B8789460961F7B4FE9D0E,SRR10084680
SRR10084681,2019-11-12 21:16:57,2019-09-09 10:38:27,12432,6216000,12432,500,3,NA,https://sra-downloadb.be-md.ncbi.nlm.nih.gov/sos5/sra-pub-zq-14/SRR010/084/SRR10084681.sralite.1,SRX6817651,EtOH-Female-2.5.5,WGS,PCR,GENOMIC,PAIRED,0,0,ILLUMINA,Illumina MiSeq,SRP221011,PRJNA564343,NA,564343,SRS5361213,SAMN12710617,simple,1441287,mouse metagenome,95,NA,NA,NA,NA,NA,NA,no,NA,NA,NA,NA,UNIVERSITY OF TEXAS AT AUSTIN,SRA958317,NA,public,6EFFFF8066F26AB8A129C903C3E0E62D,BDEDFB42224DB72526991E5E51A4BA38,SRR10084681
SRR10084682,2019-11-12 21:16:57,2019-09-09 10:38:27,15025,7512500,15025,500,4,NA,https://sra-downloadb.be-md.ncbi.nlm.nih.gov/sos5/sra-pub-zq-14/SRR010/084/SRR10084682.sralite.1,SRX6817650,EtOH-Female-2.5.4,WGS,PCR,GENOMIC,PAIRED,0,0,ILLUMINA,Illumina MiSeq,SRP221011,PRJNA564343,NA,564343,SRS5361212,SAMN12710616,simple,1441287,mouse metagenome,94,NA,NA,NA,NA,NA,NA,no,NA,NA,NA,NA,UNIVERSITY OF TEXAS AT AUSTIN,SRA958317,NA,public,00EAA4DA73BB5FF4DD686A37B67DF477,4D4C1184A22CD616646D368587ED561A,SRR10084682
SRR10084683,2019-11-12 21:16:57,2019-09-09 10:38:27,13973,6986500,13973,500,4,NA,https://sra-downloadb.be-md.ncbi.nlm.nih.gov/sos5/sra-pub-zq-14/SRR010/084/SRR10084683.sralite.1,SRX6817649,EtOH-Female-2.5.3,WGS,PCR,GENOMIC,PAIRED,0,0,ILLUMINA,Illumina MiSeq,SRP221011,PRJNA564343,NA,564343,SRS5361211,SAMN12710615,simple,1441287,mouse metagenome,93,NA,NA,NA,NA,NA,NA,no,NA,NA,NA,NA,UNIVERSITY OF TEXAS AT AUSTIN,SRA958317,NA,public,C0B010AD02551B6BF5F5B0F7A2C98F11,9DB292EB33F24B088152EFBBDA232876,SRR10084683
SRR10084684,2019-11-12 21:16:57,2019-09-09 10:38:31,14531,7265500,14531,500,4,NA,https://sra-downloadb.be-md.ncbi.nlm.nih.gov/sos9/sra-pub-zq-922/SRR010/084/SRR10084684.sralite.1,SRX6817648,EtOH-Female-2.5.2,WGS,PCR,GENOMIC,PAIRED,0,0,ILLUMINA,Illumina MiSeq,SRP221011,PRJNA564343,NA,564343,SRS5361210,SAMN12710614,simple,1441287,mouse metagenome,92,NA,NA,NA,NA,NA,NA,no,NA,NA,NA,NA,UNIVERSITY OF TEXAS AT AUSTIN,SRA958317,NA,public,96B035605FFCF3C2041C0689862C9DB8,1F3E82EE3E5E7210B27CAA08B2F3246C,SRR10084684
SRR10084685,2019-11-12 21:16:57,2019-09-09 10:38:27,3554,1777000,3554,500,1,NA,https://sra-downloadb.be-md.ncbi.nlm.nih.gov/sos5/sra-pub-zq-14/SRR010/084/SRR10084685.sralite.1,SRX6817647,EtOH-Female-2.5.1,WGS,PCR,GENOMIC,PAIRED,0,0,ILLUMINA,Illumina MiSeq,SRP221011,PRJNA564343,NA,564343,SRS5361209,SAMN12710613,simple,1441287,mouse metagenome,91,NA,NA,NA,NA,NA,NA,no,NA,NA,NA,NA,UNIVERSITY OF TEXAS AT AUSTIN,SRA958317,NA,public,8C2E10F2BEABF4B83A8E90A6EE243A38,13D1A1578F0DB6581D84A9666441C63C,SRR10084685
SRR10084686,2019-11-12 21:16:57,2019-09-09 10:38:35,14320,7160000,14320,500,4,NA,https://sra-downloadb.be-md.ncbi.nlm.nih.gov/sos9/sra-pub-zq-922/SRR010/084/SRR10084686.sralite.1,SRX6817646,EtOH-Female-2.1.5,WGS,PCR,GENOMIC,PAIRED,0,0,ILLUMINA,Illumina MiSeq,SRP221011,PRJNA564343,NA,564343,SRS5361208,SAMN12710532,simple,1441287,mouse metagenome,10,NA,NA,NA,NA,NA,NA,no,NA,NA,NA,NA,UNIVERSITY OF TEXAS AT AUSTIN,SRA958317,NA,public,B8BA6BF6EB6AC1B642567572CC8057A6,18AF669945B32E060D2938577001AE10,SRR10084686
SRR10084687,2019-11-12 21:16:57,2019-09-09 10:38:30,14033,7016500,14033,500,4,NA,https://sra-downloadb.be-md.ncbi.nlm.nih.gov/sos9/sra-pub-zq-922/SRR010/084/SRR10084687.sralite.1,SRX6817645,Ctl-Female-4.6.5,WGS,PCR,GENOMIC,PAIRED,0,0,ILLUMINA,Illumina MiSeq,SRP221011,PRJNA564343,NA,564343,SRS5361207,SAMN12710612,simple,1441287,mouse metagenome,90,NA,NA,NA,NA,NA,NA,no,NA,NA,NA,NA,UNIVERSITY OF TEXAS AT AUSTIN,SRA958317,NA,public,64C7AE993EB72798235D13FCDD851483,BB59E293DFA217132343FF14DD691909,SRR10084687
SRR10084688,2019-11-12 21:16:57,2019-09-09 10:38:27,7956,3978000,7956,500,2,NA,https://sra-downloadb.be-md.ncbi.nlm.nih.gov/sos5/sra-pub-zq-14/SRR010/084/SRR10084688.sralite.1,SRX6817644,Ctl-Female-4.6.4,WGS,PCR,GENOMIC,PAIRED,0,0,ILLUMINA,Illumina MiSeq,SRP221011,PRJNA564343,NA,564343,SRS5361206,SAMN12710611,simple,1441287,mouse metagenome,89,NA,NA,NA,NA,NA,NA,no,NA,NA,NA,NA,UNIVERSITY OF TEXAS AT AUSTIN,SRA958317,NA,public,84CE3C14062CB4D2C150A20913D26701,CC8A57CBBC585B8E2C2284007D58D8E5,SRR10084688
SRR10084689,2019-11-12 21:16:57,2019-09-09 10:38:41,14068,7034000,14068,500,4,NA,https://sra-downloadb.be-md.ncbi.nlm.nih.gov/sos9/sra-pub-zq-922/SRR010/084/SRR10084689.sralite.1,SRX6817643,Ctl-Female-4.6.3,WGS,PCR,GENOMIC,PAIRED,0,0,ILLUMINA,Illumina MiSeq,SRP221011,PRJNA564343,NA,564343,SRS5361205,SAMN12710610,simple,1441287,mouse metagenome,88,NA,NA,NA,NA,NA,NA,no,NA,NA,NA,NA,UNIVERSITY OF TEXAS AT AUSTIN,SRA958317,NA,public,0C28843A1929813827033E0884F90DAB,7B3855B7C1F1B9B6369EE7E48D74BFBE,SRR10084689
SRR10084690,2019-11-12 21:16:57,2019-09-09 10:38:40,11813,5906500,11813,500,3,NA,https://sra-downloadb.be-md.ncbi.nlm.nih.gov/sos9/sra-pub-zq-922/SRR010/084/SRR10084690.sralite.1,SRX6817642,Ctl-Female-4.6.2,WGS,PCR,GENOMIC,PAIRED,0,0,ILLUMINA,Illumina MiSeq,SRP221011,PRJNA564343,NA,564343,SRS5361204,SAMN12710609,simple,1441287,mouse metagenome,87,NA,NA,NA,NA,NA,NA,no,NA,NA,NA,NA,UNIVERSITY OF TEXAS AT AUSTIN,SRA958317,NA,public,0A1C9528C261C6CD8F053F9C72711616,0CAD16D42B2694B3DC014448088C5400,SRR10084690
SRR10084691,2019-11-12 21:16:57,2019-09-09 10:38:40,14672,7336000,14672,500,4,NA,https://sra-downloadb.be-md.ncbi.nlm.nih.gov/sos9/sra-pub-zq-922/SRR010/084/SRR10084691.sralite.1,SRX6817641,Ctl-Female-4.6.1,WGS,PCR,GENOMIC,PAIRED,0,0,ILLUMINA,Illumina MiSeq,SRP221011,PRJNA564343,NA,564343,SRS5361203,SAMN12710608,simple,1441287,mouse metagenome,86,NA,NA,NA,NA,NA,NA,no,NA,NA,NA,NA,UNIVERSITY OF TEXAS AT AUSTIN,SRA958317,NA,public,AA142956DE8F9F8C07D3D3E5E8A1739F,AD938101656380819BB8694A38F3299C,SRR10084691
SRR10084692,2019-11-12 21:16:57,2019-09-09 10:38:44,17459,8729500,17459,500,4,NA,https://sra-downloadb.be-md.ncbi.nlm.nih.gov/sos9/sra-pub-zq-922/SRR010/084/SRR10084692.sralite.1,SRX6817640,Ctl-Male-3.8.5,WGS,PCR,GENOMIC,PAIRED,0,0,ILLUMINA,Illumina MiSeq,SRP221011,PRJNA564343,NA,564343,SRS5361202,SAMN12710607,simple,1441287,mouse metagenome,85,NA,NA,NA,NA,NA,NA,no,NA,NA,NA,NA,UNIVERSITY OF TEXAS AT AUSTIN,SRA958317,NA,public,B9D3F7EFE8139A101E15B9562413D0A9,2F9AA28552BBE90A05BBD94DA6A8B3C5,SRR10084692
SRR10084693,2019-11-12 21:16:57,2019-09-09 10:38:41,11862,5931000,11862,500,3,NA,https://sra-downloadb.be-md.ncbi.nlm.nih.gov/sos9/sra-pub-zq-922/SRR010/084/SRR10084693.sralite.1,SRX6817639,Ctl-Male-3.8.4,WGS,PCR,GENOMIC,PAIRED,0,0,ILLUMINA,Illumina MiSeq,SRP221011,PRJNA564343,NA,564343,SRS5361201,SAMN12710606,simple,1441287,mouse metagenome,84,NA,NA,NA,NA,NA,NA,no,NA,NA,NA,NA,UNIVERSITY OF TEXAS AT AUSTIN,SRA958317,NA,public,7F829895FA444A6EA06120A33A1347B7,18A0A0AEF4560E97ACB4E06F3D45CB54,SRR10084693
SRR10084694,2019-11-12 21:16:57,2019-09-09 10:38:48,16666,8333000,16666,500,4,NA,https://sra-downloadb.be-md.ncbi.nlm.nih.gov/sos9/sra-pub-zq-922/SRR010/084/SRR10084694.sralite.1,SRX6817638,Ctl-Male-3.8.3,WGS,PCR,GENOMIC,PAIRED,0,0,ILLUMINA,Illumina MiSeq,SRP221011,PRJNA564343,NA,564343,SRS5361200,SAMN12710605,simple,1441287,mouse metagenome,83,NA,NA,NA,NA,NA,NA,no,NA,NA,NA,NA,UNIVERSITY OF TEXAS AT AUSTIN,SRA958317,NA,public,809C834744A687053DE1F781BB95E851,49FD3D3C0F34A49D746EB1B31039737F,SRR10084694
SRR10084695,2019-11-12 21:16:57,2019-09-09 10:38:42,15686,7843000,15686,500,4,NA,https://sra-downloadb.be-md.ncbi.nlm.nih.gov/sos9/sra-pub-zq-922/SRR010/084/SRR10084695.sralite.1,SRX6817637,Ctl-Male-3.8.2,WGS,PCR,GENOMIC,PAIRED,0,0,ILLUMINA,Illumina MiSeq,SRP221011,PRJNA564343,NA,564343,SRS5361199,SAMN12710604,simple,1441287,mouse metagenome,82,NA,NA,NA,NA,NA,NA,no,NA,NA,NA,NA,UNIVERSITY OF TEXAS AT AUSTIN,SRA958317,NA,public,872F892AB1449C85619274548C56B05F,EE8E3CF86D93DA5FEC5764121E2ED532,SRR10084695
SRR10084696,2019-11-12 21:16:57,2019-09-09 10:38:43,13350,6675000,13350,500,3,NA,https://sra-downloadb.be-md.ncbi.nlm.nih.gov/sos9/sra-pub-zq-922/SRR010/084/SRR10084696.sralite.1,SRX6817636,Ctl-Male-3.8.1,WGS,PCR,GENOMIC,PAIRED,0,0,ILLUMINA,Illumina MiSeq,SRP221011,PRJNA564343,NA,564343,SRS5361198,SAMN12710603,simple,1441287,mouse metagenome,81,NA,NA,NA,NA,NA,NA,no,NA,NA,NA,NA,UNIVERSITY OF TEXAS AT AUSTIN,SRA958317,NA,public,B392B33D38A0BEA70F300CE986417278,C0C8E94E8E1A63E2DEBA1202B08CA6A3,SRR10084696
SRR10084697,2019-11-12 21:16:57,2019-09-09 10:38:45,13971,6985500,13971,500,4,NA,https://sra-downloadb.be-md.ncbi.nlm.nih.gov/sos9/sra-pub-zq-922/SRR010/084/SRR10084697.sralite.1,SRX6817635,EtOH-Female-2.1.4,WGS,PCR,GENOMIC,PAIRED,0,0,ILLUMINA,Illumina MiSeq,SRP221011,PRJNA564343,NA,564343,SRS5361197,SAMN12710531,simple,1441287,mouse metagenome,9,NA,NA,NA,NA,NA,NA,no,NA,NA,NA,NA,UNIVERSITY OF TEXAS AT AUSTIN,SRA958317,NA,public,CC7520404915C1B9164E65FAC13D9D71,DC103D8B4F9AD87FC16B1EA6759AFA4E,SRR10084697
SRR10084698,2019-11-12 21:16:57,2019-09-09 10:38:43,11707,5853500,11707,500,3,NA,https://sra-downloadb.be-md.ncbi.nlm.nih.gov/sos9/sra-pub-zq-922/SRR010/084/SRR10084698.sralite.1,SRX6817634,EtOH-Female-2.8.5,WGS,PCR,GENOMIC,PAIRED,0,0,ILLUMINA,Illumina MiSeq,SRP221011,PRJNA564343,NA,564343,SRS5361196,SAMN12710602,simple,1441287,mouse metagenome,80,NA,NA,NA,NA,NA,NA,no,NA,NA,NA,NA,UNIVERSITY OF TEXAS AT AUSTIN,SRA958317,NA,public,CB4D5B7A82ED2341C42F72AE0C9F8B03,E40F2C8731521049101F24DD8E7B1154,SRR10084698
SRR10084699,2019-11-12 21:16:57,2019-09-09 10:38:40,5064,2532000,5064,500,1,NA,https://sra-downloadb.be-md.ncbi.nlm.nih.gov/sos9/sra-pub-zq-922/SRR010/084/SRR10084699.sralite.1,SRX6817633,EtOH-Female-2.8.4,WGS,PCR,GENOMIC,PAIRED,0,0,ILLUMINA,Illumina MiSeq,SRP221011,PRJNA564343,NA,564343,SRS5361195,SAMN12710601,simple,1441287,mouse metagenome,79,NA,NA,NA,NA,NA,NA,no,NA,NA,NA,NA,UNIVERSITY OF TEXAS AT AUSTIN,SRA958317,NA,public,01543556129665E04ED75C2674F059DB,516D3728C60177C071735BED04BDB64B,SRR10084699
SRR10084700,2019-11-12 21:16:57,2019-09-09 10:38:48,13717,6858500,13717,500,3,NA,https://sra-downloadb.be-md.ncbi.nlm.nih.gov/sos9/sra-pub-zq-922/SRR010/084/SRR10084700.sralite.1,SRX6817632,EtOH-Female-2.8.3,WGS,PCR,GENOMIC,PAIRED,0,0,ILLUMINA,Illumina MiSeq,SRP221011,PRJNA564343,NA,564343,SRS5361194,SAMN12710600,simple,1441287,mouse metagenome,78,NA,NA,NA,NA,NA,NA,no,NA,NA,NA,NA,UNIVERSITY OF TEXAS AT AUSTIN,SRA958317,NA,public,86C5BD29155A096BB2E7F000083EFA8E,DCD6742D5CC8B5130028C25298E3A34E,SRR10084700
SRR10084701,2019-11-12 21:16:57,2019-09-09 10:38:49,13315,6657500,13315,500,3,NA,https://sra-downloadb.be-md.ncbi.nlm.nih.gov/sos9/sra-pub-zq-922/SRR010/084/SRR10084701.sralite.1,SRX6817631,EtOH-Female-2.8.2,WGS,PCR,GENOMIC,PAIRED,0,0,ILLUMINA,Illumina MiSeq,SRP221011,PRJNA564343,NA,564343,SRS5361193,SAMN12710599,simple,1441287,mouse metagenome,77,NA,NA,NA,NA,NA,NA,no,NA,NA,NA,NA,UNIVERSITY OF TEXAS AT AUSTIN,SRA958317,NA,public,73F30A4DAEFA0085772939117112536C,2848B0D83A8C7095E9CFD7F499F0EFBC,SRR10084701
SRR10084702,2019-11-12 21:16:57,2019-09-09 10:38:49,11013,5506500,11013,500,3,NA,https://sra-downloadb.be-md.ncbi.nlm.nih.gov/sos9/sra-pub-zq-922/SRR010/084/SRR10084702.sralite.1,SRX6817630,EtOH-Female-2.8.1,WGS,PCR,GENOMIC,PAIRED,0,0,ILLUMINA,Illumina MiSeq,SRP221011,PRJNA564343,NA,564343,SRS5361192,SAMN12710598,simple,1441287,mouse metagenome,76,NA,NA,NA,NA,NA,NA,no,NA,NA,NA,NA,UNIVERSITY OF TEXAS AT AUSTIN,SRA958317,NA,public,CFAC45A5A63C6A82FC0E10D4FE7B6C37,27F767176415015E72AAEB7FBCC9B03D,SRR10084702
SRR10084703,2019-11-12 21:16:57,2019-09-09 10:38:50,12789,6394500,12789,500,4,NA,https://sra-downloadb.be-md.ncbi.nlm.nih.gov/sos9/sra-pub-zq-922/SRR010/084/SRR10084703.sralite.1,SRX6817629,EtOH-Male-1.8.5,WGS,PCR,GENOMIC,PAIRED,0,0,ILLUMINA,Illumina MiSeq,SRP221011,PRJNA564343,NA,564343,SRS5361191,SAMN12710597,simple,1441287,mouse metagenome,75,NA,NA,NA,NA,NA,NA,no,NA,NA,NA,NA,UNIVERSITY OF TEXAS AT AUSTIN,SRA958317,NA,public,D5ABE4C1568360F79FEBAC9D54944704,F5004F7E8B0DB1B19F565AC59250D25A,SRR10084703
SRR10084704,2019-11-12 21:16:57,2019-09-09 10:38:54,10685,5342500,10685,500,3,NA,https://sra-downloadb.be-md.ncbi.nlm.nih.gov/sos9/sra-pub-zq-922/SRR010/084/SRR10084704.sralite.1,SRX6817628,EtOH-Male-1.8.4,WGS,PCR,GENOMIC,PAIRED,0,0,ILLUMINA,Illumina MiSeq,SRP221011,PRJNA564343,NA,564343,SRS5361190,SAMN12710596,simple,1441287,mouse metagenome,74,NA,NA,NA,NA,NA,NA,no,NA,NA,NA,NA,UNIVERSITY OF TEXAS AT AUSTIN,SRA958317,NA,public,B2D5F705C64A04D54F60EA57F71D9BA9,EF0235D6F87436796E4591E6D99C4F61,SRR10084704
SRR10084705,2019-11-12 21:16:57,2019-09-09 10:38:54,13907,6953500,13907,500,3,NA,https://sra-downloadb.be-md.ncbi.nlm.nih.gov/sos9/sra-pub-zq-922/SRR010/084/SRR10084705.sralite.1,SRX6817627,EtOH-Male-1.8.3,WGS,PCR,GENOMIC,PAIRED,0,0,ILLUMINA,Illumina MiSeq,SRP221011,PRJNA564343,NA,564343,SRS5361189,SAMN12710595,simple,1441287,mouse metagenome,73,NA,NA,NA,NA,NA,NA,no,NA,NA,NA,NA,UNIVERSITY OF TEXAS AT AUSTIN,SRA958317,NA,public,EEAE1E61FD8522F216FBCC11714B94D0,E847D08A88696E448C7FD7A29CD83DDE,SRR10084705
SRR10084706,2019-11-12 21:16:57,2019-09-09 10:38:56,13840,6920000,13840,500,4,NA,https://sra-downloadb.be-md.ncbi.nlm.nih.gov/sos9/sra-pub-zq-922/SRR010/084/SRR10084706.sralite.1,SRX6817626,EtOH-Male-1.8.2,WGS,PCR,GENOMIC,PAIRED,0,0,ILLUMINA,Illumina MiSeq,SRP221011,PRJNA564343,NA,564343,SRS5361188,SAMN12710594,simple,1441287,mouse metagenome,72,NA,NA,NA,NA,NA,NA,no,NA,NA,NA,NA,UNIVERSITY OF TEXAS AT AUSTIN,SRA958317,NA,public,D1542AB04D9F6BB20BA37BAE82750402,E10CC6379D465A1C4CDE3B278848D9FD,SRR10084706
SRR10084707,2019-11-12 21:16:57,2019-09-09 10:38:59,10831,5415500,10831,500,3,NA,https://sra-downloadb.be-md.ncbi.nlm.nih.gov/sos9/sra-pub-zq-922/SRR010/084/SRR10084707.sralite.1,SRX6817625,EtOH-Male-1.8.1,WGS,PCR,GENOMIC,PAIRED,0,0,ILLUMINA,Illumina MiSeq,SRP221011,PRJNA564343,NA,564343,SRS5361187,SAMN12710593,simple,1441287,mouse metagenome,71,NA,NA,NA,NA,NA,NA,no,NA,NA,NA,NA,UNIVERSITY OF TEXAS AT AUSTIN,SRA958317,NA,public,5E6D62F51906EFD866E9DF63D063C6E2,A768B57B554B0A4620EAB30874CDBFC4,SRR10084707
SRR10084708,2019-11-12 21:16:57,2019-09-09 10:38:58,16161,8080500,16161,500,4,NA,https://sra-downloadb.be-md.ncbi.nlm.nih.gov/sos9/sra-pub-zq-922/SRR010/084/SRR10084708.sralite.1,SRX6817624,Ctl-Male-3.1.2,WGS,PCR,GENOMIC,PAIRED,0,0,ILLUMINA,Illumina MiSeq,SRP221011,PRJNA564343,NA,564343,SRS5361186,SAMN12710534,simple,1441287,mouse metagenome,12,NA,NA,NA,NA,NA,NA,no,NA,NA,NA,NA,UNIVERSITY OF TEXAS AT AUSTIN,SRA958317,NA,public,278DB7EDDFB4A68EF79CDF920345B4C4,69676DB771B829C0ACAFBC800C4151BD,SRR10084708
SRR10084709,2019-11-12 21:16:57,2019-09-09 10:39:00,12594,6297000,12594,500,3,NA,https://sra-downloadb.be-md.ncbi.nlm.nih.gov/sos9/sra-pub-zq-922/SRR010/084/SRR10084709.sralite.1,SRX6817623,Ctl-Male-3.1.1,WGS,PCR,GENOMIC,PAIRED,0,0,ILLUMINA,Illumina MiSeq,SRP221011,PRJNA564343,NA,564343,SRS5361185,SAMN12710533,simple,1441287,mouse metagenome,11,NA,NA,NA,NA,NA,NA,no,NA,NA,NA,NA,UNIVERSITY OF TEXAS AT AUSTIN,SRA958317,NA,public,D14051DC8CE850A690A8D035EC30C91A,A024F030B8C34FC0B58A1F38A22746ED,SRR10084709
SRR10084710,2019-11-12 21:16:57,2019-09-09 10:39:03,18047,9023500,18047,500,5,NA,https://sra-downloadb.be-md.ncbi.nlm.nih.gov/sos9/sra-pub-zq-922/SRR010/084/SRR10084710.sralite.1,SRX6817622,EtOH-Male-1.1.2,WGS,PCR,GENOMIC,PAIRED,0,0,ILLUMINA,Illumina MiSeq,SRP221011,PRJNA564343,NA,564343,SRS5361184,SAMN12710524,simple,1441287,mouse metagenome,2,NA,NA,NA,NA,NA,NA,no,NA,NA,NA,NA,UNIVERSITY OF TEXAS AT AUSTIN,SRA958317,NA,public,1150E5782C64D98ED74483649C81A9A1,2D162EDCBEF4EAB2C8AB74D5D165BA68,SRR10084710
SRR10084711,2019-11-12 21:16:57,2019-09-09 10:39:00,13347,6673500,13347,500,3,NA,https://sra-downloadb.be-md.ncbi.nlm.nih.gov/sos9/sra-pub-zq-922/SRR010/084/SRR10084711.sralite.1,SRX6817621,EtOH-Male-1.1.1,WGS,PCR,GENOMIC,PAIRED,0,0,ILLUMINA,Illumina MiSeq,SRP221011,PRJNA564343,NA,564343,SRS5361183,SAMN12710523,simple,1441287,mouse metagenome,1,NA,NA,NA,NA,NA,NA,no,NA,NA,NA,NA,UNIVERSITY OF TEXAS AT AUSTIN,SRA958317,NA,public,31CDF370084AD206916F4C13EE73492C,4686DBC704038D4D4ABB5340BEE92C91,SRR10084711
SRR11088661,2020-09-22 16:32:31,2020-02-14 11:59:59,24302663,7339404226,24302663,302,2663,NA,https://sra-downloadb.be-md.ncbi.nlm.nih.gov/sos5/sra-pub-zq-16/SRR011/11088/SRR11088661/SRR11088661.lite.1,SRX7727587,NA,RNA-Seq,cDNA,TRANSCRIPTOMIC,PAIRED,0,0,ILLUMINA,Illumina HiSeq 4000,SRP249530,PRJNA606741,3,606741,SRS6148204,SAMN14112053,simple,10090,Mus musculus,GSM4314592,NA,NA,NA,NA,NA,NA,no,NA,NA,NA,NA,GEO,SRA1042827,NA,public,50929231435900D8FB204CBF15C54994,24C1EAEADBE87E33F70BFC24130DDA17,SRR11088661
SRR11088662,2020-09-22 16:32:31,2020-02-14 12:32:31,27593555,8333253610,27593555,302,2957,NA,https://sra-downloadb.be-md.ncbi.nlm.nih.gov/sos5/sra-pub-zq-16/SRR011/11088/SRR11088662/SRR11088662.lite.1,SRX7727588,NA,RNA-Seq,cDNA,TRANSCRIPTOMIC,PAIRED,0,0,ILLUMINA,Illumina HiSeq 4000,SRP249530,PRJNA606741,3,606741,SRS6148206,SAMN14112052,simple,10090,Mus musculus,GSM4314593,NA,NA,NA,NA,NA,NA,no,NA,NA,NA,NA,GEO,SRA1042827,NA,public,D1CD483E75FC737A9524F82CC2473AF1,EE1B8D82DCA13B081E8DFF5D55B2C333,SRR11088662
SRR11088663,2020-09-22 16:32:31,2020-02-14 12:13:39,30580283,9235245466,30580283,302,3265,NA,https://sra-downloadb.be-md.ncbi.nlm.nih.gov/sos5/sra-pub-zq-16/SRR011/11088/SRR11088663/SRR11088663.lite.1,SRX7727589,NA,RNA-Seq,cDNA,TRANSCRIPTOMIC,PAIRED,0,0,ILLUMINA,Illumina HiSeq 4000,SRP249530,PRJNA606741,3,606741,SRS6148205,SAMN14112051,simple,10090,Mus musculus,GSM4314594,NA,NA,NA,NA,NA,NA,no,NA,NA,NA,NA,GEO,SRA1042827,NA,public,C5FFD6C5A0B7DBE92FEF02CC7C3B10F9,1A22BD176ACA3FEA0E8A29D467F6BDD8,SRR11088663
SRR11088664,2020-09-22 16:32:31,2020-02-14 12:14:18,29114415,8792553330,29114415,302,3147,NA,https://sra-downloadb.be-md.ncbi.nlm.nih.gov/sos5/sra-pub-zq-11/SRR011/088/SRR11088664/SRR11088664.lite.1,SRX7727590,NA,RNA-Seq,cDNA,TRANSCRIPTOMIC,PAIRED,0,0,ILLUMINA,Illumina HiSeq 4000,SRP249530,PRJNA606741,3,606741,SRS6148207,SAMN14112050,simple,10090,Mus musculus,GSM4314595,NA,NA,NA,NA,NA,NA,no,NA,NA,NA,NA,GEO,SRA1042827,NA,public,6F39A307D13C70B6662813139093A3EF,8CD6A89EA10C88DBDE164C2787BAFCB5,SRR11088664
SRR11088665,2020-09-22 16:32:31,2020-02-14 12:01:27,25843950,7804872900,25843950,302,2813,NA,https://sra-downloadb.be-md.ncbi.nlm.nih.gov/sos5/sra-pub-zq-16/SRR011/11088/SRR11088665/SRR11088665.lite.1,SRX7727591,NA,RNA-Seq,cDNA,TRANSCRIPTOMIC,PAIRED,0,0,ILLUMINA,Illumina HiSeq 4000,SRP249530,PRJNA606741,3,606741,SRS6148208,SAMN14112049,simple,10090,Mus musculus,GSM4314596,NA,NA,NA,NA,NA,NA,no,NA,NA,NA,NA,GEO,SRA1042827,NA,public,E91051CA5390CE809AAD5F29DEE10581,68BD3B149CA4D9F298B01E9432D526F2,SRR11088665
SRR11088666,2020-09-22 16:32:31,2020-02-14 12:05:36,24743210,7472449420,24743210,302,2744,NA,https://sra-downloadb.be-md.ncbi.nlm.nih.gov/sos5/sra-pub-zq-16/SRR011/11088/SRR11088666/SRR11088666.lite.1,SRX7727592,NA,RNA-Seq,cDNA,TRANSCRIPTOMIC,PAIRED,0,0,ILLUMINA,Illumina HiSeq 4000,SRP249530,PRJNA606741,3,606741,SRS6148209,SAMN14112048,simple,10090,Mus musculus,GSM4314597,NA,NA,NA,NA,NA,NA,no,NA,NA,NA,NA,GEO,SRA1042827,NA,public,A2E52B0022E062CDF0D521265E5BDECE,B7A9CDE5D2264333004875A1B9956A98,SRR11088666
SRR11639199,2020-09-22 16:32:31,2020-04-29 13:39:58,29548516,8923651832,29548516,302,3163,NA,https://sra-downloadb.be-md.ncbi.nlm.nih.gov/sos9/sra-pub-zq-924/SRR011/11639/SRR11639199/SRR11639199.lite.1,SRX8202839,NA,RNA-Seq,cDNA,TRANSCRIPTOMIC,PAIRED,0,0,ILLUMINA,Illumina HiSeq 4000,SRP249530,PRJNA606741,3,606741,SRS6560893,SAMN14770939,simple,10090,Mus musculus,GSM4505217,NA,NA,NA,NA,NA,NA,no,NA,NA,NA,NA,GEO,SRA1042827,NA,public,F0287E71B1424DB842D5D18A03E38D58,CF9415FAE9279C31565510E5FE01A703,SRR11639199
SRR11639200,2020-09-22 16:32:31,2020-04-29 13:45:10,28364696,8566138192,28364696,302,3048,NA,https://sra-downloadb.be-md.ncbi.nlm.nih.gov/sos5/sra-pub-zq-16/SRR011/11639/SRR11639200/SRR11639200.lite.1,SRX8202840,NA,RNA-Seq,cDNA,TRANSCRIPTOMIC,PAIRED,0,0,ILLUMINA,Illumina HiSeq 4000,SRP249530,PRJNA606741,3,606741,SRS6560894,SAMN14770938,simple,10090,Mus musculus,GSM4505218,NA,NA,NA,NA,NA,NA,no,NA,NA,NA,NA,GEO,SRA1042827,NA,public,9BE370D6FA9F367499EF4FDC95A82F94,A29ED435370E63FE41CD14335304398F,SRR11639200
SRR11639201,2020-09-22 16:32:32,2020-04-29 13:36:00,27765361,8385139022,27765361,302,3002,NA,https://sra-downloadb.be-md.ncbi.nlm.nih.gov/sos5/sra-pub-zq-16/SRR011/11639/SRR11639201/SRR11639201.lite.1,SRX8202841,NA,RNA-Seq,cDNA,TRANSCRIPTOMIC,PAIRED,0,0,ILLUMINA,Illumina HiSeq 4000,SRP249530,PRJNA606741,3,606741,SRS6560895,SAMN14770937,simple,10090,Mus musculus,GSM4505219,NA,NA,NA,NA,NA,NA,no,NA,NA,NA,NA,GEO,SRA1042827,NA,public,BF9184ABA0011319064E86C3EB87FF08,027F0B90450206E97BA82C71C8AE7E27,SRR11639201
SRR13149817,2020-11-26 08:37:52,2020-11-26 08:34:58,89813,49940639,89813,556,29,NA,https://sra-downloadb.be-md.ncbi.nlm.nih.gov/sos9/sra-pub-zq-924/SRR013/13149/SRR13149817/SRR13149817.lite.1,SRX9590138,CD+IL23MC.02,AMPLICON,PCR,GENOMIC,PAIRED,0,0,ILLUMINA,Illumina MiSeq,SRP294311,PRJNA679096,NA,679096,SRS7794776,SAMN16824177,simple,410661,mouse gut metagenome,CD+IL-23 MC,NA,NA,NA,NA,female,NA,no,NA,NA,NA,NA,"UNIVERSITY OF CALIFORNIA, DAVIS",SRA1164134,NA,public,E6DF0D5B0BF952E1213B64C9D9444D9C,B30ABEA5C3278F0B24660E8AD76E2EA1,SRR13149817
SRR13149818,2020-11-26 08:37:52,2020-11-26 08:34:49,99953,55578640,99953,556,32,NA,https://sra-downloadb.be-md.ncbi.nlm.nih.gov/sos9/sra-pub-zq-924/SRR013/13149/SRR13149818/SRR13149818.lite.1,SRX9590137,CD+IL23MC.01,AMPLICON,PCR,GENOMIC,PAIRED,0,0,ILLUMINA,Illumina MiSeq,SRP294311,PRJNA679096,NA,679096,SRS7794776,SAMN16824177,simple,410661,mouse gut metagenome,CD+IL-23 MC,NA,NA,NA,NA,female,NA,no,NA,NA,NA,NA,"UNIVERSITY OF CALIFORNIA, DAVIS",SRA1164134,NA,public,B411C04BEB8D85EE5F37E5973B2CD811,F9328EDB3CB67A5753B782588A815017,SRR13149818
SRR13149819,2020-11-26 08:37:52,2020-11-26 08:35:00,94389,52485076,94389,556,31,NA,https://sra-downloadb.be-md.ncbi.nlm.nih.gov/sos9/sra-pub-zq-924/SRR013/13149/SRR13149819/SRR13149819.lite.1,SRX9590136,CD+GFPMC.08,AMPLICON,PCR,GENOMIC,PAIRED,0,0,ILLUMINA,Illumina MiSeq,SRP294311,PRJNA679096,NA,679096,SRS7794775,SAMN16824176,simple,410661,mouse gut metagenome,CD+GFP MC,NA,NA,NA,NA,female,NA,no,NA,NA,NA,NA,"UNIVERSITY OF CALIFORNIA, DAVIS",SRA1164134,NA,public,C2C3365E48B47DCB43146BFB5A4A6CB5,2B80363EB76920ABA5447E908BB2B91C,SRR13149819
SRR13149820,2020-11-26 08:37:52,2020-11-26 08:34:54,73162,40680725,73162,556,24,NA,https://sra-downloadb.be-md.ncbi.nlm.nih.gov/sos9/sra-pub-zq-924/SRR013/13149/SRR13149820/SRR13149820.lite.1,SRX9590135,CD+GFPMC.07,AMPLICON,PCR,GENOMIC,PAIRED,0,0,ILLUMINA,Illumina MiSeq,SRP294311,PRJNA679096,NA,679096,SRS7794775,SAMN16824176,simple,410661,mouse gut metagenome,CD+GFP MC,NA,NA,NA,NA,female,NA,no,NA,NA,NA,NA,"UNIVERSITY OF CALIFORNIA, DAVIS",SRA1164134,NA,public,04E47B59C5665B4ED48A2C9698226B28,17E366AA271B98DEF37BDCFA1DABBF72,SRR13149820
SRR13149821,2020-11-26 08:37:52,2020-11-26 08:35:00,88123,49001324,88123,556,30,NA,https://sra-downloadb.be-md.ncbi.nlm.nih.gov/sos9/sra-pub-zq-924/SRR013/13149/SRR13149821/SRR13149821.lite.1,SRX9590134,CD+GFPMC.06,AMPLICON,PCR,GENOMIC,PAIRED,0,0,ILLUMINA,Illumina MiSeq,SRP294311,PRJNA679096,NA,679096,SRS7794775,SAMN16824176,simple,410661,mouse gut metagenome,CD+GFP MC,NA,NA,NA,NA,female,NA,no,NA,NA,NA,NA,"UNIVERSITY OF CALIFORNIA, DAVIS",SRA1164134,NA,public,B6884DFA060B4C73318E279C4C073ABE,61053E26E3556345B3160CA8AD4FCBAE,SRR13149821
SRR13149822,2020-11-26 08:37:52,2020-11-26 08:35:03,87221,48499533,87221,556,29,NA,https://sra-downloadb.be-md.ncbi.nlm.nih.gov/sos9/sra-pub-zq-924/SRR013/13149/SRR13149822/SRR13149822.lite.1,SRX9590133,CD+GFPMC.05,AMPLICON,PCR,GENOMIC,PAIRED,0,0,ILLUMINA,Illumina MiSeq,SRP294311,PRJNA679096,NA,679096,SRS7794775,SAMN16824176,simple,410661,mouse gut metagenome,CD+GFP MC,NA,NA,NA,NA,female,NA,no,NA,NA,NA,NA,"UNIVERSITY OF CALIFORNIA, DAVIS",SRA1164134,NA,public,B7EE5D001FF3F158C810B52DEA05D833,C8FFD0A18F747756B502BBE041C9879D,SRR13149822
SRR13149823,2020-11-26 08:37:51,2020-11-26 08:35:02,78517,43659188,78517,556,25,NA,https://sra-downloadb.be-md.ncbi.nlm.nih.gov/sos9/sra-pub-zq-924/SRR013/13149/SRR13149823/SRR13149823.lite.1,SRX9590132,WD-CD+IL23MC.04,AMPLICON,PCR,GENOMIC,PAIRED,0,0,ILLUMINA,Illumina MiSeq,SRP294311,PRJNA679096,NA,679096,SRS7794780,SAMN16824181,simple,410661,mouse gut metagenome,WD-CD+IL-23 MC,NA,NA,NA,NA,female,NA,no,NA,NA,NA,NA,"UNIVERSITY OF CALIFORNIA, DAVIS",SRA1164134,NA,public,5419932234B1F2116CCF9434946D99A2,E8DE0B94E659E06D59A9ACDB2CE59840,SRR13149823
SRR13149824,2020-11-26 08:37:51,2020-11-26 08:35:06,82729,46000455,82729,556,27,NA,https://sra-downloadb.be-md.ncbi.nlm.nih.gov/sos9/sra-pub-zq-924/SRR013/13149/SRR13149824/SRR13149824.lite.1,SRX9590131,WD-CD+IL23MC.03,AMPLICON,PCR,GENOMIC,PAIRED,0,0,ILLUMINA,Illumina MiSeq,SRP294311,PRJNA679096,NA,679096,SRS7794780,SAMN16824181,simple,410661,mouse gut metagenome,WD-CD+IL-23 MC,NA,NA,NA,NA,female,NA,no,NA,NA,NA,NA,"UNIVERSITY OF CALIFORNIA, DAVIS",SRA1164134,NA,public,08D473F1BFF0DD6AB0A6377CBEBD020C,6902675EA0871E77B7F2E7EBADED4FB3,SRR13149824
SRR13149825,2020-11-26 08:38:15,2020-11-26 08:35:25,92954,51685254,92954,556,31,NA,https://sra-downloadb.be-md.ncbi.nlm.nih.gov/sos9/sra-pub-zq-924/SRR013/13149/SRR13149825/SRR13149825.lite.1,SRX9590130,WD-CD+IL23MC.02,AMPLICON,PCR,GENOMIC,PAIRED,0,0,ILLUMINA,Illumina MiSeq,SRP294311,PRJNA679096,NA,679096,SRS7794780,SAMN16824181,simple,410661,mouse gut metagenome,WD-CD+IL-23 MC,NA,NA,NA,NA,female,NA,no,NA,NA,NA,NA,"UNIVERSITY OF CALIFORNIA, DAVIS",SRA1164134,NA,public,80C1D233940429A3FAFF2F204909639A,B935169541FB22ECA8C512F18EFE9720,SRR13149825
SRR13149826,2020-11-26 08:38:15,2020-11-26 08:35:30,87674,48750115,87674,556,28,NA,https://sra-downloadb.be-md.ncbi.nlm.nih.gov/sos9/sra-pub-zq-924/SRR013/13149/SRR13149826/SRR13149826.lite.1,SRX9590129,WD-CD+IL23MC.01,AMPLICON,PCR,GENOMIC,PAIRED,0,0,ILLUMINA,Illumina MiSeq,SRP294311,PRJNA679096,NA,679096,SRS7794780,SAMN16824181,simple,410661,mouse gut metagenome,WD-CD+IL-23 MC,NA,NA,NA,NA,female,NA,no,NA,NA,NA,NA,"UNIVERSITY OF CALIFORNIA, DAVIS",SRA1164134,NA,public,B9D2F43F097AC3814C1E8D53A0B9CBDC,B75ECD3487A2BAD40066BA4A28D6120B,SRR13149826
SRR13149827,2020-11-26 08:38:15,2020-11-26 08:35:22,92946,51683124,92946,556,30,NA,https://sra-downloadb.be-md.ncbi.nlm.nih.gov/sos9/sra-pub-zq-924/SRR013/13149/SRR13149827/SRR13149827.lite.1,SRX9590128,WD-WD+IL23MC.04,AMPLICON,PCR,GENOMIC,PAIRED,0,0,ILLUMINA,Illumina MiSeq,SRP294311,PRJNA679096,NA,679096,SRS7794779,SAMN16824180,simple,410661,mouse gut metagenome,WD-WD+IL-23 MC,NA,NA,NA,NA,female,NA,no,NA,NA,NA,NA,"UNIVERSITY OF CALIFORNIA, DAVIS",SRA1164134,NA,public,31AF8D3304EAE909E08D132A7E27D3B4,872C4D14591505986F5A4F23F3B970CB,SRR13149827
SRR13149828,2020-11-26 08:38:15,2020-11-26 08:35:32,75695,42089265,75695,556,24,NA,https://sra-downloadb.be-md.ncbi.nlm.nih.gov/sos9/sra-pub-zq-924/SRR013/13149/SRR13149828/SRR13149828.lite.1,SRX9590127,WD-WD+IL23MC.03,AMPLICON,PCR,GENOMIC,PAIRED,0,0,ILLUMINA,Illumina MiSeq,SRP294311,PRJNA679096,NA,679096,SRS7794779,SAMN16824180,simple,410661,mouse gut metagenome,WD-WD+IL-23 MC,NA,NA,NA,NA,female,NA,no,NA,NA,NA,NA,"UNIVERSITY OF CALIFORNIA, DAVIS",SRA1164134,NA,public,98705590557114C6216D038D7E69447A,1AC4BB5D3E09B7A4DC7CB0A92CF5D261,SRR13149828
SRR13149829,2020-11-26 08:38:15,2020-11-26 08:35:43,77312,42988061,77312,556,25,NA,https://sra-downloadb.be-md.ncbi.nlm.nih.gov/sos9/sra-pub-zq-924/SRR013/13149/SRR13149829/SRR13149829.lite.1,SRX9590126,WD-WD+IL23MC.02,AMPLICON,PCR,GENOMIC,PAIRED,0,0,ILLUMINA,Illumina MiSeq,SRP294311,PRJNA679096,NA,679096,SRS7794779,SAMN16824180,simple,410661,mouse gut metagenome,WD-WD+IL-23 MC,NA,NA,NA,NA,female,NA,no,NA,NA,NA,NA,"UNIVERSITY OF CALIFORNIA, DAVIS",SRA1164134,NA,public,15DC566F4D2A7E5655C075974314919D,AA9D8B5AC4816676504D9C0FCE721671,SRR13149829
SRR13149830,2020-11-26 08:38:15,2020-11-26 08:35:39,70193,39028730,70193,556,23,NA,https://sra-downloadb.be-md.ncbi.nlm.nih.gov/sos9/sra-pub-zq-924/SRR013/13149/SRR13149830/SRR13149830.lite.1,SRX9590125,WD-WD+IL23MC.01,AMPLICON,PCR,GENOMIC,PAIRED,0,0,ILLUMINA,Illumina MiSeq,SRP294311,PRJNA679096,NA,679096,SRS7794779,SAMN16824180,simple,410661,mouse gut metagenome,WD-WD+IL-23 MC,NA,NA,NA,NA,female,NA,no,NA,NA,NA,NA,"UNIVERSITY OF CALIFORNIA, DAVIS",SRA1164134,NA,public,648AF17277CFA5FB1C76623DC2EA9481,A16FFD28275E4835EB22FA4CE4DE3609,SRR13149830
SRR13149831,2020-11-26 08:38:15,2020-11-26 08:35:39,80801,44928823,80801,556,27,NA,https://sra-downloadb.be-md.ncbi.nlm.nih.gov/sos9/sra-pub-zq-924/SRR013/13149/SRR13149831/SRR13149831.lite.1,SRX9590124,WD+IL23MC.08,AMPLICON,PCR,GENOMIC,PAIRED,0,0,ILLUMINA,Illumina MiSeq,SRP294311,PRJNA679096,NA,679096,SRS7794778,SAMN16824179,simple,410661,mouse gut metagenome,WD+IL-23 MC,NA,NA,NA,NA,female,NA,no,NA,NA,NA,NA,"UNIVERSITY OF CALIFORNIA, DAVIS",SRA1164134,NA,public,5AEF98E03A3F37FEA19E6411D171CD26,8944950D6B77CCE9C376B8976E25AE62,SRR13149831
SRR13149832,2020-11-26 08:38:15,2020-11-26 08:35:43,85394,47481590,85394,556,28,NA,https://sra-downloadb.be-md.ncbi.nlm.nih.gov/sos9/sra-pub-zq-924/SRR013/13149/SRR13149832/SRR13149832.lite.1,SRX9590123,WD+IL23MC.07,AMPLICON,PCR,GENOMIC,PAIRED,0,0,ILLUMINA,Illumina MiSeq,SRP294311,PRJNA679096,NA,679096,SRS7794778,SAMN16824179,simple,410661,mouse gut metagenome,WD+IL-23 MC,NA,NA,NA,NA,female,NA,no,NA,NA,NA,NA,"UNIVERSITY OF CALIFORNIA, DAVIS",SRA1164134,NA,public,3487F34FB5A3F42F6E96C24D2B876781,A236DFB50DDC45F68254707C063783FC,SRR13149832
SRR13149833,2020-11-26 08:38:15,2020-11-26 08:35:48,63236,35160246,63236,556,21,NA,https://sra-downloadb.be-md.ncbi.nlm.nih.gov/sos9/sra-pub-zq-924/SRR013/13149/SRR13149833/SRR13149833.lite.1,SRX9590122,CD+GFPMC.04,AMPLICON,PCR,GENOMIC,PAIRED,0,0,ILLUMINA,Illumina MiSeq,SRP294311,PRJNA679096,NA,679096,SRS7794775,SAMN16824176,simple,410661,mouse gut metagenome,CD+GFP MC,NA,NA,NA,NA,female,NA,no,NA,NA,NA,NA,"UNIVERSITY OF CALIFORNIA, DAVIS",SRA1164134,NA,public,0246E4A8DFF14943C2D3942A3CF71379,951DFC9FD60F18476591D533CFC6B5E1,SRR13149833
SRR13149834,2020-11-26 08:38:15,2020-11-26 08:35:51,86906,48322667,86906,556,29,NA,https://sra-downloadb.be-md.ncbi.nlm.nih.gov/sos9/sra-pub-zq-924/SRR013/13149/SRR13149834/SRR13149834.lite.1,SRX9590121,WD+IL23MC.06,AMPLICON,PCR,GENOMIC,PAIRED,0,0,ILLUMINA,Illumina MiSeq,SRP294311,PRJNA679096,NA,679096,SRS7794778,SAMN16824179,simple,410661,mouse gut metagenome,WD+IL-23 MC,NA,NA,NA,NA,female,NA,no,NA,NA,NA,NA,"UNIVERSITY OF CALIFORNIA, DAVIS",SRA1164134,NA,public,FD8D52F7BEAEF95B5B3DCA15033E01D3,119786165CC379F16840CE673ED8FC85,SRR13149834
SRR13149835,2020-11-26 08:38:15,2020-11-26 08:35:59,90610,50382221,90610,556,29,NA,https://sra-downloadb.be-md.ncbi.nlm.nih.gov/sos9/sra-pub-zq-924/SRR013/13149/SRR13149835/SRR13149835.lite.1,SRX9590120,WD+IL23MC.05,AMPLICON,PCR,GENOMIC,PAIRED,0,0,ILLUMINA,Illumina MiSeq,SRP294311,PRJNA679096,NA,679096,SRS7794778,SAMN16824179,simple,410661,mouse gut metagenome,WD+IL-23 MC,NA,NA,NA,NA,female,NA,no,NA,NA,NA,NA,"UNIVERSITY OF CALIFORNIA, DAVIS",SRA1164134,NA,public,51E4ACEE5634F8DEA78DAF9CA67F1A26,3BA9F5643FFF5593CB3B26A2863701F4,SRR13149835
SRR13149836,2020-11-26 08:38:15,2020-11-26 08:35:56,92337,51342381,92337,556,30,NA,https://sra-downloadb.be-md.ncbi.nlm.nih.gov/sos9/sra-pub-zq-924/SRR013/13149/SRR13149836/SRR13149836.lite.1,SRX9590119,WD+IL23MC.04,AMPLICON,PCR,GENOMIC,PAIRED,0,0,ILLUMINA,Illumina MiSeq,SRP294311,PRJNA679096,NA,679096,SRS7794778,SAMN16824179,simple,410661,mouse gut metagenome,WD+IL-23 MC,NA,NA,NA,NA,female,NA,no,NA,NA,NA,NA,"UNIVERSITY OF CALIFORNIA, DAVIS",SRA1164134,NA,public,F58F0CF9562DBB1E5C45D90201C80C13,A2D7D3920926A82A39FDECF4A928CC19,SRR13149836
SRR13149837,2020-11-26 08:38:15,2020-11-26 08:35:56,90711,50438971,90711,556,29,NA,https://sra-downloadb.be-md.ncbi.nlm.nih.gov/sos9/sra-pub-zq-924/SRR013/13149/SRR13149837/SRR13149837.lite.1,SRX9590118,WD+IL23MC.03,AMPLICON,PCR,GENOMIC,PAIRED,0,0,ILLUMINA,Illumina MiSeq,SRP294311,PRJNA679096,NA,679096,SRS7794778,SAMN16824179,simple,410661,mouse gut metagenome,WD+IL-23 MC,NA,NA,NA,NA,female,NA,no,NA,NA,NA,NA,"UNIVERSITY OF CALIFORNIA, DAVIS",SRA1164134,NA,public,8F44002D1F569B648EE2BD7481AC3E12,E2BCD05C96B117ADD72A165D61349408,SRR13149837
SRR13149838,2020-11-26 08:38:15,2020-11-26 08:35:56,80709,44877424,80709,556,26,NA,https://sra-downloadb.be-md.ncbi.nlm.nih.gov/sos9/sra-pub-zq-924/SRR013/13149/SRR13149838/SRR13149838.lite.1,SRX9590117,WD+IL23MC.02,AMPLICON,PCR,GENOMIC,PAIRED,0,0,ILLUMINA,Illumina MiSeq,SRP294311,PRJNA679096,NA,679096,SRS7794778,SAMN16824179,simple,410661,mouse gut metagenome,WD+IL-23 MC,NA,NA,NA,NA,female,NA,no,NA,NA,NA,NA,"UNIVERSITY OF CALIFORNIA, DAVIS",SRA1164134,NA,public,418DA1B54ED44CBFC9FBE8B6E51C56E7,003C0A9572960FD798250D9E16466C67,SRR13149838
SRR13149839,2020-11-26 08:38:15,2020-11-26 08:36:00,90684,50424289,90684,556,29,NA,https://sra-downloadb.be-md.ncbi.nlm.nih.gov/sos9/sra-pub-zq-924/SRR013/13149/SRR13149839/SRR13149839.lite.1,SRX9590116,WD+IL23MC.01,AMPLICON,PCR,GENOMIC,PAIRED,0,0,ILLUMINA,Illumina MiSeq,SRP294311,PRJNA679096,NA,679096,SRS7794778,SAMN16824179,simple,410661,mouse gut metagenome,WD+IL-23 MC,NA,NA,NA,NA,female,NA,no,NA,NA,NA,NA,"UNIVERSITY OF CALIFORNIA, DAVIS",SRA1164134,NA,public,C9850B73339D83683E5F6AFB61513854,B5DF33AE3B99C0B50025D0AD2AB6284D,SRR13149839
SRR13149840,2020-11-26 08:38:15,2020-11-26 08:35:59,80082,44529852,80082,556,26,NA,https://sra-downloadb.be-md.ncbi.nlm.nih.gov/sos9/sra-pub-zq-924/SRR013/13149/SRR13149840/SRR13149840.lite.1,SRX9590115,WD+GFPMC.08,AMPLICON,PCR,GENOMIC,PAIRED,0,0,ILLUMINA,Illumina MiSeq,SRP294311,PRJNA679096,NA,679096,SRS7794777,SAMN16824178,simple,410661,mouse gut metagenome,WD+GFP MC,NA,NA,NA,NA,female,NA,no,NA,NA,NA,NA,"UNIVERSITY OF CALIFORNIA, DAVIS",SRA1164134,NA,public,0B7338EB733815EBF920573279F3BE80,4F11EAA55465A1FA6C1F47371D042834,SRR13149840
SRR13149841,2020-11-26 08:38:15,2020-11-26 08:35:58,71064,39514662,71064,556,24,NA,https://sra-downloadb.be-md.ncbi.nlm.nih.gov/sos9/sra-pub-zq-924/SRR013/13149/SRR13149841/SRR13149841.lite.1,SRX9590114,WD+GFPMC.07,AMPLICON,PCR,GENOMIC,PAIRED,0,0,ILLUMINA,Illumina MiSeq,SRP294311,PRJNA679096,NA,679096,SRS7794777,SAMN16824178,simple,410661,mouse gut metagenome,WD+GFP MC,NA,NA,NA,NA,female,NA,no,NA,NA,NA,NA,"UNIVERSITY OF CALIFORNIA, DAVIS",SRA1164134,NA,public,E993DA4958C5E489F43B36733B41D30E,5FBEA990C08BA3FE1B45E2922F12680E,SRR13149841
SRR13149842,2020-11-26 08:38:14,2020-11-26 08:36:01,102026,56731503,102026,556,34,NA,https://sra-downloadb.be-md.ncbi.nlm.nih.gov/sos9/sra-pub-zq-924/SRR013/13149/SRR13149842/SRR13149842.lite.1,SRX9590113,WD+GFPMC.06,AMPLICON,PCR,GENOMIC,PAIRED,0,0,ILLUMINA,Illumina MiSeq,SRP294311,PRJNA679096,NA,679096,SRS7794777,SAMN16824178,simple,410661,mouse gut metagenome,WD+GFP MC,NA,NA,NA,NA,female,NA,no,NA,NA,NA,NA,"UNIVERSITY OF CALIFORNIA, DAVIS",SRA1164134,NA,public,9D0D0CC686B6D4FE71E324BF76949FD8,128E0AF4452206591985E5CF771C447C,SRR13149842
SRR13149843,2020-11-26 08:38:14,2020-11-26 08:35:54,105622,58729857,105622,556,35,NA,https://sra-downloadb.be-md.ncbi.nlm.nih.gov/sos9/sra-pub-zq-924/SRR013/13149/SRR13149843/SRR13149843.lite.1,SRX9590112,WD+GFPMC.05,AMPLICON,PCR,GENOMIC,PAIRED,0,0,ILLUMINA,Illumina MiSeq,SRP294311,PRJNA679096,NA,679096,SRS7794777,SAMN16824178,simple,410661,mouse gut metagenome,WD+GFP MC,NA,NA,NA,NA,female,NA,no,NA,NA,NA,NA,"UNIVERSITY OF CALIFORNIA, DAVIS",SRA1164134,NA,public,9C80385C15F155CBB4F7E1DCB93893FC,76616BE821CF803F5D8D481F4BF5777E,SRR13149843
SRR13149844,2020-11-26 08:38:14,2020-11-26 08:35:58,79738,44336316,79738,556,26,NA,https://sra-downloadb.be-md.ncbi.nlm.nih.gov/sos9/sra-pub-zq-924/SRR013/13149/SRR13149844/SRR13149844.lite.1,SRX9590111,CD+GFPMC.03,AMPLICON,PCR,GENOMIC,PAIRED,0,0,ILLUMINA,Illumina MiSeq,SRP294311,PRJNA679096,NA,679096,SRS7794775,SAMN16824176,simple,410661,mouse gut metagenome,CD+GFP MC,NA,NA,NA,NA,female,NA,no,NA,NA,NA,NA,"UNIVERSITY OF CALIFORNIA, DAVIS",SRA1164134,NA,public,9E094354245C2E2528EDDD318019CBC1,53A257664266E17EB6C4622E8A541C22,SRR13149844
SRR13149845,2020-11-26 08:38:14,2020-11-26 08:35:58,73547,40895245,73547,556,24,NA,https://sra-downloadb.be-md.ncbi.nlm.nih.gov/sos9/sra-pub-zq-924/SRR013/13149/SRR13149845/SRR13149845.lite.1,SRX9590110,WD+GFPMC.04,AMPLICON,PCR,GENOMIC,PAIRED,0,0,ILLUMINA,Illumina MiSeq,SRP294311,PRJNA679096,NA,679096,SRS7794777,SAMN16824178,simple,410661,mouse gut metagenome,WD+GFP MC,NA,NA,NA,NA,female,NA,no,NA,NA,NA,NA,"UNIVERSITY OF CALIFORNIA, DAVIS",SRA1164134,NA,public,8B15FC3EDA13CADD7E19E39A3549305D,651F70048380EC1ACCE2B7B22D7490A4,SRR13149845
SRR13149846,2020-11-26 08:38:14,2020-11-26 08:36:01,86540,48121043,86540,556,29,NA,https://sra-downloadb.be-md.ncbi.nlm.nih.gov/sos9/sra-pub-zq-924/SRR013/13149/SRR13149846/SRR13149846.lite.1,SRX9590109,WD+GFPMC.03,AMPLICON,PCR,GENOMIC,PAIRED,0,0,ILLUMINA,Illumina MiSeq,SRP294311,PRJNA679096,NA,679096,SRS7794777,SAMN16824178,simple,410661,mouse gut metagenome,WD+GFP MC,NA,NA,NA,NA,female,NA,no,NA,NA,NA,NA,"UNIVERSITY OF CALIFORNIA, DAVIS",SRA1164134,NA,public,0D5208E53168021566C33D65A2E34B58,709781F725AC4E0FB12F1DF4172DD84B,SRR13149846
SRR13149847,2020-11-26 08:38:13,2020-11-26 08:35:58,70282,39079708,70282,556,23,NA,https://sra-downloadb.be-md.ncbi.nlm.nih.gov/sos9/sra-pub-zq-924/SRR013/13149/SRR13149847/SRR13149847.lite.1,SRX9590108,WD+GFPMC.02,AMPLICON,PCR,GENOMIC,PAIRED,0,0,ILLUMINA,Illumina MiSeq,SRP294311,PRJNA679096,NA,679096,SRS7794777,SAMN16824178,simple,410661,mouse gut metagenome,WD+GFP MC,NA,NA,NA,NA,female,NA,no,NA,NA,NA,NA,"UNIVERSITY OF CALIFORNIA, DAVIS",SRA1164134,NA,public,8423AC88CABCDF8F16AE33EB912B4568,CF5E2136C9582C4BBC11321F1BE9B5BC,SRR13149847
SRR13149848,2020-11-26 08:38:13,2020-11-26 08:36:04,76594,42590842,76594,556,25,NA,https://sra-downloadb.be-md.ncbi.nlm.nih.gov/sos9/sra-pub-zq-924/SRR013/13149/SRR13149848/SRR13149848.lite.1,SRX9590107,WD+GFPMC.01,AMPLICON,PCR,GENOMIC,PAIRED,0,0,ILLUMINA,Illumina MiSeq,SRP294311,PRJNA679096,NA,679096,SRS7794777,SAMN16824178,simple,410661,mouse gut metagenome,WD+GFP MC,NA,NA,NA,NA,female,NA,no,NA,NA,NA,NA,"UNIVERSITY OF CALIFORNIA, DAVIS",SRA1164134,NA,public,191E6045A81E99A67745BCAE7567F46E,0DE6461C8F8E3BF0CE8AC102D9BE2AC2,SRR13149848
SRR13149849,2020-11-26 08:38:13,2020-11-26 08:35:59,100854,56078976,100854,556,32,NA,https://sra-downloadb.be-md.ncbi.nlm.nih.gov/sos9/sra-pub-zq-924/SRR013/13149/SRR13149849/SRR13149849.lite.1,SRX9590106,CD+IL23MC.08,AMPLICON,PCR,GENOMIC,PAIRED,0,0,ILLUMINA,Illumina MiSeq,SRP294311,PRJNA679096,NA,679096,SRS7794776,SAMN16824177,simple,410661,mouse gut metagenome,CD+IL-23 MC,NA,NA,NA,NA,female,NA,no,NA,NA,NA,NA,"UNIVERSITY OF CALIFORNIA, DAVIS",SRA1164134,NA,public,33829B0082374B20745F79ED9561DCC4,F92F75AA6AF282F3A8E25358D8806F9E,SRR13149849
SRR13149850,2020-11-26 08:38:13,2020-11-26 08:36:01,93429,51949908,93429,556,30,NA,https://sra-downloadb.be-md.ncbi.nlm.nih.gov/sos9/sra-pub-zq-924/SRR013/13149/SRR13149850/SRR13149850.lite.1,SRX9590105,CD+IL23MC.07,AMPLICON,PCR,GENOMIC,PAIRED,0,0,ILLUMINA,Illumina MiSeq,SRP294311,PRJNA679096,NA,679096,SRS7794776,SAMN16824177,simple,410661,mouse gut metagenome,CD+IL-23 MC,NA,NA,NA,NA,female,NA,no,NA,NA,NA,NA,"UNIVERSITY OF CALIFORNIA, DAVIS",SRA1164134,NA,public,89F8BF75704600AB6A95B7751F13C363,281EC00F0408126E8745FB397D7F8B51,SRR13149850
SRR13149851,2020-11-26 08:38:13,2020-11-26 08:36:11,94112,52330251,94112,556,31,NA,https://sra-downloadb.be-md.ncbi.nlm.nih.gov/sos9/sra-pub-zq-924/SRR013/13149/SRR13149851/SRR13149851.lite.1,SRX9590104,CD+IL23MC.06,AMPLICON,PCR,GENOMIC,PAIRED,0,0,ILLUMINA,Illumina MiSeq,SRP294311,PRJNA679096,NA,679096,SRS7794776,SAMN16824177,simple,410661,mouse gut metagenome,CD+IL-23 MC,NA,NA,NA,NA,female,NA,no,NA,NA,NA,NA,"UNIVERSITY OF CALIFORNIA, DAVIS",SRA1164134,NA,public,C51F14E4B1161A82DF29E0973F46F74D,E63DBC1D4447E4358DA981D4521461D7,SRR13149851
SRR13149852,2020-11-26 08:38:13,2020-11-26 08:36:05,94538,52566983,94538,556,31,NA,https://sra-downloadb.be-md.ncbi.nlm.nih.gov/sos9/sra-pub-zq-924/SRR013/13149/SRR13149852/SRR13149852.lite.1,SRX9590103,CD+IL23MC.05,AMPLICON,PCR,GENOMIC,PAIRED,0,0,ILLUMINA,Illumina MiSeq,SRP294311,PRJNA679096,NA,679096,SRS7794776,SAMN16824177,simple,410661,mouse gut metagenome,CD+IL-23 MC,NA,NA,NA,NA,female,NA,no,NA,NA,NA,NA,"UNIVERSITY OF CALIFORNIA, DAVIS",SRA1164134,NA,public,E0E9C4794CE6CD399B7B7E1769311840,524C1BB97A7597430666FCD0C3886F35,SRR13149852
SRR13149853,2020-11-26 08:38:13,2020-11-26 08:36:01,85569,47580684,85569,556,28,NA,https://sra-downloadb.be-md.ncbi.nlm.nih.gov/sos9/sra-pub-zq-924/SRR013/13149/SRR13149853/SRR13149853.lite.1,SRX9590102,CD+IL23MC.04,AMPLICON,PCR,GENOMIC,PAIRED,0,0,ILLUMINA,Illumina MiSeq,SRP294311,PRJNA679096,NA,679096,SRS7794776,SAMN16824177,simple,410661,mouse gut metagenome,CD+IL-23 MC,NA,NA,NA,NA,female,NA,no,NA,NA,NA,NA,"UNIVERSITY OF CALIFORNIA, DAVIS",SRA1164134,NA,public,A187E7F091C9C38262926BEE3F1F2C3F,CFD36AB6CE94DC00D6545E4C9626826C,SRR13149853
SRR13149854,2020-11-26 08:38:13,2020-11-26 08:35:58,91709,50992609,91709,556,30,NA,https://sra-downloadb.be-md.ncbi.nlm.nih.gov/sos9/sra-pub-zq-924/SRR013/13149/SRR13149854/SRR13149854.lite.1,SRX9590101,CD+IL23MC.03,AMPLICON,PCR,GENOMIC,PAIRED,0,0,ILLUMINA,Illumina MiSeq,SRP294311,PRJNA679096,NA,679096,SRS7794776,SAMN16824177,simple,410661,mouse gut metagenome,CD+IL-23 MC,NA,NA,NA,NA,female,NA,no,NA,NA,NA,NA,"UNIVERSITY OF CALIFORNIA, DAVIS",SRA1164134,NA,public,CC03AD8AAE1FD6287F43893C7B33CD03,F23FC4B2501920FC1A6F5ED05DC4B8A9,SRR13149854
SRR13149855,2020-11-26 08:38:13,2020-11-26 08:36:03,69523,38656592,69523,556,23,NA,https://sra-downloadb.be-md.ncbi.nlm.nih.gov/sos9/sra-pub-zq-924/SRR013/13149/SRR13149855/SRR13149855.lite.1,SRX9590100,CD+GFPMC.02,AMPLICON,PCR,GENOMIC,PAIRED,0,0,ILLUMINA,Illumina MiSeq,SRP294311,PRJNA679096,NA,679096,SRS7794775,SAMN16824176,simple,410661,mouse gut metagenome,CD+GFP MC,NA,NA,NA,NA,female,NA,no,NA,NA,NA,NA,"UNIVERSITY OF CALIFORNIA, DAVIS",SRA1164134,NA,public,786657A6BFCF31DD145AE03FBC495C9C,38E33DF933EAF0863FA7EF190E8C6231,SRR13149855
SRR13149856,2020-11-26 08:38:13,2020-11-26 08:35:57,70616,39263128,70616,556,23,NA,https://sra-downloadb.be-md.ncbi.nlm.nih.gov/sos9/sra-pub-zq-924/SRR013/13149/SRR13149856/SRR13149856.lite.1,SRX9590099,CD+GFPMC.01,AMPLICON,PCR,GENOMIC,PAIRED,0,0,ILLUMINA,Illumina MiSeq,SRP294311,PRJNA679096,NA,679096,SRS7794775,SAMN16824176,simple,410661,mouse gut metagenome,CD+GFP MC,NA,NA,NA,NA,female,NA,no,NA,NA,NA,NA,"UNIVERSITY OF CALIFORNIA, DAVIS",SRA1164134,NA,public,7BCC14276B3380BE0CE44D4B8EBF971C,D3F8926EB87707D8118335C6696291FD,SRR13149856
SRR13728271,2022-03-31 00:04:12,2021-02-17 05:42:51,75322,37742354,75322,501,19,NA,https://sra-downloadb.be-md.ncbi.nlm.nih.gov/sos9/sra-pub-zq-924/SRR013/13728/SRR13728271/SRR13728271.lite.1,SRX10116349,DIAB_46,AMPLICON,PCR,METAGENOMIC,PAIRED,0,0,ILLUMINA,Illumina MiSeq,SRP306787,PRJNA702261,NA,702261,SRS8271626,SAMN17935171,simple,408170,human gut metagenome,DIAB_46,NA,NA,NA,NA,NA,NA,no,NA,NA,NA,NA,"BAMBINO GESU CHILDREN S HOSPITAL, IRCCS, ROME, ITALY",SRA1197009,NA,public,2C57EBC360B9780F0E82F1BB0553131D,A2F48C1497E89E88CA62E394664A3652,SRR13728271
SRR13728272,2022-03-31 00:04:12,2021-02-17 05:42:57,84636,42481172,84636,501,22,NA,https://sra-downloadb.be-md.ncbi.nlm.nih.gov/sos9/sra-pub-zq-924/SRR013/13728/SRR13728272/SRR13728272.lite.1,SRX10116348,DIAB_103,AMPLICON,PCR,METAGENOMIC,PAIRED,0,0,ILLUMINA,Illumina MiSeq,SRP306787,PRJNA702261,NA,702261,SRS8271625,SAMN17935204,simple,408170,human gut metagenome,DIAB_103,NA,NA,NA,NA,NA,NA,no,NA,NA,NA,NA,"BAMBINO GESU CHILDREN S HOSPITAL, IRCCS, ROME, ITALY",SRA1197009,NA,public,486C927E55D5C98D1E2B7E66450E3200,C6AC08A0ADD6B3E45C9F22B05F48F87D,SRR13728272
SRR13728273,2022-03-31 00:04:12,2021-02-17 05:42:52,84820,42500087,84820,501,21,NA,https://sra-downloadb.be-md.ncbi.nlm.nih.gov/sos1/sra-pub-zq-38/SRR013/13728/SRR13728273/SRR13728273.lite.1,SRX10116347,DIAB_41,AMPLICON,PCR,METAGENOMIC,PAIRED,0,0,ILLUMINA,Illumina MiSeq,SRP306787,PRJNA702261,NA,702261,SRS8271624,SAMN17935170,simple,408170,human gut metagenome,DIAB_41,NA,NA,NA,NA,NA,NA,no,NA,NA,NA,NA,"BAMBINO GESU CHILDREN S HOSPITAL, IRCCS, ROME, ITALY",SRA1197009,NA,public,A9DF7253AD5A1D44938D2D07BF16A015,CF08BAD7D18114DADC6873F6B998B64C,SRR13728273
SRR13728274,2022-03-31 00:04:12,2021-02-17 05:42:56,111216,55782583,111216,501,28,NA,https://sra-downloadb.be-md.ncbi.nlm.nih.gov/sos1/sra-pub-zq-38/SRR013/13728/SRR13728274/SRR13728274.lite.1,SRX10116346,DIAB_40,AMPLICON,PCR,METAGENOMIC,PAIRED,0,0,ILLUMINA,Illumina MiSeq,SRP306787,PRJNA702261,NA,702261,SRS8271623,SAMN17935169,simple,408170,human gut metagenome,DIAB_40,NA,NA,NA,NA,NA,NA,no,NA,NA,NA,NA,"BAMBINO GESU CHILDREN S HOSPITAL, IRCCS, ROME, ITALY",SRA1197009,NA,public,EBB5587EB7845BFAA489F915D490C01E,FC2D943F5914C6FCE697FCCC9AA51308,SRR13728274
SRR13728275,2022-03-31 00:04:12,2021-02-17 05:42:47,62475,31333910,62475,501,15,NA,https://sra-downloadb.be-md.ncbi.nlm.nih.gov/sos4/sra-pub-zq-1/SRR013/13728/SRR13728275/SRR13728275.lite.1,SRX10116345,DIAB_4,AMPLICON,PCR,METAGENOMIC,PAIRED,0,0,ILLUMINA,Illumina MiSeq,SRP306787,PRJNA702261,NA,702261,SRS8271622,SAMN17935143,simple,408170,human gut metagenome,DIAB_4,NA,NA,NA,NA,NA,NA,no,NA,NA,NA,NA,"BAMBINO GESU CHILDREN S HOSPITAL, IRCCS, ROME, ITALY",SRA1197009,NA,public,F7902FA43B35599AD9DB4C916C583A74,A08EFDE505BB61EFBA0D9FEA7C5EDC04,SRR13728275
SRR13728276,2022-03-31 00:04:12,2021-02-17 05:42:51,53856,27012419,53856,501,14,NA,https://sra-downloadb.be-md.ncbi.nlm.nih.gov/sos1/sra-pub-zq-38/SRR013/13728/SRR13728276/SRR13728276.lite.1,SRX10116344,DIAB_39,AMPLICON,PCR,METAGENOMIC,PAIRED,0,0,ILLUMINA,Illumina MiSeq,SRP306787,PRJNA702261,NA,702261,SRS8271621,SAMN17935168,simple,408170,human gut metagenome,DIAB_39,NA,NA,NA,NA,NA,NA,no,NA,NA,NA,NA,"BAMBINO GESU CHILDREN S HOSPITAL, IRCCS, ROME, ITALY",SRA1197009,NA,public,55F9E29914AB37B34F9289264EEA3221,E7A9D10A4DA264E83CDF6BCBC6AD327C,SRR13728276
SRR13728277,2022-03-31 00:04:12,2021-02-17 05:42:55,63168,31660048,63168,501,16,NA,https://sra-downloadb.be-md.ncbi.nlm.nih.gov/sos9/sra-pub-zq-924/SRR013/13728/SRR13728277/SRR13728277.lite.1,SRX10116343,DIAB_38,AMPLICON,PCR,METAGENOMIC,PAIRED,0,0,ILLUMINA,Illumina MiSeq,SRP306787,PRJNA702261,NA,702261,SRS8271620,SAMN17935167,simple,408170,human gut metagenome,DIAB_38,NA,NA,NA,NA,NA,NA,no,NA,NA,NA,NA,"BAMBINO GESU CHILDREN S HOSPITAL, IRCCS, ROME, ITALY",SRA1197009,NA,public,63A5BF02C5EF5FE512CDB48B460D648C,BC70FD9E571501F2C17B825F9576D346,SRR13728277
SRR13728278,2022-03-31 00:04:12,2021-02-17 05:42:50,91763,46010650,91763,501,23,NA,https://sra-downloadb.be-md.ncbi.nlm.nih.gov/sos9/sra-pub-zq-924/SRR013/13728/SRR13728278/SRR13728278.lite.1,SRX10116342,DIAB_37,AMPLICON,PCR,METAGENOMIC,PAIRED,0,0,ILLUMINA,Illumina MiSeq,SRP306787,PRJNA702261,NA,702261,SRS8271619,SAMN17935166,simple,408170,human gut metagenome,DIAB_37,NA,NA,NA,NA,NA,NA,no,NA,NA,NA,NA,"BAMBINO GESU CHILDREN S HOSPITAL, IRCCS, ROME, ITALY",SRA1197009,NA,public,BB0457B176CA0E677BC5D4FD67E9CACA,3A844D92522E488ABB3A7E01C5CB7173,SRR13728278
SRR13728279,2022-03-31 00:04:12,2021-02-17 05:42:50,92875,46563748,92875,501,23,NA,https://sra-downloadb.be-md.ncbi.nlm.nih.gov/sos9/sra-pub-zq-922/SRR013/13728/SRR13728279/SRR13728279.lite.1,SRX10116341,DIAB_36,AMPLICON,PCR,METAGENOMIC,PAIRED,0,0,ILLUMINA,Illumina MiSeq,SRP306787,PRJNA702261,NA,702261,SRS8271618,SAMN17935165,simple,408170,human gut metagenome,DIAB_36,NA,NA,NA,NA,NA,NA,no,NA,NA,NA,NA,"BAMBINO GESU CHILDREN S HOSPITAL, IRCCS, ROME, ITALY",SRA1197009,NA,public,2E196822022BF95AF536BF81D8CE6B02,CD8BE7368D7C5CEB5A250E31E9ABB75B,SRR13728279
SRR13728280,2022-03-31 00:04:12,2021-02-17 05:42:54,98173,49231388,98173,501,25,NA,https://sra-downloadb.be-md.ncbi.nlm.nih.gov/sos9/sra-pub-zq-924/SRR013/13728/SRR13728280/SRR13728280.lite.1,SRX10116340,DIAB_34,AMPLICON,PCR,METAGENOMIC,PAIRED,0,0,ILLUMINA,Illumina MiSeq,SRP306787,PRJNA702261,NA,702261,SRS8271617,SAMN17935164,simple,408170,human gut metagenome,DIAB_34,NA,NA,NA,NA,NA,NA,no,NA,NA,NA,NA,"BAMBINO GESU CHILDREN S HOSPITAL, IRCCS, ROME, ITALY",SRA1197009,NA,public,0D8C977CF0BF5826DC752813DD14EB77,E8C4A7F5E2D88AB47B8A7530D9B077D1,SRR13728280
SRR13728281,2022-03-31 00:04:12,2021-02-17 05:42:58,100215,50270054,100215,501,24,NA,https://sra-downloadb.be-md.ncbi.nlm.nih.gov/sos9/sra-pub-zq-924/SRR013/13728/SRR13728281/SRR13728281.lite.1,SRX10116339,DIAB_32,AMPLICON,PCR,METAGENOMIC,PAIRED,0,0,ILLUMINA,Illumina MiSeq,SRP306787,PRJNA702261,NA,702261,SRS8271616,SAMN17935163,simple,408170,human gut metagenome,DIAB_32,NA,NA,NA,NA,NA,NA,no,NA,NA,NA,NA,"BAMBINO GESU CHILDREN S HOSPITAL, IRCCS, ROME, ITALY",SRA1197009,NA,public,F2E0E99E750239D0BDFC88AE645129C9,69C45A60BEF8F05136989B127205957C,SRR13728281
SRR13728282,2022-03-31 00:04:12,2021-02-17 05:43:01,121377,60917002,121377,501,30,NA,https://sra-downloadb.be-md.ncbi.nlm.nih.gov/sos9/sra-pub-zq-924/SRR013/13728/SRR13728282/SRR13728282.lite.1,SRX10116338,DIAB_31,AMPLICON,PCR,METAGENOMIC,PAIRED,0,0,ILLUMINA,Illumina MiSeq,SRP306787,PRJNA702261,NA,702261,SRS8271615,SAMN17935162,simple,408170,human gut metagenome,DIAB_31,NA,NA,NA,NA,NA,NA,no,NA,NA,NA,NA,"BAMBINO GESU CHILDREN S HOSPITAL, IRCCS, ROME, ITALY",SRA1197009,NA,public,4E7C41094CC70A4E015B3636D3A23B75,180C9CB457CCFA9756E96D5D85AB692C,SRR13728282
SRR13728283,2022-03-31 00:04:12,2021-02-17 05:43:00,99928,50152440,99928,501,28,NA,https://sra-downloadb.be-md.ncbi.nlm.nih.gov/sos1/sra-pub-zq-38/SRR013/13728/SRR13728283/SRR13728283.lite.1,SRX10116337,DIAB_102,AMPLICON,PCR,METAGENOMIC,PAIRED,0,0,ILLUMINA,Illumina MiSeq,SRP306787,PRJNA702261,NA,702261,SRS8271614,SAMN17935186,simple,408170,human gut metagenome,DIAB_102,NA,NA,NA,NA,NA,NA,no,NA,NA,NA,NA,"BAMBINO GESU CHILDREN S HOSPITAL, IRCCS, ROME, ITALY",SRA1197009,NA,public,9707E625934CAB6BDD12EEF2EE85E234,6E99DE2D1A82CF072DF0AA1E9A42FFF4,SRR13728283
SRR13728284,2022-03-31 00:04:12,2021-02-17 05:42:52,31282,15692541,31282,501,8,NA,https://sra-downloadb.be-md.ncbi.nlm.nih.gov/sos9/sra-pub-zq-924/SRR013/13728/SRR13728284/SRR13728284.lite.1,SRX10116336,DIAB_3,AMPLICON,PCR,METAGENOMIC,PAIRED,0,0,ILLUMINA,Illumina MiSeq,SRP306787,PRJNA702261,NA,702261,SRS8271613,SAMN17935142,simple,408170,human gut metagenome,DIAB_3,NA,NA,NA,NA,NA,NA,no,NA,NA,NA,NA,"BAMBINO GESU CHILDREN S HOSPITAL, IRCCS, ROME, ITALY",SRA1197009,NA,public,93F7F90B464DE7DF53B05A424D709545,47257DA4A3B706582FE495B034DF2BA6,SRR13728284
SRR13728285,2022-03-31 00:04:12,2021-02-17 05:42:54,107039,53672656,107039,501,26,NA,https://sra-downloadb.be-md.ncbi.nlm.nih.gov/sos9/sra-pub-zq-924/SRR013/13728/SRR13728285/SRR13728285.lite.1,SRX10116335,DIAB_29,AMPLICON,PCR,METAGENOMIC,PAIRED,0,0,ILLUMINA,Illumina MiSeq,SRP306787,PRJNA702261,NA,702261,SRS8271612,SAMN17935161,simple,408170,human gut metagenome,DIAB_29,NA,NA,NA,NA,NA,NA,no,NA,NA,NA,NA,"BAMBINO GESU CHILDREN S HOSPITAL, IRCCS, ROME, ITALY",SRA1197009,NA,public,57C484CE7CCBCB9F11B56D927B3041AC,743D30680480ABAE483F3553A9E6B711,SRR13728285
SRR13728286,2022-03-31 00:04:12,2021-02-17 05:42:58,95897,48093876,95897,501,24,NA,https://sra-downloadb.be-md.ncbi.nlm.nih.gov/sos9/sra-pub-zq-924/SRR013/13728/SRR13728286/SRR13728286.lite.1,SRX10116334,DIAB_28,AMPLICON,PCR,METAGENOMIC,PAIRED,0,0,ILLUMINA,Illumina MiSeq,SRP306787,PRJNA702261,NA,702261,SRS8271611,SAMN17935160,simple,408170,human gut metagenome,DIAB_28,NA,NA,NA,NA,NA,NA,no,NA,NA,NA,NA,"BAMBINO GESU CHILDREN S HOSPITAL, IRCCS, ROME, ITALY",SRA1197009,NA,public,39E5E4C59953EE64D92CAFF55D1D5093,B8AC1D6401F7D041BCBD080A963FC762,SRR13728286
SRR13728287,2022-03-31 00:04:12,2021-02-17 05:42:53,58985,29565425,58985,501,15,NA,https://sra-downloadb.be-md.ncbi.nlm.nih.gov/sos9/sra-pub-zq-924/SRR013/13728/SRR13728287/SRR13728287.lite.1,SRX10116333,DIAB_27,AMPLICON,PCR,METAGENOMIC,PAIRED,0,0,ILLUMINA,Illumina MiSeq,SRP306787,PRJNA702261,NA,702261,SRS8271610,SAMN17935159,simple,408170,human gut metagenome,DIAB_27,NA,NA,NA,NA,NA,NA,no,NA,NA,NA,NA,"BAMBINO GESU CHILDREN S HOSPITAL, IRCCS, ROME, ITALY",SRA1197009,NA,public,A3616C585F749E6B532FCAFE3E6BC550,905B68C60C707096D5076B3C1C632DA7,SRR13728287
SRR13728288,2022-03-31 00:04:12,2021-02-17 05:42:53,76282,38235210,76282,501,19,NA,https://sra-downloadb.be-md.ncbi.nlm.nih.gov/sos9/sra-pub-zq-924/SRR013/13728/SRR13728288/SRR13728288.lite.1,SRX10116332,DIAB_25,AMPLICON,PCR,METAGENOMIC,PAIRED,0,0,ILLUMINA,Illumina MiSeq,SRP306787,PRJNA702261,NA,702261,SRS8271609,SAMN17935158,simple,408170,human gut metagenome,DIAB_25,NA,NA,NA,NA,NA,NA,no,NA,NA,NA,NA,"BAMBINO GESU CHILDREN S HOSPITAL, IRCCS, ROME, ITALY",SRA1197009,NA,public,F2C51D12A62C9339E35EB2BC816500E5,67B204FDDDB5978810301F8C6DEBE3DF,SRR13728288
SRR13728289,2022-03-31 00:04:12,2021-02-17 05:43:00,110747,55497820,110747,501,28,NA,https://sra-downloadb.be-md.ncbi.nlm.nih.gov/sos1/sra-pub-zq-38/SRR013/13728/SRR13728289/SRR13728289.lite.1,SRX10116331,DIAB_24,AMPLICON,PCR,METAGENOMIC,PAIRED,0,0,ILLUMINA,Illumina MiSeq,SRP306787,PRJNA702261,NA,702261,SRS8271608,SAMN17935157,simple,408170,human gut metagenome,DIAB_24,NA,NA,NA,NA,NA,NA,no,NA,NA,NA,NA,"BAMBINO GESU CHILDREN S HOSPITAL, IRCCS, ROME, ITALY",SRA1197009,NA,public,C375FB2964BF20BFF05E661A2E94EE57,413441EECF2CA90C13FD5DB0E4A58B26,SRR13728289
SRR13728290,2022-03-31 00:04:12,2021-02-17 05:42:52,54015,27089631,54015,501,13,NA,https://sra-downloadb.be-md.ncbi.nlm.nih.gov/sos9/sra-pub-zq-924/SRR013/13728/SRR13728290/SRR13728290.lite.1,SRX10116330,DIAB_22,AMPLICON,PCR,METAGENOMIC,PAIRED,0,0,ILLUMINA,Illumina MiSeq,SRP306787,PRJNA702261,NA,702261,SRS8271607,SAMN17935156,simple,408170,human gut metagenome,DIAB_22,NA,NA,NA,NA,NA,NA,no,NA,NA,NA,NA,"BAMBINO GESU CHILDREN S HOSPITAL, IRCCS, ROME, ITALY",SRA1197009,NA,public,A67E5A4C218FD5A3E05C4CC74451A25D,5EF360F144E2EBA195DC0BF99BDEB4EA,SRR13728290
SRR13728291,2022-03-31 00:04:12,2021-02-17 05:42:52,40257,20188321,40257,501,10,NA,https://sra-downloadb.be-md.ncbi.nlm.nih.gov/sos9/sra-pub-zq-924/SRR013/13728/SRR13728291/SRR13728291.lite.1,SRX10116329,DIAB_21,AMPLICON,PCR,METAGENOMIC,PAIRED,0,0,ILLUMINA,Illumina MiSeq,SRP306787,PRJNA702261,NA,702261,SRS8271606,SAMN17935155,simple,408170,human gut metagenome,DIAB_21,NA,NA,NA,NA,NA,NA,no,NA,NA,NA,NA,"BAMBINO GESU CHILDREN S HOSPITAL, IRCCS, ROME, ITALY",SRA1197009,NA,public,F930F0221D5EDF5B166D7BDEF0CF3FD6,2145879E47012D5DC72E2410E3853703,SRR13728291
SRR13728292,2022-03-31 00:04:12,2021-02-17 05:42:56,51360,25703590,51360,500,13,NA,https://sra-downloadb.be-md.ncbi.nlm.nih.gov/sos9/sra-pub-zq-924/SRR013/13728/SRR13728292/SRR13728292.lite.1,SRX10116328,DIAB_20,AMPLICON,PCR,METAGENOMIC,PAIRED,0,0,ILLUMINA,Illumina MiSeq,SRP306787,PRJNA702261,NA,702261,SRS8271605,SAMN17935154,simple,408170,human gut metagenome,DIAB_20,NA,NA,NA,NA,NA,NA,no,NA,NA,NA,NA,"BAMBINO GESU CHILDREN S HOSPITAL, IRCCS, ROME, ITALY",SRA1197009,NA,public,731F47E5E5EE8B2C5744DB79D77ED2ED,21585817A7E6AB86E5E8FC91D01FC2E1,SRR13728292
SRR13728293,2022-03-31 00:04:12,2021-02-17 05:42:54,54076,27095737,54076,501,13,NA,https://sra-downloadb.be-md.ncbi.nlm.nih.gov/sos1/sra-pub-zq-38/SRR013/13728/SRR13728293/SRR13728293.lite.1,SRX10116327,DIAB_2,AMPLICON,PCR,METAGENOMIC,PAIRED,0,0,ILLUMINA,Illumina MiSeq,SRP306787,PRJNA702261,NA,702261,SRS8271604,SAMN17935141,simple,408170,human gut metagenome,DIAB_2,NA,NA,NA,NA,NA,NA,no,NA,NA,NA,NA,"BAMBINO GESU CHILDREN S HOSPITAL, IRCCS, ROME, ITALY",SRA1197009,NA,public,6B35DE69EDFFD13DE5441D766742D3BC,2A1BA634F3668BD5CEF782606E3EB6BD,SRR13728293
SRR13728294,2022-03-31 00:04:12,2021-02-17 05:43:03,133032,66771575,133032,501,34,NA,https://sra-downloadb.be-md.ncbi.nlm.nih.gov/sos9/sra-pub-zq-924/SRR013/13728/SRR13728294/SRR13728294.lite.1,SRX10116326,DIAB_101,AMPLICON,PCR,METAGENOMIC,PAIRED,0,0,ILLUMINA,Illumina MiSeq,SRP306787,PRJNA702261,NA,702261,SRS8271603,SAMN17935203,simple,408170,human gut metagenome,DIAB_101,NA,NA,NA,NA,NA,NA,no,NA,NA,NA,NA,"BAMBINO GESU CHILDREN S HOSPITAL, IRCCS, ROME, ITALY",SRA1197009,NA,public,296C9E49A499C20A6CCE56A7F669D001,C9BC26D6D00454F961A5DB85812B64CC,SRR13728294
SRR13728295,2022-03-31 00:04:12,2021-02-17 05:43:02,117053,58742122,117053,501,31,NA,https://sra-downloadb.be-md.ncbi.nlm.nih.gov/sos1/sra-pub-zq-38/SRR013/13728/SRR13728295/SRR13728295.lite.1,SRX10116325,DIAB_19,AMPLICON,PCR,METAGENOMIC,PAIRED,0,0,ILLUMINA,Illumina MiSeq,SRP306787,PRJNA702261,NA,702261,SRS8271602,SAMN17935193,simple,408170,human gut metagenome,DIAB_19,NA,NA,NA,NA,NA,NA,no,NA,NA,NA,NA,"BAMBINO GESU CHILDREN S HOSPITAL, IRCCS, ROME, ITALY",SRA1197009,NA,public,DA5C84F8A02D1A4F8CB4CE9A69F3B8AA,5AF6CFADFA0655DD00BBF3C7E3D32D8B,SRR13728295
SRR13728296,2022-03-31 00:04:12,2021-02-17 05:42:53,56500,28358389,56500,501,15,NA,https://sra-downloadb.be-md.ncbi.nlm.nih.gov/sos1/sra-pub-zq-38/SRR013/13728/SRR13728296/SRR13728296.lite.1,SRX10116324,DIAB_17,AMPLICON,PCR,METAGENOMIC,PAIRED,0,0,ILLUMINA,Illumina MiSeq,SRP306787,PRJNA702261,NA,702261,SRS8271601,SAMN17935192,simple,408170,human gut metagenome,DIAB_17,NA,NA,NA,NA,NA,NA,no,NA,NA,NA,NA,"BAMBINO GESU CHILDREN S HOSPITAL, IRCCS, ROME, ITALY",SRA1197009,NA,public,7AC1799862C690311F59D03ACFA1DE99,4F99F6B2D94ADDDFCCFD284D29FF3A45,SRR13728296
SRR13728297,2022-03-31 00:04:12,2021-02-17 05:42:49,61117,30644700,61117,501,15,NA,https://sra-downloadb.be-md.ncbi.nlm.nih.gov/sos8/sra-pub-zq-818/SRR013/13728/SRR13728297/SRR13728297.lite.1,SRX10116323,DIAB_15,AMPLICON,PCR,METAGENOMIC,PAIRED,0,0,ILLUMINA,Illumina MiSeq,SRP306787,PRJNA702261,NA,702261,SRS8271600,SAMN17935153,simple,408170,human gut metagenome,DIAB_15,NA,NA,NA,NA,NA,NA,no,NA,NA,NA,NA,"BAMBINO GESU CHILDREN S HOSPITAL, IRCCS, ROME, ITALY",SRA1197009,NA,public,9DEAB9264192D82170BB2066A1A69906,8F8B4A0C64D247B9741FFB648747DF07,SRR13728297
SRR13728298,2022-03-31 00:04:12,2021-02-17 05:42:49,85195,42720583,85195,501,21,NA,https://sra-downloadb.be-md.ncbi.nlm.nih.gov/sos1/sra-pub-zq-38/SRR013/13728/SRR13728298/SRR13728298.lite.1,SRX10116322,DIAB_13,AMPLICON,PCR,METAGENOMIC,PAIRED,0,0,ILLUMINA,Illumina MiSeq,SRP306787,PRJNA702261,NA,702261,SRS8271599,SAMN17935152,simple,408170,human gut metagenome,DIAB_13,NA,NA,NA,NA,NA,NA,no,NA,NA,NA,NA,"BAMBINO GESU CHILDREN S HOSPITAL, IRCCS, ROME, ITALY",SRA1197009,NA,public,357824A4BDA769375399D2D8B3D1103C,4D0D26BDFED7BB08EA4B3190725942A3,SRR13728298
SRR13728299,2022-03-31 00:04:12,2021-02-17 05:43:01,70942,35594090,70942,501,18,NA,https://sra-downloadb.be-md.ncbi.nlm.nih.gov/sos9/sra-pub-zq-924/SRR013/13728/SRR13728299/SRR13728299.lite.1,SRX10116321,DIAB_122,AMPLICON,PCR,METAGENOMIC,PAIRED,0,0,ILLUMINA,Illumina MiSeq,SRP306787,PRJNA702261,NA,702261,SRS8271598,SAMN17935191,simple,408170,human gut metagenome,DIAB_122,NA,NA,NA,NA,NA,NA,no,NA,NA,NA,NA,"BAMBINO GESU CHILDREN S HOSPITAL, IRCCS, ROME, ITALY",SRA1197009,NA,public,84F3441B5002CE595E1856DFC70D02B9,A1AEA2DECBAD6F8FD0E0D801239307A1,SRR13728299
SRR13728300,2022-03-31 00:04:12,2021-02-17 05:42:50,25072,12574652,25072,501,6,NA,https://sra-downloadb.be-md.ncbi.nlm.nih.gov/sos9/sra-pub-zq-924/SRR013/13728/SRR13728300/SRR13728300.lite.1,SRX10116320,DIAB_12,AMPLICON,PCR,METAGENOMIC,PAIRED,0,0,ILLUMINA,Illumina MiSeq,SRP306787,PRJNA702261,NA,702261,SRS8271597,SAMN17935151,simple,408170,human gut metagenome,DIAB_12,NA,NA,NA,NA,NA,NA,no,NA,NA,NA,NA,"BAMBINO GESU CHILDREN S HOSPITAL, IRCCS, ROME, ITALY",SRA1197009,NA,public,ADDDE4D7CA53F9CE9EB5E941D05EBE53,312D16EC86C6243DA93C4C4617E8FDCF,SRR13728300
SRR13728301,2022-03-31 00:04:12,2021-02-17 05:42:51,119786,60075833,119786,501,31,NA,https://sra-downloadb.be-md.ncbi.nlm.nih.gov/sos9/sra-pub-zq-924/SRR013/13728/SRR13728301/SRR13728301.lite.1,SRX10116319,DIAB_119,AMPLICON,PCR,METAGENOMIC,PAIRED,0,0,ILLUMINA,Illumina MiSeq,SRP306787,PRJNA702261,NA,702261,SRS8271596,SAMN17935208,simple,408170,human gut metagenome,DIAB_119,NA,NA,NA,NA,NA,NA,no,NA,NA,NA,NA,"BAMBINO GESU CHILDREN S HOSPITAL, IRCCS, ROME, ITALY",SRA1197009,NA,public,8BDB8C495BBAA392D28A4685321FA43D,37756B2BC7CD92DB849872686AB49BF7,SRR13728301
SRR13728302,2022-03-31 00:04:11,2021-02-17 05:42:57,76111,38201194,76111,501,20,NA,https://sra-downloadb.be-md.ncbi.nlm.nih.gov/sos1/sra-pub-zq-38/SRR013/13728/SRR13728302/SRR13728302.lite.1,SRX10116318,DIAB_118,AMPLICON,PCR,METAGENOMIC,PAIRED,0,0,ILLUMINA,Illumina MiSeq,SRP306787,PRJNA702261,NA,702261,SRS8271595,SAMN17935190,simple,408170,human gut metagenome,DIAB_118,NA,NA,NA,NA,NA,NA,no,NA,NA,NA,NA,"BAMBINO GESU CHILDREN S HOSPITAL, IRCCS, ROME, ITALY",SRA1197009,NA,public,05CD4AE53A6494A04C7F1A2B11DFB79B,FB1CC2E8982D1183BF14BF9A1EAD45D7,SRR13728302
SRR13728303,2022-03-31 00:04:11,2021-02-17 05:42:59,117311,58859489,117311,501,30,NA,https://sra-downloadb.be-md.ncbi.nlm.nih.gov/sos1/sra-pub-zq-38/SRR013/13728/SRR13728303/SRR13728303.lite.1,SRX10116317,DIAB_117,AMPLICON,PCR,METAGENOMIC,PAIRED,0,0,ILLUMINA,Illumina MiSeq,SRP306787,PRJNA702261,NA,702261,SRS8271594,SAMN17935189,simple,408170,human gut metagenome,DIAB_117,NA,NA,NA,NA,NA,NA,no,NA,NA,NA,NA,"BAMBINO GESU CHILDREN S HOSPITAL, IRCCS, ROME, ITALY",SRA1197009,NA,public,7243ED3056073071A7193BC2736E4B2F,F881CDA4429CE4C59164290EE8DF32CD,SRR13728303
SRR13728304,2022-03-31 00:04:11,2021-02-17 05:42:52,113681,57053541,113681,501,29,NA,https://sra-downloadb.be-md.ncbi.nlm.nih.gov/sos1/sra-pub-zq-38/SRR013/13728/SRR13728304/SRR13728304.lite.1,SRX10116316,DIAB_116,AMPLICON,PCR,METAGENOMIC,PAIRED,0,0,ILLUMINA,Illumina MiSeq,SRP306787,PRJNA702261,NA,702261,SRS8271593,SAMN17935188,simple,408170,human gut metagenome,DIAB_116,NA,NA,NA,NA,NA,NA,no,NA,NA,NA,NA,"BAMBINO GESU CHILDREN S HOSPITAL, IRCCS, ROME, ITALY",SRA1197009,NA,public,96A5C8DD87CB2185346C19074C58254F,231421BE27C4CA138110C52FC4636AFB,SRR13728304
SRR13728305,2022-03-31 00:04:11,2021-02-17 05:42:51,58289,29215549,58289,501,14,NA,https://sra-downloadb.be-md.ncbi.nlm.nih.gov/sos9/sra-pub-zq-924/SRR013/13728/SRR13728305/SRR13728305.lite.1,SRX10116315,DIAB_10,AMPLICON,PCR,METAGENOMIC,PAIRED,0,0,ILLUMINA,Illumina MiSeq,SRP306787,PRJNA702261,NA,702261,SRS8271592,SAMN17935149,simple,408170,human gut metagenome,DIAB_10,NA,NA,NA,NA,NA,NA,no,NA,NA,NA,NA,"BAMBINO GESU CHILDREN S HOSPITAL, IRCCS, ROME, ITALY",SRA1197009,NA,public,93A65D21B2576BFDAC9ACCDB8D68940B,0331EC0671A20F46E606155045FFC610,SRR13728305
SRR13728306,2022-03-31 00:04:11,2021-02-17 05:42:54,62328,31228700,62328,501,15,NA,https://sra-downloadb.be-md.ncbi.nlm.nih.gov/sos1/sra-pub-zq-38/SRR013/13728/SRR13728306/SRR13728306.lite.1,SRX10116314,DIAB_1,AMPLICON,PCR,METAGENOMIC,PAIRED,0,0,ILLUMINA,Illumina MiSeq,SRP306787,PRJNA702261,NA,702261,SRS8271591,SAMN17935140,simple,408170,human gut metagenome,DIAB_1,NA,NA,NA,NA,NA,NA,no,NA,NA,NA,NA,"BAMBINO GESU CHILDREN S HOSPITAL, IRCCS, ROME, ITALY",SRA1197009,NA,public,DFA95E28CC0996C9495D1EEA448D1E2D,F2DDA3A9151946219773695FD8D93112,SRR13728306
SRR13728307,2022-03-31 00:04:11,2021-02-17 05:42:59,122671,61561083,122671,501,31,NA,https://sra-downloadb.be-md.ncbi.nlm.nih.gov/sos9/sra-pub-zq-924/SRR013/13728/SRR13728307/SRR13728307.lite.1,SRX10116313,DIAB_112,AMPLICON,PCR,METAGENOMIC,PAIRED,0,0,ILLUMINA,Illumina MiSeq,SRP306787,PRJNA702261,NA,702261,SRS8271590,SAMN17935207,simple,408170,human gut metagenome,DIAB_112,NA,NA,NA,NA,NA,NA,no,NA,NA,NA,NA,"BAMBINO GESU CHILDREN S HOSPITAL, IRCCS, ROME, ITALY",SRA1197009,NA,public,D0E552479E790553A55717EEF05B5782,563B62A3B4DD408BADA1527AAA3C8556,SRR13728307
SRR13728308,2022-03-31 00:04:11,2021-02-17 05:42:58,75399,37844598,75399,501,18,NA,https://sra-downloadb.be-md.ncbi.nlm.nih.gov/sos9/sra-pub-zq-924/SRR013/13728/SRR13728308/SRR13728308.lite.1,SRX10116312,DIAB_111,AMPLICON,PCR,METAGENOMIC,PAIRED,0,0,ILLUMINA,Illumina MiSeq,SRP306787,PRJNA702261,NA,702261,SRS8271589,SAMN17935187,simple,408170,human gut metagenome,DIAB_111,NA,NA,NA,NA,NA,NA,no,NA,NA,NA,NA,"BAMBINO GESU CHILDREN S HOSPITAL, IRCCS, ROME, ITALY",SRA1197009,NA,public,8C5102390E4F28A84B728A34334E14BA,4129AC33DD766A1AE0E0E6944F4D272B,SRR13728308
SRR13728309,2022-03-31 00:04:11,2021-02-17 05:42:57,62616,31389581,62616,501,15,NA,https://sra-downloadb.be-md.ncbi.nlm.nih.gov/sos9/sra-pub-zq-924/SRR013/13728/SRR13728309/SRR13728309.lite.1,SRX10116311,DIAB_11,AMPLICON,PCR,METAGENOMIC,PAIRED,0,0,ILLUMINA,Illumina MiSeq,SRP306787,PRJNA702261,NA,702261,SRS8271588,SAMN17935150,simple,408170,human gut metagenome,DIAB_11,NA,NA,NA,NA,NA,NA,no,NA,NA,NA,NA,"BAMBINO GESU CHILDREN S HOSPITAL, IRCCS, ROME, ITALY",SRA1197009,NA,public,7CAC87A6D1ED76118B175B8B3083F304,5CE201B666A74D65852793BAEAA75492,SRR13728309
SRR13728310,2022-03-31 00:04:11,2021-02-17 05:43:01,141609,71049705,141609,501,35,NA,https://sra-downloadb.be-md.ncbi.nlm.nih.gov/sos9/sra-pub-zq-924/SRR013/13728/SRR13728310/SRR13728310.lite.1,SRX10116310,DIAB_99,AMPLICON,PCR,METAGENOMIC,PAIRED,0,0,ILLUMINA,Illumina MiSeq,SRP306787,PRJNA702261,NA,702261,SRS8271587,SAMN17935202,simple,408170,human gut metagenome,DIAB_99,NA,NA,NA,NA,NA,NA,no,NA,NA,NA,NA,"BAMBINO GESU CHILDREN S HOSPITAL, IRCCS, ROME, ITALY",SRA1197009,NA,public,578915DC58EF289AC4897B711EDA58F4,D1CF54022773CA00E056DFBCEF8B0D4A,SRR13728310
SRR13728311,2022-03-31 00:04:11,2021-02-17 05:43:00,82377,41338228,82377,501,22,NA,https://sra-downloadb.be-md.ncbi.nlm.nih.gov/sos1/sra-pub-zq-38/SRR013/13728/SRR13728311/SRR13728311.lite.1,SRX10116309,DIAB_98,AMPLICON,PCR,METAGENOMIC,PAIRED,0,0,ILLUMINA,Illumina MiSeq,SRP306787,PRJNA702261,NA,702261,SRS8271586,SAMN17935201,simple,408170,human gut metagenome,DIAB_98,NA,NA,NA,NA,NA,NA,no,NA,NA,NA,NA,"BAMBINO GESU CHILDREN S HOSPITAL, IRCCS, ROME, ITALY",SRA1197009,NA,public,5F4F54A437A5FC885A44E3E45733B3B7,7BA8DE61B2F1490CC3FC630B262FC01C,SRR13728311
SRR13728312,2022-03-31 00:04:11,2021-02-17 05:42:58,52720,26449482,52720,501,14,NA,https://sra-downloadb.be-md.ncbi.nlm.nih.gov/sos9/sra-pub-zq-924/SRR013/13728/SRR13728312/SRR13728312.lite.1,SRX10116308,DIAB_95,AMPLICON,PCR,METAGENOMIC,PAIRED,0,0,ILLUMINA,Illumina MiSeq,SRP306787,PRJNA702261,NA,702261,SRS8271585,SAMN17935185,simple,408170,human gut metagenome,DIAB_95,NA,NA,NA,NA,NA,NA,no,NA,NA,NA,NA,"BAMBINO GESU CHILDREN S HOSPITAL, IRCCS, ROME, ITALY",SRA1197009,NA,public,E311A5AE0007B90A84CE95C2527AECFC,CF99E1C264646E7542D02910E01494A0,SRR13728312
SRR13728313,2022-03-31 00:04:11,2021-02-17 05:42:58,64423,32328917,64423,501,16,NA,https://sra-downloadb.be-md.ncbi.nlm.nih.gov/sos9/sra-pub-zq-924/SRR013/13728/SRR13728313/SRR13728313.lite.1,SRX10116307,DIAB_94,AMPLICON,PCR,METAGENOMIC,PAIRED,0,0,ILLUMINA,Illumina MiSeq,SRP306787,PRJNA702261,NA,702261,SRS8271584,SAMN17935184,simple,408170,human gut metagenome,DIAB_94,NA,NA,NA,NA,NA,NA,no,NA,NA,NA,NA,"BAMBINO GESU CHILDREN S HOSPITAL, IRCCS, ROME, ITALY",SRA1197009,NA,public,D22DDB42C0A25DE63213ECCC9AD7BDAC,EA8F1439AD5E55708640A9A6BE09BF6E,SRR13728313
SRR13728314,2022-03-31 00:04:11,2021-02-17 05:42:55,65398,32822543,65398,501,18,NA,https://sra-downloadb.be-md.ncbi.nlm.nih.gov/sos9/sra-pub-zq-924/SRR013/13728/SRR13728314/SRR13728314.lite.1,SRX10116306,DIAB_92,AMPLICON,PCR,METAGENOMIC,PAIRED,0,0,ILLUMINA,Illumina MiSeq,SRP306787,PRJNA702261,NA,702261,SRS8271583,SAMN17935200,simple,408170,human gut metagenome,DIAB_92,NA,NA,NA,NA,NA,NA,no,NA,NA,NA,NA,"BAMBINO GESU CHILDREN S HOSPITAL, IRCCS, ROME, ITALY",SRA1197009,NA,public,83DE210CF0839CE9D484E85D7F30A29A,88EF57D141B4F5C7DFF2AB80488F682B,SRR13728314
SRR13728315,2022-03-31 00:04:11,2021-02-17 05:43:00,43409,21765230,43409,501,11,NA,https://sra-downloadb.be-md.ncbi.nlm.nih.gov/sos1/sra-pub-zq-38/SRR013/13728/SRR13728315/SRR13728315.lite.1,SRX10116305,DIAB_9,AMPLICON,PCR,METAGENOMIC,PAIRED,0,0,ILLUMINA,Illumina MiSeq,SRP306787,PRJNA702261,NA,702261,SRS8271582,SAMN17935148,simple,408170,human gut metagenome,DIAB_9,NA,NA,NA,NA,NA,NA,no,NA,NA,NA,NA,"BAMBINO GESU CHILDREN S HOSPITAL, IRCCS, ROME, ITALY",SRA1197009,NA,public,3B9D914B0E7384FA5B62027DCC0D9512,8BDF139EF60C08E2C8507856F2F5B24F,SRR13728315
SRR13728316,2022-03-31 00:04:11,2021-02-17 05:43:00,94466,47409658,94466,501,26,NA,https://sra-downloadb.be-md.ncbi.nlm.nih.gov/sos9/sra-pub-zq-924/SRR013/13728/SRR13728316/SRR13728316.lite.1,SRX10116304,DIAB_89,AMPLICON,PCR,METAGENOMIC,PAIRED,0,0,ILLUMINA,Illumina MiSeq,SRP306787,PRJNA702261,NA,702261,SRS8271581,SAMN17935199,simple,408170,human gut metagenome,DIAB_89,NA,NA,NA,NA,NA,NA,no,NA,NA,NA,NA,"BAMBINO GESU CHILDREN S HOSPITAL, IRCCS, ROME, ITALY",SRA1197009,NA,public,8412846BD11BFED3AEA964E0A6B375E8,BC0F1A5F1CA2600002F6C1E61662A662,SRR13728316
SRR13728317,2022-03-31 00:04:11,2021-02-17 05:42:52,85346,42834512,85346,501,21,NA,https://sra-downloadb.be-md.ncbi.nlm.nih.gov/sos9/sra-pub-zq-924/SRR013/13728/SRR13728317/SRR13728317.lite.1,SRX10116303,DIAB_87,AMPLICON,PCR,METAGENOMIC,PAIRED,0,0,ILLUMINA,Illumina MiSeq,SRP306787,PRJNA702261,NA,702261,SRS8271580,SAMN17935198,simple,408170,human gut metagenome,DIAB_87,NA,NA,NA,NA,NA,NA,no,NA,NA,NA,NA,"BAMBINO GESU CHILDREN S HOSPITAL, IRCCS, ROME, ITALY",SRA1197009,NA,public,27C8503F90E9EBD04272C17E4E01A82D,20CEB591287B1AA94D244F1C33CAA2F4,SRR13728317
SRR13728318,2022-03-31 00:04:11,2021-02-17 05:42:53,88113,44216957,88113,501,23,NA,https://sra-downloadb.be-md.ncbi.nlm.nih.gov/sos9/sra-pub-zq-924/SRR013/13728/SRR13728318/SRR13728318.lite.1,SRX10116302,DIAB_86,AMPLICON,PCR,METAGENOMIC,PAIRED,0,0,ILLUMINA,Illumina MiSeq,SRP306787,PRJNA702261,NA,702261,SRS8271579,SAMN17935197,simple,408170,human gut metagenome,DIAB_86,NA,NA,NA,NA,NA,NA,no,NA,NA,NA,NA,"BAMBINO GESU CHILDREN S HOSPITAL, IRCCS, ROME, ITALY",SRA1197009,NA,public,22CFD10F0F33DF8AC0F8DD1ACBC500CD,7968ED83F21719E6185832BFD3CB5BAE,SRR13728318
SRR13728319,2022-03-31 00:04:11,2021-02-17 05:43:00,300164,150657250,300164,501,75,NA,https://sra-downloadb.be-md.ncbi.nlm.nih.gov/sos1/sra-pub-zq-38/SRR013/13728/SRR13728319/SRR13728319.lite.1,SRX10116301,DIAB_109,AMPLICON,PCR,METAGENOMIC,PAIRED,0,0,ILLUMINA,Illumina MiSeq,SRP306787,PRJNA702261,NA,702261,SRS8271578,SAMN17935206,simple,408170,human gut metagenome,DIAB_109,NA,NA,NA,NA,NA,NA,no,NA,NA,NA,NA,"BAMBINO GESU CHILDREN S HOSPITAL, IRCCS, ROME, ITALY",SRA1197009,NA,public,BC12B8DC296A29CD8C3A1B922DD64165,E1058676FC98B9E70487138D5030C84B,SRR13728319
SRR13728320,2022-03-31 00:04:11,2021-02-17 05:42:58,87574,43939496,87574,501,23,NA,https://sra-downloadb.be-md.ncbi.nlm.nih.gov/sos1/sra-pub-zq-38/SRR013/13728/SRR13728320/SRR13728320.lite.1,SRX10116300,DIAB_84,AMPLICON,PCR,METAGENOMIC,PAIRED,0,0,ILLUMINA,Illumina MiSeq,SRP306787,PRJNA702261,NA,702261,SRS8271577,SAMN17935196,simple,408170,human gut metagenome,DIAB_84,NA,NA,NA,NA,NA,NA,no,NA,NA,NA,NA,"BAMBINO GESU CHILDREN S HOSPITAL, IRCCS, ROME, ITALY",SRA1197009,NA,public,7B93A2920D9808A9544D5817067FB679,666CF466668C7816EC194954078F87E1,SRR13728320
SRR13728321,2022-03-31 00:04:11,2021-02-17 05:42:57,77429,38864762,77429,501,20,NA,https://sra-downloadb.be-md.ncbi.nlm.nih.gov/sos9/sra-pub-zq-924/SRR013/13728/SRR13728321/SRR13728321.lite.1,SRX10116299,DIAB_83,AMPLICON,PCR,METAGENOMIC,PAIRED,0,0,ILLUMINA,Illumina MiSeq,SRP306787,PRJNA702261,NA,702261,SRS8271576,SAMN17935195,simple,408170,human gut metagenome,DIAB_83,NA,NA,NA,NA,NA,NA,no,NA,NA,NA,NA,"BAMBINO GESU CHILDREN S HOSPITAL, IRCCS, ROME, ITALY",SRA1197009,NA,public,FA0E5857F572BBB702581E20571F4AB1,8F15D85EB668DD120A945A7ED872E6DA,SRR13728321
SRR13728322,2022-03-31 00:04:11,2021-02-17 05:42:57,84797,42562231,84797,501,21,NA,https://sra-downloadb.be-md.ncbi.nlm.nih.gov/sos9/sra-pub-zq-924/SRR013/13728/SRR13728322/SRR13728322.lite.1,SRX10116298,DIAB_80,AMPLICON,PCR,METAGENOMIC,PAIRED,0,0,ILLUMINA,Illumina MiSeq,SRP306787,PRJNA702261,NA,702261,SRS8271575,SAMN17935194,simple,408170,human gut metagenome,DIAB_80,NA,NA,NA,NA,NA,NA,no,NA,NA,NA,NA,"BAMBINO GESU CHILDREN S HOSPITAL, IRCCS, ROME, ITALY",SRA1197009,NA,public,CE56B6F19AEDAE71BA8BBE50ADA41D51,30212ADACA9A48B6D173B76B513FFF82,SRR13728322
SRR13728323,2022-03-31 00:04:11,2021-02-17 05:43:00,81638,40969329,81638,501,20,NA,https://sra-downloadb.be-md.ncbi.nlm.nih.gov/sos1/sra-pub-zq-38/SRR013/13728/SRR13728323/SRR13728323.lite.1,SRX10116297,DIAB_8,AMPLICON,PCR,METAGENOMIC,PAIRED,0,0,ILLUMINA,Illumina MiSeq,SRP306787,PRJNA702261,NA,702261,SRS8271574,SAMN17935147,simple,408170,human gut metagenome,DIAB_8,NA,NA,NA,NA,NA,NA,no,NA,NA,NA,NA,"BAMBINO GESU CHILDREN S HOSPITAL, IRCCS, ROME, ITALY",SRA1197009,NA,public,2DBE3C536030F8ABBE7D2DEBF4DCE1ED,54D4FB8696BB95DFB7C0BA481E86AB43,SRR13728323
SRR13728324,2022-03-31 00:04:11,2021-02-17 05:42:58,72676,36477243,72676,501,18,NA,https://sra-downloadb.be-md.ncbi.nlm.nih.gov/sos1/sra-pub-zq-38/SRR013/13728/SRR13728324/SRR13728324.lite.1,SRX10116296,DIAB_74,AMPLICON,PCR,METAGENOMIC,PAIRED,0,0,ILLUMINA,Illumina MiSeq,SRP306787,PRJNA702261,NA,702261,SRS8271573,SAMN17935183,simple,408170,human gut metagenome,DIAB_74,NA,NA,NA,NA,NA,NA,no,NA,NA,NA,NA,"BAMBINO GESU CHILDREN S HOSPITAL, IRCCS, ROME, ITALY",SRA1197009,NA,public,89729CEC291252718492674FD0B7BB0F,377FD5EA9BA91FA12D78D7767FCA04C8,SRR13728324
SRR13728325,2022-03-31 00:04:11,2021-02-17 05:42:53,71193,35666475,71193,500,17,NA,https://sra-downloadb.be-md.ncbi.nlm.nih.gov/sos9/sra-pub-zq-924/SRR013/13728/SRR13728325/SRR13728325.lite.1,SRX10116295,DIAB_70,AMPLICON,PCR,METAGENOMIC,PAIRED,0,0,ILLUMINA,Illumina MiSeq,SRP306787,PRJNA702261,NA,702261,SRS8271572,SAMN17935182,simple,408170,human gut metagenome,DIAB_70,NA,NA,NA,NA,NA,NA,no,NA,NA,NA,NA,"BAMBINO GESU CHILDREN S HOSPITAL, IRCCS, ROME, ITALY",SRA1197009,NA,public,A93F5DFBD21B8FAC20132E37FFAA79E9,F8DA64D454FF6516C160FABD99ECC7DA,SRR13728325
SRR13728326,2022-03-31 00:04:11,2021-02-17 05:42:55,59172,29669975,59172,501,14,NA,https://sra-downloadb.be-md.ncbi.nlm.nih.gov/sos9/sra-pub-zq-924/SRR013/13728/SRR13728326/SRR13728326.lite.1,SRX10116294,DIAB_7,AMPLICON,PCR,METAGENOMIC,PAIRED,0,0,ILLUMINA,Illumina MiSeq,SRP306787,PRJNA702261,NA,702261,SRS8271571,SAMN17935146,simple,408170,human gut metagenome,DIAB_7,NA,NA,NA,NA,NA,NA,no,NA,NA,NA,NA,"BAMBINO GESU CHILDREN S HOSPITAL, IRCCS, ROME, ITALY",SRA1197009,NA,public,9CECB40A3ED32A44AF33E2F4FDAC55B7,8DC09609C216C012166A1C54998CC555,SRR13728326
SRR13728327,2022-03-31 00:04:11,2021-02-17 05:43:00,87876,44085977,87876,501,22,NA,https://sra-downloadb.be-md.ncbi.nlm.nih.gov/sos9/sra-pub-zq-924/SRR013/13728/SRR13728327/SRR13728327.lite.1,SRX10116293,DIAB_67,AMPLICON,PCR,METAGENOMIC,PAIRED,0,0,ILLUMINA,Illumina MiSeq,SRP306787,PRJNA702261,NA,702261,SRS8271570,SAMN17935181,simple,408170,human gut metagenome,DIAB_67,NA,NA,NA,NA,NA,NA,no,NA,NA,NA,NA,"BAMBINO GESU CHILDREN S HOSPITAL, IRCCS, ROME, ITALY",SRA1197009,NA,public,481013AEB5E0CEAAF76FDEE700D727BF,86EFF4F394197260270F005E9CDC2786,SRR13728327
SRR13728328,2022-03-31 00:04:11,2021-02-17 05:42:59,80594,40427948,80594,501,19,NA,https://sra-downloadb.be-md.ncbi.nlm.nih.gov/sos9/sra-pub-zq-924/SRR013/13728/SRR13728328/SRR13728328.lite.1,SRX10116292,DIAB_65,AMPLICON,PCR,METAGENOMIC,PAIRED,0,0,ILLUMINA,Illumina MiSeq,SRP306787,PRJNA702261,NA,702261,SRS8271569,SAMN17935180,simple,408170,human gut metagenome,DIAB_65,NA,NA,NA,NA,NA,NA,no,NA,NA,NA,NA,"BAMBINO GESU CHILDREN S HOSPITAL, IRCCS, ROME, ITALY",SRA1197009,NA,public,5154F796F0B5928E42320FF80EE93B39,B7DEA73D2F6CA450EB7EB1FC47151075,SRR13728328
SRR13728329,2022-03-31 00:04:11,2021-02-17 05:42:57,51002,25572667,51002,501,13,NA,https://sra-downloadb.be-md.ncbi.nlm.nih.gov/sos9/sra-pub-zq-924/SRR013/13728/SRR13728329/SRR13728329.lite.1,SRX10116291,DIAB_64,AMPLICON,PCR,METAGENOMIC,PAIRED,0,0,ILLUMINA,Illumina MiSeq,SRP306787,PRJNA702261,NA,702261,SRS8271568,SAMN17935179,simple,408170,human gut metagenome,DIAB_64,NA,NA,NA,NA,NA,NA,no,NA,NA,NA,NA,"BAMBINO GESU CHILDREN S HOSPITAL, IRCCS, ROME, ITALY",SRA1197009,NA,public,2E23FF975AEB76F260C9E062BF0E1F21,87E1A7EBAF979E9E2AC73BC129AE9E7B,SRR13728329
SRR13728330,2022-03-31 00:04:11,2021-02-17 05:42:59,91823,46055409,91823,501,23,NA,https://sra-downloadb.be-md.ncbi.nlm.nih.gov/sos9/sra-pub-zq-924/SRR013/13728/SRR13728330/SRR13728330.lite.1,SRX10116290,DIAB_105,AMPLICON,PCR,METAGENOMIC,PAIRED,0,0,ILLUMINA,Illumina MiSeq,SRP306787,PRJNA702261,NA,702261,SRS8271567,SAMN17935205,simple,408170,human gut metagenome,DIAB_105,NA,NA,NA,NA,NA,NA,no,NA,NA,NA,NA,"BAMBINO GESU CHILDREN S HOSPITAL, IRCCS, ROME, ITALY",SRA1197009,NA,public,3BF23B88A83F3F910C897E2AB3804451,49A91A1048B9E0A1EE8A735D68310EA6,SRR13728330
SRR13728331,2022-03-31 00:04:11,2021-02-17 05:42:56,77770,38971633,77770,501,19,NA,https://sra-downloadb.be-md.ncbi.nlm.nih.gov/sos9/sra-pub-zq-924/SRR013/13728/SRR13728331/SRR13728331.lite.1,SRX10116289,DIAB_63,AMPLICON,PCR,METAGENOMIC,PAIRED,0,0,ILLUMINA,Illumina MiSeq,SRP306787,PRJNA702261,NA,702261,SRS8271566,SAMN17935178,simple,408170,human gut metagenome,DIAB_63,NA,NA,NA,NA,NA,NA,no,NA,NA,NA,NA,"BAMBINO GESU CHILDREN S HOSPITAL, IRCCS, ROME, ITALY",SRA1197009,NA,public,E504A2402A04419371E50540F9D4B0A5,6CACDC196E70DE61C92263AE74EA0C64,SRR13728331
SRR13728332,2022-03-31 00:04:11,2021-02-17 05:42:57,70600,35381834,70600,501,18,NA,https://sra-downloadb.be-md.ncbi.nlm.nih.gov/sos9/sra-pub-zq-924/SRR013/13728/SRR13728332/SRR13728332.lite.1,SRX10116288,DIAB_62,AMPLICON,PCR,METAGENOMIC,PAIRED,0,0,ILLUMINA,Illumina MiSeq,SRP306787,PRJNA702261,NA,702261,SRS8271565,SAMN17935177,simple,408170,human gut metagenome,DIAB_62,NA,NA,NA,NA,NA,NA,no,NA,NA,NA,NA,"BAMBINO GESU CHILDREN S HOSPITAL, IRCCS, ROME, ITALY",SRA1197009,NA,public,003E6D06B4B844FB0FA26517557EBB1B,F67CE6DB5489A108B4BD83F09F5967D8,SRR13728332
SRR13728333,2022-03-31 00:04:11,2021-02-17 05:42:54,44051,22094058,44051,501,11,NA,https://sra-downloadb.be-md.ncbi.nlm.nih.gov/sos9/sra-pub-zq-924/SRR013/13728/SRR13728333/SRR13728333.lite.1,SRX10116287,DIAB_6,AMPLICON,PCR,METAGENOMIC,PAIRED,0,0,ILLUMINA,Illumina MiSeq,SRP306787,PRJNA702261,NA,702261,SRS8271564,SAMN17935145,simple,408170,human gut metagenome,DIAB_6,NA,NA,NA,NA,NA,NA,no,NA,NA,NA,NA,"BAMBINO GESU CHILDREN S HOSPITAL, IRCCS, ROME, ITALY",SRA1197009,NA,public,07D55C5A63BF18BF578C5DFB90705162,3485AF5B54367920F6F78354ECA66792,SRR13728333
SRR13728334,2022-03-31 00:04:11,2021-02-17 05:42:59,107566,53988089,107566,501,27,NA,https://sra-downloadb.be-md.ncbi.nlm.nih.gov/sos1/sra-pub-zq-38/SRR013/13728/SRR13728334/SRR13728334.lite.1,SRX10116286,DIAB_58,AMPLICON,PCR,METAGENOMIC,PAIRED,0,0,ILLUMINA,Illumina MiSeq,SRP306787,PRJNA702261,NA,702261,SRS8271563,SAMN17935176,simple,408170,human gut metagenome,DIAB_58,NA,NA,NA,NA,NA,NA,no,NA,NA,NA,NA,"BAMBINO GESU CHILDREN S HOSPITAL, IRCCS, ROME, ITALY",SRA1197009,NA,public,7A20CCF680DD365DECB0D03E8C04D470,8C0B1563A8091FB0E98C341ED8DBEAE7,SRR13728334
SRR13728335,2022-03-31 00:04:11,2021-02-17 05:42:58,74010,37113539,74010,501,18,NA,https://sra-downloadb.be-md.ncbi.nlm.nih.gov/sos9/sra-pub-zq-924/SRR013/13728/SRR13728335/SRR13728335.lite.1,SRX10116285,DIAB_50,AMPLICON,PCR,METAGENOMIC,PAIRED,0,0,ILLUMINA,Illumina MiSeq,SRP306787,PRJNA702261,NA,702261,SRS8271562,SAMN17935175,simple,408170,human gut metagenome,DIAB_50,NA,NA,NA,NA,NA,NA,no,NA,NA,NA,NA,"BAMBINO GESU CHILDREN S HOSPITAL, IRCCS, ROME, ITALY",SRA1197009,NA,public,5EA1E52D03AE651CD530D6F56F817DBF,D04C4F222286BEAE53C98B2FDD688271,SRR13728335
SRR13728336,2022-03-31 00:04:11,2021-02-17 05:43:01,56049,28103497,56049,501,13,NA,https://sra-downloadb.be-md.ncbi.nlm.nih.gov/sos9/sra-pub-zq-924/SRR013/13728/SRR13728336/SRR13728336.lite.1,SRX10116284,DIAB_5,AMPLICON,PCR,METAGENOMIC,PAIRED,0,0,ILLUMINA,Illumina MiSeq,SRP306787,PRJNA702261,NA,702261,SRS8271561,SAMN17935144,simple,408170,human gut metagenome,DIAB_5,NA,NA,NA,NA,NA,NA,no,NA,NA,NA,NA,"BAMBINO GESU CHILDREN S HOSPITAL, IRCCS, ROME, ITALY",SRA1197009,NA,public,2D96EC4A75725FFE456906A5DA637B65,B15A1E870451D94E45ED4CE627C86EA6,SRR13728336
SRR13728337,2022-03-31 00:04:11,2021-02-17 05:43:00,69851,35020719,69851,501,18,NA,https://sra-downloadb.be-md.ncbi.nlm.nih.gov/sos9/sra-pub-zq-924/SRR013/13728/SRR13728337/SRR13728337.lite.1,SRX10116283,DIAB_49,AMPLICON,PCR,METAGENOMIC,PAIRED,0,0,ILLUMINA,Illumina MiSeq,SRP306787,PRJNA702261,NA,702261,SRS8271560,SAMN17935174,simple,408170,human gut metagenome,DIAB_49,NA,NA,NA,NA,NA,NA,no,NA,NA,NA,NA,"BAMBINO GESU CHILDREN S HOSPITAL, IRCCS, ROME, ITALY",SRA1197009,NA,public,9A4AE89AD71D4C209F9AE6DD7A03B53D,03083A392BDC30D9DC2AAC1195C8EBC0,SRR13728337
SRR13728338,2022-03-31 00:04:11,2021-02-17 05:43:00,46765,23464563,46765,501,14,NA,https://sra-downloadb.be-md.ncbi.nlm.nih.gov/sos1/sra-pub-zq-38/SRR013/13728/SRR13728338/SRR13728338.lite.1,SRX10116282,DIAB_48,AMPLICON,PCR,METAGENOMIC,PAIRED,0,0,ILLUMINA,Illumina MiSeq,SRP306787,PRJNA702261,NA,702261,SRS8271559,SAMN17935173,simple,408170,human gut metagenome,DIAB_48,NA,NA,NA,NA,NA,NA,no,NA,NA,NA,NA,"BAMBINO GESU CHILDREN S HOSPITAL, IRCCS, ROME, ITALY",SRA1197009,NA,public,F6628BC42B204641304347B2B0624A11,45423227B56B7FBC6027A307F5767446,SRR13728338
SRR13728339,2022-03-31 00:04:11,2021-02-17 05:43:01,96271,48302685,96271,501,24,NA,https://sra-downloadb.be-md.ncbi.nlm.nih.gov/sos9/sra-pub-zq-924/SRR013/13728/SRR13728339/SRR13728339.lite.1,SRX10116281,DIAB_47,AMPLICON,PCR,METAGENOMIC,PAIRED,0,0,ILLUMINA,Illumina MiSeq,SRP306787,PRJNA702261,NA,702261,SRS8271558,SAMN17935172,simple,408170,human gut metagenome,DIAB_47,NA,NA,NA,NA,NA,NA,no,NA,NA,NA,NA,"BAMBINO GESU CHILDREN S HOSPITAL, IRCCS, ROME, ITALY",SRA1197009,NA,public,4C578D6AD1E3F709D8459226412EA2DF,CD6054552A64A98DA0A9CF606BD78422,SRR13728339
SRR15116425,2021-08-29 09:28:52,2021-07-13 12:24:29,26349238,4005084176,26349238,152,1525,NA,https://sra-downloadb.be-md.ncbi.nlm.nih.gov/sos8/sra-pub-zq-818/SRR015/15116/SRR15116425/SRR15116425.lite.1,SRX11425245,NA,RNA-Seq,cDNA,TRANSCRIPTOMIC,PAIRED,0,0,ILLUMINA,NextSeq 500,SRP328150,PRJNA746234,3,746234,SRS9467044,SAMN20192769,simple,10090,Mus musculus,GSM5444594,NA,NA,NA,NA,NA,NA,no,NA,NA,NA,NA,GEO,SRA1258583,NA,public,3B7DDEC65DA77F7D147EB492CFBDA425,8706CB1C4A1CE16018224C281F55FE1D,SRR15116425
SRR15116427,2021-08-29 09:28:52,2021-07-13 12:23:18,27474722,4176157744,27474722,152,1594,NA,https://sra-downloadb.be-md.ncbi.nlm.nih.gov/sos4/sra-pub-zq-1/SRR015/15116/SRR15116427/SRR15116427.lite.1,SRX11425246,NA,RNA-Seq,cDNA,TRANSCRIPTOMIC,PAIRED,0,0,ILLUMINA,NextSeq 500,SRP328150,PRJNA746234,3,746234,SRS9467045,SAMN20192768,simple,10090,Mus musculus,GSM5444595,NA,NA,NA,NA,NA,NA,no,NA,NA,NA,NA,GEO,SRA1258583,NA,public,DAAD0E34A2F9B927EF254529B1ACFA71,E31335973D4AE1765BB53D10831E7520,SRR15116427
SRR15116428,2021-08-29 09:28:52,2021-07-13 12:14:26,16205977,2463308504,16205977,152,957,NA,https://sra-downloadb.be-md.ncbi.nlm.nih.gov/sos8/sra-pub-zq-820/SRR015/15116/SRR15116428/SRR15116428.lite.1,SRX11425247,NA,RNA-Seq,cDNA,TRANSCRIPTOMIC,PAIRED,0,0,ILLUMINA,NextSeq 500,SRP328150,PRJNA746234,3,746234,SRS9467046,SAMN20192767,simple,10090,Mus musculus,GSM5444596,NA,NA,NA,NA,NA,NA,no,NA,NA,NA,NA,GEO,SRA1258583,NA,public,C43D6ADF970D813190AC6B850B824147,CF2E72026A72E8B39B3C59A01B8B2934,SRR15116428
SRR15116429,2021-08-29 09:28:52,2021-07-13 12:20:30,26010359,3953574568,26010359,152,1505,NA,https://sra-downloadb.be-md.ncbi.nlm.nih.gov/sos8/sra-pub-zq-820/SRR015/15116/SRR15116429/SRR15116429.lite.1,SRX11425248,NA,RNA-Seq,cDNA,TRANSCRIPTOMIC,PAIRED,0,0,ILLUMINA,NextSeq 500,SRP328150,PRJNA746234,3,746234,SRS9467047,SAMN20192766,simple,10090,Mus musculus,GSM5444597,NA,NA,NA,NA,NA,NA,no,NA,NA,NA,NA,GEO,SRA1258583,NA,public,C1AFF659519E4E797FACFF6D2299CB10,134D7123E9CA3483BE73808D59A565B3,SRR15116429
SRR15116430,2021-08-29 09:28:53,2021-07-13 13:03:23,20219495,3073363240,20219495,152,1172,NA,https://sra-downloadb.be-md.ncbi.nlm.nih.gov/sos4/sra-pub-zq-1/SRR015/15116/SRR15116430/SRR15116430.lite.1,SRX11425249,NA,RNA-Seq,cDNA,TRANSCRIPTOMIC,PAIRED,0,0,ILLUMINA,NextSeq 500,SRP328150,PRJNA746234,3,746234,SRS9467048,SAMN20192775,simple,10090,Mus musculus,GSM5444598,NA,NA,NA,NA,NA,NA,no,NA,NA,NA,NA,GEO,SRA1258583,NA,public,CD848A120C5BB00046345FEE3E933AC7,1295EE908E3CACC88D4B5F837FE0DED5,SRR15116430
SRR15116431,2021-08-29 09:28:53,2021-07-13 12:38:51,20348281,3092938712,20348281,152,1180,NA,https://sra-downloadb.be-md.ncbi.nlm.nih.gov/sos1/sra-pub-zq-38/SRR015/15116/SRR15116431/SRR15116431.lite.1,SRX11425250,NA,RNA-Seq,cDNA,TRANSCRIPTOMIC,PAIRED,0,0,ILLUMINA,NextSeq 500,SRP328150,PRJNA746234,3,746234,SRS9467049,SAMN20192774,simple,10090,Mus musculus,GSM5444599,NA,NA,NA,NA,NA,NA,no,NA,NA,NA,NA,GEO,SRA1258583,NA,public,67EEE9D5CE9D5C187F9E849AA2D417D1,6CCB9BF8F6BDC76A01209604B96B720A,SRR15116431
SRR15116432,2021-08-29 09:28:53,2021-07-13 12:16:19,20345800,3092561600,20345800,152,1176,NA,https://sra-downloadb.be-md.ncbi.nlm.nih.gov/sos9/sra-pub-zq-924/SRR015/15116/SRR15116432/SRR15116432.lite.1,SRX11425251,NA,RNA-Seq,cDNA,TRANSCRIPTOMIC,PAIRED,0,0,ILLUMINA,NextSeq 500,SRP328150,PRJNA746234,3,746234,SRS9467050,SAMN20192773,simple,10090,Mus musculus,GSM5444600,NA,NA,NA,NA,NA,NA,no,NA,NA,NA,NA,GEO,SRA1258583,NA,public,4220B20D829C0D5A83AE4F7C677330DB,715343C89A88FBE599CB9B2FECF98AE8,SRR15116432
SRR15116433,2021-08-29 09:28:53,2021-07-13 12:24:10,39450948,5996544096,39450948,152,2294,NA,https://sra-downloadb.be-md.ncbi.nlm.nih.gov/sos1/sra-pub-zq-38/SRR015/15116/SRR15116433/SRR15116433.lite.1,SRX11425252,NA,RNA-Seq,cDNA,TRANSCRIPTOMIC,PAIRED,0,0,ILLUMINA,NextSeq 500,SRP328150,PRJNA746234,3,746234,SRS9467051,SAMN20192772,simple,10090,Mus musculus,GSM5444601,NA,NA,NA,NA,NA,NA,no,NA,NA,NA,NA,GEO,SRA1258583,NA,public,58D58F321FE6569BCA030DBEF569B557,A27C816D9BBE1637140B8BB781C2480E,SRR15116433
SRR15116434,2021-08-29 09:28:53,2021-07-13 12:25:34,22786550,3463555600,22786550,152,1321,NA,https://sra-downloadb.be-md.ncbi.nlm.nih.gov/sos9/sra-pub-zq-924/SRR015/15116/SRR15116434/SRR15116434.lite.1,SRX11425253,NA,RNA-Seq,cDNA,TRANSCRIPTOMIC,PAIRED,0,0,ILLUMINA,NextSeq 500,SRP328150,PRJNA746234,3,746234,SRS9467052,SAMN20192771,simple,10090,Mus musculus,GSM5444602,NA,NA,NA,NA,NA,NA,no,NA,NA,NA,NA,GEO,SRA1258583,NA,public,7D1B752717D1B2B056708C3F7D0A3D17,96E2FF7859201D11DB9182700D76222D,SRR15116434
SRR15116435,2021-08-29 09:28:53,2021-07-13 12:28:35,23743531,3609016712,23743531,152,1386,NA,https://sra-downloadb.be-md.ncbi.nlm.nih.gov/sos9/sra-pub-zq-924/SRR015/15116/SRR15116435/SRR15116435.lite.1,SRX11425254,NA,RNA-Seq,cDNA,TRANSCRIPTOMIC,PAIRED,0,0,ILLUMINA,NextSeq 500,SRP328150,PRJNA746234,3,746234,SRS9467053,SAMN20192770,simple,10090,Mus musculus,GSM5444603,NA,NA,NA,NA,NA,NA,no,NA,NA,NA,NA,GEO,SRA1258583,NA,public,4FFC6E8F96F7F49322A28F670A28D9BF,28DAD9DCC8B832FF537E7CED99D7CB86,SRR15116435
SRR17399871,2022-01-01 13:27:41,2022-01-01 13:26:37,10803924,540196200,0,50,227,NA,https://sra-downloadb.be-md.ncbi.nlm.nih.gov/sos9/sra-pub-zq-924/SRR017/17399/SRR17399871/SRR17399871.lite.1,SRX13572003,nsc35,RNA-Seq,cDNA,TRANSCRIPTOMIC,SINGLE,0,0,ILLUMINA,Illumina HiSeq 2000,SRP353096,PRJNA793584,NA,793584,SRS11464389,SAMN24563534,simple,9606,Homo sapiens,10_CTRL_nsc35,NA,NA,NA,NA,female,NA,no,NA,NA,NA,NA,BAMBINO GESU' CHILDREN'S HOSPITAL-IRCCS,SRA1350749,NA,public,3AA954B7961C59498EAF50DEBD0E6A3C,E458148A8AC3C2B4346568F75BF508CE,SRR17399871
SRR17399872,2022-01-01 13:27:41,2022-01-01 13:26:39,11438242,571912100,0,50,230,NA,https://sra-downloadb.be-md.ncbi.nlm.nih.gov/sos9/sra-pub-zq-924/SRR017/17399/SRR17399872/SRR17399872.lite.1,SRX13572002,nsc34,RNA-Seq,cDNA,TRANSCRIPTOMIC,SINGLE,0,0,ILLUMINA,Illumina HiSeq 2000,SRP353096,PRJNA793584,NA,793584,SRS11464388,SAMN24563533,simple,9606,Homo sapiens,9_CTRL_nsc34,NA,NA,NA,NA,male,NA,no,NA,NA,NA,NA,BAMBINO GESU' CHILDREN'S HOSPITAL-IRCCS,SRA1350749,NA,public,F315C79F6BAC2AEA8A3F092D960EA0EC,CAC2E0FC6599DA6BEBF33EFCFE5441C8,SRR17399872
SRR17399873,2022-01-01 14:17:38,2022-01-01 13:27:16,14881202,744060100,0,50,312,NA,https://sra-downloadb.be-md.ncbi.nlm.nih.gov/sos9/sra-pub-zq-924/SRR017/17399/SRR17399873/SRR17399873.lite.1,SRX13572001,ns29,RNA-Seq,cDNA,TRANSCRIPTOMIC,SINGLE,0,0,ILLUMINA,Illumina HiSeq 2000,SRP353096,PRJNA793584,NA,793584,SRS11464387,SAMN24563598,simple,9606,Homo sapiens,74_GFD_ns29,NA,NA,NA,NA,male,NA,no,NA,NA,NA,NA,BAMBINO GESU' CHILDREN'S HOSPITAL-IRCCS,SRA1350749,NA,public,1B2232036D31264BF172775BA2025968,09424B53B34E8CA3D6DB2017186413E6,SRR17399873
SRR17399874,2022-01-01 13:27:41,2022-01-01 13:26:40,12793973,639698650,0,50,232,NA,https://sra-downloadb.be-md.ncbi.nlm.nih.gov/sos1/sra-pub-zq-38/SRR017/17399/SRR17399874/SRR17399874.lite.1,SRX13572000,cd51,RNA-Seq,cDNA,TRANSCRIPTOMIC,SINGLE,0,0,ILLUMINA,Illumina HiSeq 2000,SRP353096,PRJNA793584,NA,793584,SRS11464386,SAMN24563597,simple,9606,Homo sapiens,73_GFD_cd51,NA,NA,NA,NA,male,NA,no,NA,NA,NA,NA,BAMBINO GESU' CHILDREN'S HOSPITAL-IRCCS,SRA1350749,NA,public,4834854B50BA3DA2FF6599F8CEF53B0E,906F499F0953951A90BCD660D11588FE,SRR17399874
SRR17399875,2022-01-01 13:27:41,2022-01-01 13:25:43,8534781,426739050,0,50,165,NA,https://sra-downloadb.be-md.ncbi.nlm.nih.gov/sos9/sra-pub-zq-924/SRR017/17399/SRR17399875/SRR17399875.lite.1,SRX13571999,cd184,RNA-Seq,cDNA,TRANSCRIPTOMIC,SINGLE,0,0,ILLUMINA,Illumina HiSeq 2000,SRP353096,PRJNA793584,NA,793584,SRS11464385,SAMN24563596,simple,9606,Homo sapiens,72_GFD_cd184,NA,NA,NA,NA,female,NA,no,NA,NA,NA,NA,BAMBINO GESU' CHILDREN'S HOSPITAL-IRCCS,SRA1350749,NA,public,DF81E83E0E1E067A03D6E0E11F012828,BC606F4A10CC2E294E14128CC6039491,SRR17399875
SRR17399876,2022-01-01 13:34:39,2022-01-01 13:27:34,16693097,834654850,0,50,264,NA,https://sra-downloadb.be-md.ncbi.nlm.nih.gov/sos9/sra-pub-zq-922/SRR017/17399/SRR17399876/SRR17399876.lite.1,SRX13571998,cd138,RNA-Seq,cDNA,TRANSCRIPTOMIC,SINGLE,0,0,ILLUMINA,Illumina HiSeq 2000,SRP353096,PRJNA793584,NA,793584,SRS11464384,SAMN24563595,simple,9606,Homo sapiens,71_GFD_cd138,NA,NA,NA,NA,female,NA,no,NA,NA,NA,NA,BAMBINO GESU' CHILDREN'S HOSPITAL-IRCCS,SRA1350749,NA,public,4F499D43643ACE4CE34A0EBFFFEA9FD8,A1CD68F84546407694EBFCE0466C233C,SRR17399876
SRR17399877,2022-01-01 13:27:41,2022-01-01 13:26:30,12448426,622421300,0,50,229,NA,https://sra-downloadb.be-md.ncbi.nlm.nih.gov/sos1/sra-pub-zq-38/SRR017/17399/SRR17399877/SRR17399877.lite.1,SRX13571997,nsc31,RNA-Seq,cDNA,TRANSCRIPTOMIC,SINGLE,0,0,ILLUMINA,Illumina HiSeq 2000,SRP353096,PRJNA793584,NA,793584,SRS11464383,SAMN24563532,simple,9606,Homo sapiens,8_CTRL_nsc31,NA,NA,NA,NA,female,NA,no,NA,NA,NA,NA,BAMBINO GESU' CHILDREN'S HOSPITAL-IRCCS,SRA1350749,NA,public,2C34DFF71D502727CA984A51B74EDDBA,FBB9319321395E6BCE19CBD84E850103,SRR17399877
SRR17399878,2022-01-01 13:35:57,2022-01-01 13:26:56,10872857,543642850,0,50,223,NA,https://sra-downloadb.be-md.ncbi.nlm.nih.gov/sos9/sra-pub-zq-924/SRR017/17399/SRR17399878/SRR17399878.lite.1,SRX13571996,ns97,RNA-Seq,cDNA,TRANSCRIPTOMIC,SINGLE,0,0,ILLUMINA,Illumina HiSeq 2000,SRP353096,PRJNA793584,NA,793584,SRS11464382,SAMN24563594,simple,9606,Homo sapiens,70_GFD_ns97,NA,NA,NA,NA,female,NA,no,NA,NA,NA,NA,BAMBINO GESU' CHILDREN'S HOSPITAL-IRCCS,SRA1350749,NA,public,86B329A6FC3B3CDDA7FE03D93BF16B2C,DC9BC18FAF100E0CE491D26F245F83D9,SRR17399878
SRR17399879,2022-01-01 13:27:41,2022-01-01 13:26:09,10864229,543211450,0,50,223,NA,https://sra-downloadb.be-md.ncbi.nlm.nih.gov/sos9/sra-pub-zq-924/SRR017/17399/SRR17399879/SRR17399879.lite.1,SRX13571995,ns92,RNA-Seq,cDNA,TRANSCRIPTOMIC,SINGLE,0,0,ILLUMINA,Illumina HiSeq 2000,SRP353096,PRJNA793584,NA,793584,SRS11464381,SAMN24563593,simple,9606,Homo sapiens,69_GFD_ns92,NA,NA,NA,NA,male,NA,no,NA,NA,NA,NA,BAMBINO GESU' CHILDREN'S HOSPITAL-IRCCS,SRA1350749,NA,public,94787FBC9A4C56508F13401BEE38B707,2DBC81EB11A1E7DAE2E52833CC699452,SRR17399879
SRR17399880,2022-01-01 13:27:41,2022-01-01 13:25:45,8684239,434211950,0,50,178,NA,https://sra-downloadb.be-md.ncbi.nlm.nih.gov/sos1/sra-pub-zq-38/SRR017/17399/SRR17399880/SRR17399880.lite.1,SRX13571994,ns90,RNA-Seq,cDNA,TRANSCRIPTOMIC,SINGLE,0,0,ILLUMINA,Illumina HiSeq 2000,SRP353096,PRJNA793584,NA,793584,SRS11464380,SAMN24563592,simple,9606,Homo sapiens,68_GFD_ns90,NA,NA,NA,NA,female,NA,no,NA,NA,NA,NA,BAMBINO GESU' CHILDREN'S HOSPITAL-IRCCS,SRA1350749,NA,public,F36E06D71BE94ABD0101335BF3CB1ACC,91FE8FDB73E638B595567EFADA265E47,SRR17399880
SRR17399881,2022-01-01 13:33:57,2022-01-01 13:25:08,6045330,302266500,0,50,125,NA,https://sra-downloadb.be-md.ncbi.nlm.nih.gov/sos1/sra-pub-zq-38/SRR017/17399/SRR17399881/SRR17399881.lite.1,SRX13571993,ns85,RNA-Seq,cDNA,TRANSCRIPTOMIC,SINGLE,0,0,ILLUMINA,Illumina HiSeq 2000,SRP353096,PRJNA793584,NA,793584,SRS11464379,SAMN24563591,simple,9606,Homo sapiens,67_GFD_ns85,NA,NA,NA,NA,male,NA,no,NA,NA,NA,NA,BAMBINO GESU' CHILDREN'S HOSPITAL-IRCCS,SRA1350749,NA,public,3C06358B3C9BC453ED03B34C6B1E185B,5E9FAB44A52EBA6A8F9DB29777950629,SRR17399881
SRR17399882,2022-01-01 13:27:41,2022-01-01 13:25:55,9648098,482404900,0,50,202,NA,https://sra-downloadb.be-md.ncbi.nlm.nih.gov/sos9/sra-pub-zq-924/SRR017/17399/SRR17399882/SRR17399882.lite.1,SRX13571992,ns68,RNA-Seq,cDNA,TRANSCRIPTOMIC,SINGLE,0,0,ILLUMINA,Illumina HiSeq 2000,SRP353096,PRJNA793584,NA,793584,SRS11464378,SAMN24563590,simple,9606,Homo sapiens,66_GFD_ns68,NA,NA,NA,NA,male,NA,no,NA,NA,NA,NA,BAMBINO GESU' CHILDREN'S HOSPITAL-IRCCS,SRA1350749,NA,public,408E3A7005CF8E87043FD4872148DA60,3B87C5B1861109B155FFC0DC220E8898,SRR17399882
SRR17399883,2022-01-01 13:27:41,2022-01-01 13:25:41,10168813,508440650,0,50,209,NA,https://sra-downloadb.be-md.ncbi.nlm.nih.gov/sos1/sra-pub-zq-38/SRR017/17399/SRR17399883/SRR17399883.lite.1,SRX13571991,ns64,RNA-Seq,cDNA,TRANSCRIPTOMIC,SINGLE,0,0,ILLUMINA,Illumina HiSeq 2000,SRP353096,PRJNA793584,NA,793584,SRS11464377,SAMN24563589,simple,9606,Homo sapiens,65_GFD_ns64,NA,NA,NA,NA,male,NA,no,NA,NA,NA,NA,BAMBINO GESU' CHILDREN'S HOSPITAL-IRCCS,SRA1350749,NA,public,99728A3320C56B9BD2A6FD51C2214AEA,E11ACC6A0FB99A71029BC0A043938702,SRR17399883
SRR17399884,2022-01-01 13:29:56,2022-01-01 13:27:03,13802229,690111450,0,50,292,NA,https://sra-downloadb.be-md.ncbi.nlm.nih.gov/sos4/sra-pub-zq-1/SRR017/17399/SRR17399884/SRR17399884.lite.1,SRX13571990,ns47,RNA-Seq,cDNA,TRANSCRIPTOMIC,SINGLE,0,0,ILLUMINA,Illumina HiSeq 2000,SRP353096,PRJNA793584,NA,793584,SRS11464376,SAMN24563588,simple,9606,Homo sapiens,64_GFD_ns47,NA,NA,NA,NA,female,NA,no,NA,NA,NA,NA,BAMBINO GESU' CHILDREN'S HOSPITAL-IRCCS,SRA1350749,NA,public,082C6503F5938918AE7736031ADE7FAD,669B0214BBBB03E14203488FFCE7E257,SRR17399884
SRR17399885,2022-01-01 13:27:41,2022-01-01 13:26:51,10527287,526364350,0,50,214,NA,https://sra-downloadb.be-md.ncbi.nlm.nih.gov/sos1/sra-pub-zq-38/SRR017/17399/SRR17399885/SRR17399885.lite.1,SRX13571989,ns40,RNA-Seq,cDNA,TRANSCRIPTOMIC,SINGLE,0,0,ILLUMINA,Illumina HiSeq 2000,SRP353096,PRJNA793584,NA,793584,SRS11464375,SAMN24563587,simple,9606,Homo sapiens,63_GFD_ns40,NA,NA,NA,NA,female,NA,no,NA,NA,NA,NA,BAMBINO GESU' CHILDREN'S HOSPITAL-IRCCS,SRA1350749,NA,public,6A9E7A1A65946074C5CA560187233EBC,7F3D394D057743157DCF96301F4A44E2,SRR17399885
SRR17399886,2022-01-01 14:17:38,2022-01-01 13:26:48,12610631,630531550,0,50,263,NA,https://sra-downloadb.be-md.ncbi.nlm.nih.gov/sos9/sra-pub-zq-924/SRR017/17399/SRR17399886/SRR17399886.lite.1,SRX13571988,ns35,RNA-Seq,cDNA,TRANSCRIPTOMIC,SINGLE,0,0,ILLUMINA,Illumina HiSeq 2000,SRP353096,PRJNA793584,NA,793584,SRS11464374,SAMN24563586,simple,9606,Homo sapiens,62_GFD_ns35,NA,NA,NA,NA,male,NA,no,NA,NA,NA,NA,BAMBINO GESU' CHILDREN'S HOSPITAL-IRCCS,SRA1350749,NA,public,72FB24BD1CC2C2305B31D5645F86862F,6F0A9A17761B0FA7EDF387CCB935953E,SRR17399886
SRR17399887,2022-01-01 13:27:41,2022-01-01 13:26:19,10902588,545129400,0,50,223,NA,https://sra-downloadb.be-md.ncbi.nlm.nih.gov/sos1/sra-pub-zq-38/SRR017/17399/SRR17399887/SRR17399887.lite.1,SRX13571987,ns31,RNA-Seq,cDNA,TRANSCRIPTOMIC,SINGLE,0,0,ILLUMINA,Illumina HiSeq 2000,SRP353096,PRJNA793584,NA,793584,SRS11464373,SAMN24563585,simple,9606,Homo sapiens,61_GFD_ns31,NA,NA,NA,NA,male,NA,no,NA,NA,NA,NA,BAMBINO GESU' CHILDREN'S HOSPITAL-IRCCS,SRA1350749,NA,public,1396B5CEBF72145642E8EE9EC6A8984A,C233A120A4B142D14305BB017E7F7A2B,SRR17399887
SRR17399888,2022-01-01 13:27:41,2022-01-01 13:25:52,8815334,440766700,0,50,180,NA,https://sra-downloadb.be-md.ncbi.nlm.nih.gov/sos1/sra-pub-zq-38/SRR017/17399/SRR17399888/SRR17399888.lite.1,SRX13571986,nsc26,RNA-Seq,cDNA,TRANSCRIPTOMIC,SINGLE,0,0,ILLUMINA,Illumina HiSeq 2000,SRP353096,PRJNA793584,NA,793584,SRS11464372,SAMN24563531,simple,9606,Homo sapiens,7_CTRL_nsc26,NA,NA,NA,NA,female,NA,no,NA,NA,NA,NA,BAMBINO GESU' CHILDREN'S HOSPITAL-IRCCS,SRA1350749,NA,public,1CC54673037BEABFB34174CCB3FDEDB9,FB7FD850FDC53DCA545DC13F31BE2B27,SRR17399888
SRR17399889,2022-01-01 13:30:39,2022-01-01 13:28:18,17211929,860596450,0,50,370,NA,https://sra-downloadb.be-md.ncbi.nlm.nih.gov/sos9/sra-pub-zq-922/SRR017/17399/SRR17399889/SRR17399889.lite.1,SRX13571985,ns28,RNA-Seq,cDNA,TRANSCRIPTOMIC,SINGLE,0,0,ILLUMINA,Illumina HiSeq 2000,SRP353096,PRJNA793584,NA,793584,SRS11464371,SAMN24563584,simple,9606,Homo sapiens,60_GFD_ns28,NA,NA,NA,NA,female,NA,no,NA,NA,NA,NA,BAMBINO GESU' CHILDREN'S HOSPITAL-IRCCS,SRA1350749,NA,public,5736D0C718B81C033FC6F6F813ECD994,0A587B11432693B56B13050D644FBDDD,SRR17399889
SRR17399890,2022-01-01 13:30:39,2022-01-01 13:28:42,17818904,890945200,0,50,376,NA,https://sra-downloadb.be-md.ncbi.nlm.nih.gov/sos1/sra-pub-zq-38/SRR017/17399/SRR17399890/SRR17399890.lite.1,SRX13571984,ns24,RNA-Seq,cDNA,TRANSCRIPTOMIC,SINGLE,0,0,ILLUMINA,Illumina HiSeq 2000,SRP353096,PRJNA793584,NA,793584,SRS11464370,SAMN24563583,simple,9606,Homo sapiens,59_GFD_ns24,NA,NA,NA,NA,male,NA,no,NA,NA,NA,NA,BAMBINO GESU' CHILDREN'S HOSPITAL-IRCCS,SRA1350749,NA,public,206B2D7A5859E1601AF306BB0E8587B7,7C547523477A88F162FC52C6C5E48697,SRR17399890
SRR17399891,2022-01-01 13:30:39,2022-01-01 13:28:31,17219370,860968500,0,50,365,NA,https://sra-downloadb.be-md.ncbi.nlm.nih.gov/sos1/sra-pub-zq-38/SRR017/17399/SRR17399891/SRR17399891.lite.1,SRX13571983,ns2,RNA-Seq,cDNA,TRANSCRIPTOMIC,SINGLE,0,0,ILLUMINA,Illumina HiSeq 2000,SRP353096,PRJNA793584,NA,793584,SRS11464369,SAMN24563582,simple,9606,Homo sapiens,58_GFD_ns2,NA,NA,NA,NA,male,NA,no,NA,NA,NA,NA,BAMBINO GESU' CHILDREN'S HOSPITAL-IRCCS,SRA1350749,NA,public,05E32A301056D7C71E4C34BB3D295507,43DE770CDAA97E920F2638B002F420ED,SRR17399891
SRR17399892,2022-01-01 13:27:41,2022-01-01 13:26:14,10839042,541952100,0,50,228,NA,https://sra-downloadb.be-md.ncbi.nlm.nih.gov/sos9/sra-pub-zq-924/SRR017/17399/SRR17399892/SRR17399892.lite.1,SRX13571982,ns162,RNA-Seq,cDNA,TRANSCRIPTOMIC,SINGLE,0,0,ILLUMINA,Illumina HiSeq 2000,SRP353096,PRJNA793584,NA,793584,SRS11464368,SAMN24563581,simple,9606,Homo sapiens,57_GFD_ns162,NA,NA,NA,NA,female,NA,no,NA,NA,NA,NA,BAMBINO GESU' CHILDREN'S HOSPITAL-IRCCS,SRA1350749,NA,public,B68E97080BA1F32D3AC6087397111C1F,9FE3A4755FF55F1F5CE4334EEDA85D0F,SRR17399892
SRR17399893,2022-01-01 13:30:39,2022-01-01 13:28:24,16103621,805181050,0,50,339,NA,https://sra-downloadb.be-md.ncbi.nlm.nih.gov/sos1/sra-pub-zq-38/SRR017/17399/SRR17399893/SRR17399893.lite.1,SRX13571981,ns16,RNA-Seq,cDNA,TRANSCRIPTOMIC,SINGLE,0,0,ILLUMINA,Illumina HiSeq 2000,SRP353096,PRJNA793584,NA,793584,SRS11464367,SAMN24563580,simple,9606,Homo sapiens,56_GFD_ns16,NA,NA,NA,NA,female,NA,no,NA,NA,NA,NA,BAMBINO GESU' CHILDREN'S HOSPITAL-IRCCS,SRA1350749,NA,public,F4BA2CBAD3049ABDA2041B6FAA5EE55A,C250471A1625D6969D8C97D913417126,SRR17399893
SRR17399894,2022-01-01 13:33:57,2022-01-01 13:25:21,6636964,331848200,0,50,141,NA,https://sra-downloadb.be-md.ncbi.nlm.nih.gov/sos8/sra-pub-zq-818/SRR017/17399/SRR17399894/SRR17399894.lite.1,SRX13571980,ns152,RNA-Seq,cDNA,TRANSCRIPTOMIC,SINGLE,0,0,ILLUMINA,Illumina HiSeq 2000,SRP353096,PRJNA793584,NA,793584,SRS11464366,SAMN24563579,simple,9606,Homo sapiens,55_GFD_ns152,NA,NA,NA,NA,female,NA,no,NA,NA,NA,NA,BAMBINO GESU' CHILDREN'S HOSPITAL-IRCCS,SRA1350749,NA,public,929A37F27FE05CF91AA90CB3F3B00119,E01E2F68A9AE8FED8265D2AB50A7C5E9,SRR17399894
SRR17399895,2022-01-01 13:35:57,2022-01-01 13:26:56,13083554,654177700,0,50,230,NA,https://sra-downloadb.be-md.ncbi.nlm.nih.gov/sos9/sra-pub-zq-924/SRR017/17399/SRR17399895/SRR17399895.lite.1,SRX13571979,ns143,RNA-Seq,cDNA,TRANSCRIPTOMIC,SINGLE,0,0,ILLUMINA,Illumina HiSeq 2000,SRP353096,PRJNA793584,NA,793584,SRS11464365,SAMN24563578,simple,9606,Homo sapiens,54_GFD_ns143,NA,NA,NA,NA,male,NA,no,NA,NA,NA,NA,BAMBINO GESU' CHILDREN'S HOSPITAL-IRCCS,SRA1350749,NA,public,2A600ED42AF48F048CCD467F4F48AED3,0933309F7D272692F85BFC344EFEAA3E,SRR17399895
SRR17399896,2022-01-01 13:29:56,2022-01-01 13:27:09,13409132,670456600,0,50,271,NA,https://sra-downloadb.be-md.ncbi.nlm.nih.gov/sos1/sra-pub-zq-38/SRR017/17399/SRR17399896/SRR17399896.lite.1,SRX13571978,ns103,RNA-Seq,cDNA,TRANSCRIPTOMIC,SINGLE,0,0,ILLUMINA,Illumina HiSeq 2000,SRP353096,PRJNA793584,NA,793584,SRS11464364,SAMN24563577,simple,9606,Homo sapiens,53_GFD_ns103,NA,NA,NA,NA,female,NA,no,NA,NA,NA,NA,BAMBINO GESU' CHILDREN'S HOSPITAL-IRCCS,SRA1350749,NA,public,AF28B06F71FA43F1F528B8103E8C58D6,B20A949EBCD4F488C1F7983420CDD4B4,SRR17399896
SRR17399897,2022-01-01 13:27:41,2022-01-01 13:26:27,10614054,530702700,0,50,219,NA,https://sra-downloadb.be-md.ncbi.nlm.nih.gov/sos1/sra-pub-zq-38/SRR017/17399/SRR17399897/SRR17399897.lite.1,SRX13571977,ns1,RNA-Seq,cDNA,TRANSCRIPTOMIC,SINGLE,0,0,ILLUMINA,Illumina HiSeq 2000,SRP353096,PRJNA793584,NA,793584,SRS11464363,SAMN24563576,simple,9606,Homo sapiens,52_GFD_ns1,NA,NA,NA,NA,female,NA,no,NA,NA,NA,NA,BAMBINO GESU' CHILDREN'S HOSPITAL-IRCCS,SRA1350749,NA,public,7C8BFF850C6953064D91638C39C22C2E,CADF0B479AF8D3A0BC7E66E321D0C096,SRR17399897
SRR17399898,2022-01-01 13:33:57,2022-01-01 13:25:21,8732274,436613700,0,50,179,NA,https://sra-downloadb.be-md.ncbi.nlm.nih.gov/sos1/sra-pub-zq-38/SRR017/17399/SRR17399898/SRR17399898.lite.1,SRX13571976,cd96,RNA-Seq,cDNA,TRANSCRIPTOMIC,SINGLE,0,0,ILLUMINA,Illumina HiSeq 2000,SRP353096,PRJNA793584,NA,793584,SRS11464362,SAMN24563575,simple,9606,Homo sapiens,51_CD_cd96,NA,NA,NA,NA,female,NA,no,NA,NA,NA,NA,BAMBINO GESU' CHILDREN'S HOSPITAL-IRCCS,SRA1350749,NA,public,4DA05BFF0833FC89127F7B0577FFA1F1,4784F7AACACAC90992D45AC23C1E612F,SRR17399898
SRR17399899,2022-01-01 13:27:41,2022-01-01 13:26:14,13020598,651029900,0,50,222,NA,https://sra-downloadb.be-md.ncbi.nlm.nih.gov/sos9/sra-pub-zq-924/SRR017/17399/SRR17399899/SRR17399899.lite.1,SRX13571975,nsc23,RNA-Seq,cDNA,TRANSCRIPTOMIC,SINGLE,0,0,ILLUMINA,Illumina HiSeq 2000,SRP353096,PRJNA793584,NA,793584,SRS11464361,SAMN24563530,simple,9606,Homo sapiens,6_CTRL_nsc23,NA,NA,NA,NA,female,NA,no,NA,NA,NA,NA,BAMBINO GESU' CHILDREN'S HOSPITAL-IRCCS,SRA1350749,NA,public,0F2D91008676CEDF73866A8A21F748D5,5DBBFDFABDE6A7D8051324DBB5F87827,SRR17399899
SRR17399900,2022-01-01 13:27:41,2022-01-01 13:26:17,11175289,558764450,0,50,219,NA,https://sra-downloadb.be-md.ncbi.nlm.nih.gov/sos9/sra-pub-zq-924/SRR017/17399/SRR17399900/SRR17399900.lite.1,SRX13571974,cd87,RNA-Seq,cDNA,TRANSCRIPTOMIC,SINGLE,0,0,ILLUMINA,Illumina HiSeq 2000,SRP353096,PRJNA793584,NA,793584,SRS11464360,SAMN24563574,simple,9606,Homo sapiens,50_CD_cd87,NA,NA,NA,NA,female,NA,no,NA,NA,NA,NA,BAMBINO GESU' CHILDREN'S HOSPITAL-IRCCS,SRA1350749,NA,public,FF178632591BF799F4DFB63B4845CEB3,26A74DA4D41D7979E87AC228590E1CF5,SRR17399900
SRR17399901,2022-01-01 13:27:41,2022-01-01 13:26:06,11851889,592594450,0,50,217,NA,https://sra-downloadb.be-md.ncbi.nlm.nih.gov/sos4/sra-pub-zq-1/SRR017/17399/SRR17399901/SRR17399901.lite.1,SRX13571973,cd82,RNA-Seq,cDNA,TRANSCRIPTOMIC,SINGLE,0,0,ILLUMINA,Illumina HiSeq 2000,SRP353096,PRJNA793584,NA,793584,SRS11464359,SAMN24563573,simple,9606,Homo sapiens,49_CD_cd82,NA,NA,NA,NA,male,NA,no,NA,NA,NA,NA,BAMBINO GESU' CHILDREN'S HOSPITAL-IRCCS,SRA1350749,NA,public,5A6201F3186567934C6FB6FEA1AAE5F0,7C1FC97C995F1F424E0A71CB6EB6B3CC,SRR17399901
SRR17399902,2022-01-01 13:27:41,2022-01-01 13:26:25,11661896,583094800,0,50,235,NA,https://sra-downloadb.be-md.ncbi.nlm.nih.gov/sos8/sra-pub-zq-820/SRR017/17399/SRR17399902/SRR17399902.lite.1,SRX13571972,ns88,RNA-Seq,cDNA,TRANSCRIPTOMIC,SINGLE,0,0,ILLUMINA,Illumina HiSeq 2000,SRP353096,PRJNA793584,NA,793584,SRS11464358,SAMN24563572,simple,9606,Homo sapiens,48_CD_ns88,NA,NA,NA,NA,female,NA,no,NA,NA,NA,NA,BAMBINO GESU' CHILDREN'S HOSPITAL-IRCCS,SRA1350749,NA,public,052E10F7E75F538A298EAD328190B41B,0C41122719753C60A4ADD5A5F0E6547D,SRR17399902
SRR17399903,2022-01-01 13:27:41,2022-01-01 13:26:26,10400720,520036000,0,50,217,NA,https://sra-downloadb.be-md.ncbi.nlm.nih.gov/sos1/sra-pub-zq-38/SRR017/17399/SRR17399903/SRR17399903.lite.1,SRX13571971,ns86,RNA-Seq,cDNA,TRANSCRIPTOMIC,SINGLE,0,0,ILLUMINA,Illumina HiSeq 2000,SRP353096,PRJNA793584,NA,793584,SRS11464357,SAMN24563571,simple,9606,Homo sapiens,47_CD_ns86,NA,NA,NA,NA,male,NA,no,NA,NA,NA,NA,BAMBINO GESU' CHILDREN'S HOSPITAL-IRCCS,SRA1350749,NA,public,67AC3D9F5514B0403216EDA848D8313C,0149EB455E477E52C2212F02EA9A0777,SRR17399903
SRR17399904,2022-01-01 13:27:41,2022-01-01 13:26:29,10928408,546420400,0,50,211,NA,https://sra-downloadb.be-md.ncbi.nlm.nih.gov/sos1/sra-pub-zq-38/SRR017/17399/SRR17399904/SRR17399904.lite.1,SRX13571970,ns67,RNA-Seq,cDNA,TRANSCRIPTOMIC,SINGLE,0,0,ILLUMINA,Illumina HiSeq 2000,SRP353096,PRJNA793584,NA,793584,SRS11464356,SAMN24563570,simple,9606,Homo sapiens,46_CD_ns67,NA,NA,NA,NA,female,NA,no,NA,NA,NA,NA,BAMBINO GESU' CHILDREN'S HOSPITAL-IRCCS,SRA1350749,NA,public,250479551CAE94F4203E0E0F34A89157,1862F63016147F3A5B30E86AA12E3034,SRR17399904
SRR17399905,2022-01-01 13:27:41,2022-01-01 13:26:20,10520995,526049750,0,50,223,NA,https://sra-downloadb.be-md.ncbi.nlm.nih.gov/sos8/sra-pub-zq-820/SRR017/17399/SRR17399905/SRR17399905.lite.1,SRX13571969,ns61,RNA-Seq,cDNA,TRANSCRIPTOMIC,SINGLE,0,0,ILLUMINA,Illumina HiSeq 2000,SRP353096,PRJNA793584,NA,793584,SRS11464355,SAMN24563569,simple,9606,Homo sapiens,45_CD_ns61,NA,NA,NA,NA,female,NA,no,NA,NA,NA,NA,BAMBINO GESU' CHILDREN'S HOSPITAL-IRCCS,SRA1350749,NA,public,049F0C24C63E9A529DB5365BCE2707E3,7C9F8CB64B2E1769A91A764731BD03C1,SRR17399905
SRR17399906,2022-01-01 13:27:41,2022-01-01 13:25:40,10348057,517402850,0,50,211,NA,https://sra-downloadb.be-md.ncbi.nlm.nih.gov/sos9/sra-pub-zq-924/SRR017/17399/SRR17399906/SRR17399906.lite.1,SRX13571968,ns60,RNA-Seq,cDNA,TRANSCRIPTOMIC,SINGLE,0,0,ILLUMINA,Illumina HiSeq 2000,SRP353096,PRJNA793584,NA,793584,SRS11464354,SAMN24563568,simple,9606,Homo sapiens,44_CD_ns60,NA,NA,NA,NA,male,NA,no,NA,NA,NA,NA,BAMBINO GESU' CHILDREN'S HOSPITAL-IRCCS,SRA1350749,NA,public,C0ABAF2276D5AA72B0EE75D8CD87801B,DA87F148C8B12BBA5E03F0E7312CAD13,SRR17399906
SRR17399907,2022-01-01 13:33:57,2022-01-01 13:26:03,9189374,459468700,0,50,185,NA,https://sra-downloadb.be-md.ncbi.nlm.nih.gov/sos9/sra-pub-zq-924/SRR017/17399/SRR17399907/SRR17399907.lite.1,SRX13571967,ns52,RNA-Seq,cDNA,TRANSCRIPTOMIC,SINGLE,0,0,ILLUMINA,Illumina HiSeq 2000,SRP353096,PRJNA793584,NA,793584,SRS11464353,SAMN24563567,simple,9606,Homo sapiens,43_CD_ns52,NA,NA,NA,NA,female,NA,no,NA,NA,NA,NA,BAMBINO GESU' CHILDREN'S HOSPITAL-IRCCS,SRA1350749,NA,public,E19E94E1D132C260FAC63BC446A8CD8A,50229C4F1ECDD6B412F97BCA8F570495,SRR17399907
SRR17399908,2022-01-01 13:27:41,2022-01-01 13:26:52,15045673,752283650,0,50,236,NA,https://sra-downloadb.be-md.ncbi.nlm.nih.gov/sos9/sra-pub-zq-924/SRR017/17399/SRR17399908/SRR17399908.lite.1,SRX13571966,ns189,RNA-Seq,cDNA,TRANSCRIPTOMIC,SINGLE,0,0,ILLUMINA,Illumina HiSeq 2000,SRP353096,PRJNA793584,NA,793584,SRS11464352,SAMN24563566,simple,9606,Homo sapiens,42_CD_ns189,NA,NA,NA,NA,female,NA,no,NA,NA,NA,NA,BAMBINO GESU' CHILDREN'S HOSPITAL-IRCCS,SRA1350749,NA,public,3362FB80CC0C4AF9F4D7E2CECCA60E02,6FF822D8006225A38AA356BD23A8E354,SRR17399908
SRR17399909,2022-01-01 13:27:41,2022-01-01 13:26:45,12929333,646466650,0,50,239,NA,https://sra-downloadb.be-md.ncbi.nlm.nih.gov/sos1/sra-pub-zq-38/SRR017/17399/SRR17399909/SRR17399909.lite.1,SRX13571965,ns180,RNA-Seq,cDNA,TRANSCRIPTOMIC,SINGLE,0,0,ILLUMINA,Illumina HiSeq 2000,SRP353096,PRJNA793584,NA,793584,SRS11464351,SAMN24563565,simple,9606,Homo sapiens,41_CD_ns180,NA,NA,NA,NA,female,NA,no,NA,NA,NA,NA,BAMBINO GESU' CHILDREN'S HOSPITAL-IRCCS,SRA1350749,NA,public,DAE55489A05848D6F65607EFCCFB70A7,063B2F423C1FFC28A3452E2476E01EBE,SRR17399909
SRR17399910,2022-01-01 14:17:38,2022-01-01 13:26:11,8904461,445223050,0,50,181,NA,https://sra-downloadb.be-md.ncbi.nlm.nih.gov/sos8/sra-pub-zq-820/SRR017/17399/SRR17399910/SRR17399910.lite.1,SRX13571964,nsc22,RNA-Seq,cDNA,TRANSCRIPTOMIC,SINGLE,0,0,ILLUMINA,Illumina HiSeq 2000,SRP353096,PRJNA793584,NA,793584,SRS11464350,SAMN24563529,simple,9606,Homo sapiens,5_CTRL_nsc22,NA,NA,NA,NA,female,NA,no,NA,NA,NA,NA,BAMBINO GESU' CHILDREN'S HOSPITAL-IRCCS,SRA1350749,NA,public,CB49FD2FF741ACEE979B2E8724E94AE1,FECE2CB0F2795EDE97E6BF921C40DF88,SRR17399910
SRR17399911,2022-01-01 13:27:41,2022-01-01 13:26:47,12398076,619903800,0,50,257,NA,https://sra-downloadb.be-md.ncbi.nlm.nih.gov/sos9/sra-pub-zq-924/SRR017/17399/SRR17399911/SRR17399911.lite.1,SRX13571963,ns161,RNA-Seq,cDNA,TRANSCRIPTOMIC,SINGLE,0,0,ILLUMINA,Illumina HiSeq 2000,SRP353096,PRJNA793584,NA,793584,SRS11464349,SAMN24563564,simple,9606,Homo sapiens,40_CD_ns161,NA,NA,NA,NA,male,NA,no,NA,NA,NA,NA,BAMBINO GESU' CHILDREN'S HOSPITAL-IRCCS,SRA1350749,NA,public,23C527A14D6E5BFBEBBE2BE3A6F35F6A,993BD730F4716FCB4EB443E1D395BA8E,SRR17399911
SRR17399912,2022-01-01 13:29:56,2022-01-01 13:26:59,12817739,640886950,0,50,273,NA,https://sra-downloadb.be-md.ncbi.nlm.nih.gov/sos8/sra-pub-zq-820/SRR017/17399/SRR17399912/SRR17399912.lite.1,SRX13571962,ns151,RNA-Seq,cDNA,TRANSCRIPTOMIC,SINGLE,0,0,ILLUMINA,Illumina HiSeq 2000,SRP353096,PRJNA793584,NA,793584,SRS11464348,SAMN24563563,simple,9606,Homo sapiens,39_CD_ns151,NA,NA,NA,NA,male,NA,no,NA,NA,NA,NA,BAMBINO GESU' CHILDREN'S HOSPITAL-IRCCS,SRA1350749,NA,public,0A3D5552403255E850E306C8000CED31,E6794971B2B110B5A91BDFD41DDA153B,SRR17399912
SRR17399913,2022-01-01 13:30:39,2022-01-01 13:29:25,21483187,1074159350,0,50,453,NA,https://sra-downloadb.be-md.ncbi.nlm.nih.gov/sos9/sra-pub-zq-924/SRR017/17399/SRR17399913/SRR17399913.lite.1,SRX13571961,ns149,RNA-Seq,cDNA,TRANSCRIPTOMIC,SINGLE,0,0,ILLUMINA,Illumina HiSeq 2000,SRP353096,PRJNA793584,NA,793584,SRS11464347,SAMN24563562,simple,9606,Homo sapiens,38_CD_ns149,NA,NA,NA,NA,male,NA,no,NA,NA,NA,NA,BAMBINO GESU' CHILDREN'S HOSPITAL-IRCCS,SRA1350749,NA,public,CBFC75C2A54AB83F880B6104870443C8,8D13B22768F1E3B3E8E8A91B2CBB6D41,SRR17399913
SRR17399914,2022-01-01 13:33:57,2022-01-01 13:26:24,11248735,562436750,0,50,238,NA,https://sra-downloadb.be-md.ncbi.nlm.nih.gov/sos1/sra-pub-zq-38/SRR017/17399/SRR17399914/SRR17399914.lite.1,SRX13571960,ns142,RNA-Seq,cDNA,TRANSCRIPTOMIC,SINGLE,0,0,ILLUMINA,Illumina HiSeq 2000,SRP353096,PRJNA793584,NA,793584,SRS11464346,SAMN24563561,simple,9606,Homo sapiens,37_CD_ns142,NA,NA,NA,NA,male,NA,no,NA,NA,NA,NA,BAMBINO GESU' CHILDREN'S HOSPITAL-IRCCS,SRA1350749,NA,public,BC1163C1C83C4E7033C44770BCFFBF05,2BD15D424698F5A35ABD35BBB2D954D4,SRR17399914
SRR17399915,2022-01-01 13:35:57,2022-01-01 13:25:44,8421445,421072250,0,50,179,NA,https://sra-downloadb.be-md.ncbi.nlm.nih.gov/sos9/sra-pub-zq-924/SRR017/17399/SRR17399915/SRR17399915.lite.1,SRX13571959,ns141,RNA-Seq,cDNA,TRANSCRIPTOMIC,SINGLE,0,0,ILLUMINA,Illumina HiSeq 2000,SRP353096,PRJNA793584,NA,793584,SRS11464345,SAMN24563560,simple,9606,Homo sapiens,36_CD_ns141,NA,NA,NA,NA,male,NA,no,NA,NA,NA,NA,BAMBINO GESU' CHILDREN'S HOSPITAL-IRCCS,SRA1350749,NA,public,94699000E5716B95A76C83FDFDD87BBD,3EA89829FD6CB3B18871B7605E3E3CD8,SRR17399915
SRR17399916,2022-01-01 13:30:39,2022-01-01 13:28:20,18176469,908823450,0,50,377,NA,https://sra-downloadb.be-md.ncbi.nlm.nih.gov/sos8/sra-pub-zq-820/SRR017/17399/SRR17399916/SRR17399916.lite.1,SRX13571958,ns140,RNA-Seq,cDNA,TRANSCRIPTOMIC,SINGLE,0,0,ILLUMINA,Illumina HiSeq 2000,SRP353096,PRJNA793584,NA,793584,SRS11464344,SAMN24563559,simple,9606,Homo sapiens,35_CD_ns140,NA,NA,NA,NA,female,NA,no,NA,NA,NA,NA,BAMBINO GESU' CHILDREN'S HOSPITAL-IRCCS,SRA1350749,NA,public,B32DF3D90BC3CBE8A7C0292CBD672130,4C006CFD5354E63F4FF4FC6D7C0D5743,SRR17399916
SRR17399917,2022-01-01 13:27:41,2022-01-01 13:25:20,9631085,481554250,0,50,200,NA,https://sra-downloadb.be-md.ncbi.nlm.nih.gov/sos8/sra-pub-zq-820/SRR017/17399/SRR17399917/SRR17399917.lite.1,SRX13571957,ns131,RNA-Seq,cDNA,TRANSCRIPTOMIC,SINGLE,0,0,ILLUMINA,Illumina HiSeq 2000,SRP353096,PRJNA793584,NA,793584,SRS11464343,SAMN24563558,simple,9606,Homo sapiens,34_CD_ns131,NA,NA,NA,NA,male,NA,no,NA,NA,NA,NA,BAMBINO GESU' CHILDREN'S HOSPITAL-IRCCS,SRA1350749,NA,public,0D48AFC748720A61493B257C9EDA6D0B,3934A1A9AFBA563C242C286B4A943F50,SRR17399917
SRR17399918,2022-01-01 13:29:56,2022-01-01 13:27:03,12298437,614921850,0,50,260,NA,https://sra-downloadb.be-md.ncbi.nlm.nih.gov/sos1/sra-pub-zq-38/SRR017/17399/SRR17399918/SRR17399918.lite.1,SRX13571956,ns128,RNA-Seq,cDNA,TRANSCRIPTOMIC,SINGLE,0,0,ILLUMINA,Illumina HiSeq 2000,SRP353096,PRJNA793584,NA,793584,SRS11464342,SAMN24563557,simple,9606,Homo sapiens,33_CD_ns128,NA,NA,NA,NA,female,NA,no,NA,NA,NA,NA,BAMBINO GESU' CHILDREN'S HOSPITAL-IRCCS,SRA1350749,NA,public,3DD97D39E783FBA7618DC2F9076303B0,DC56F90899190F4FB24E2A37DC37D248,SRR17399918
SRR17399919,2022-01-01 13:29:56,2022-01-01 13:27:06,13854443,692722150,0,50,235,NA,https://sra-downloadb.be-md.ncbi.nlm.nih.gov/sos8/sra-pub-zq-820/SRR017/17399/SRR17399919/SRR17399919.lite.1,SRX13571955,ns125,RNA-Seq,cDNA,TRANSCRIPTOMIC,SINGLE,0,0,ILLUMINA,Illumina HiSeq 2000,SRP353096,PRJNA793584,NA,793584,SRS11464341,SAMN24563556,simple,9606,Homo sapiens,32_CD_ns125,NA,NA,NA,NA,female,NA,no,NA,NA,NA,NA,BAMBINO GESU' CHILDREN'S HOSPITAL-IRCCS,SRA1350749,NA,public,FBA5061C456D5A9EEAF14C7A19737DCC,C575E7B47BBE6BCE27CBA9483B4467DA,SRR17399919
SRR17399920,2022-01-01 13:33:57,2022-01-01 13:27:54,16708842,835442100,0,50,345,NA,https://sra-downloadb.be-md.ncbi.nlm.nih.gov/sos4/sra-pub-zq-1/SRR017/17399/SRR17399920/SRR17399920.lite.1,SRX13571954,ns116,RNA-Seq,cDNA,TRANSCRIPTOMIC,SINGLE,0,0,ILLUMINA,Illumina HiSeq 2000,SRP353096,PRJNA793584,NA,793584,SRS11464340,SAMN24563555,simple,9606,Homo sapiens,31_CD_ns116,NA,NA,NA,NA,female,NA,no,NA,NA,NA,NA,BAMBINO GESU' CHILDREN'S HOSPITAL-IRCCS,SRA1350749,NA,public,ACD625BB734A93704060EABD6910A66A,CCC0CA560BCB99AC49E9D4F6862CC6FD,SRR17399920
SRR17399921,2022-01-01 13:35:57,2022-01-01 13:25:40,9788802,489440100,0,50,205,NA,https://sra-downloadb.be-md.ncbi.nlm.nih.gov/sos8/sra-pub-zq-820/SRR017/17399/SRR17399921/SRR17399921.lite.1,SRX13571953,nsc18,RNA-Seq,cDNA,TRANSCRIPTOMIC,SINGLE,0,0,ILLUMINA,Illumina HiSeq 2000,SRP353096,PRJNA793584,NA,793584,SRS11464339,SAMN24563528,simple,9606,Homo sapiens,4_CTRL_nsc18,NA,NA,NA,NA,female,NA,no,NA,NA,NA,NA,BAMBINO GESU' CHILDREN'S HOSPITAL-IRCCS,SRA1350749,NA,public,39C38760D34F11F9325FC40046F587F0,9841236AC989CF9747C42D163BC8BE5B,SRR17399921
SRR17399922,2022-01-01 13:27:41,2022-01-01 13:26:30,11586472,579323600,0,50,241,NA,https://sra-downloadb.be-md.ncbi.nlm.nih.gov/sos9/sra-pub-zq-922/SRR017/17399/SRR17399922/SRR17399922.lite.1,SRX13571952,ns109,RNA-Seq,cDNA,TRANSCRIPTOMIC,SINGLE,0,0,ILLUMINA,Illumina HiSeq 2000,SRP353096,PRJNA793584,NA,793584,SRS11464338,SAMN24563554,simple,9606,Homo sapiens,30_CD_ns109,NA,NA,NA,NA,male,NA,no,NA,NA,NA,NA,BAMBINO GESU' CHILDREN'S HOSPITAL-IRCCS,SRA1350749,NA,public,275AE24DA11F50E3657F108689F2B266,F0A96CE9D736202EC2D3C7F2C92299A3,SRR17399922
SRR17399923,2022-01-01 13:30:39,2022-01-01 13:28:53,17991604,899580200,0,50,387,NA,https://sra-downloadb.be-md.ncbi.nlm.nih.gov/sos9/sra-pub-zq-924/SRR017/17399/SRR17399923/SRR17399923.lite.1,SRX13571951,ns104,RNA-Seq,cDNA,TRANSCRIPTOMIC,SINGLE,0,0,ILLUMINA,Illumina HiSeq 2000,SRP353096,PRJNA793584,NA,793584,SRS11464337,SAMN24563553,simple,9606,Homo sapiens,29_CD_ns104,NA,NA,NA,NA,female,NA,no,NA,NA,NA,NA,BAMBINO GESU' CHILDREN'S HOSPITAL-IRCCS,SRA1350749,NA,public,04D1A706829313C25E1F0CC30B80C5B6,4E89690FC70081D2D80C7D7DA44D6BA4,SRR17399923
SRR17399924,2022-01-01 13:36:40,2022-01-01 13:35:00,40633676,2031683800,0,50,843,NA,https://sra-downloadb.be-md.ncbi.nlm.nih.gov/sos9/sra-pub-zq-924/SRR017/17399/SRR17399924/SRR17399924.lite.1,SRX13571950,ns65,RNA-Seq,cDNA,TRANSCRIPTOMIC,SINGLE,0,0,ILLUMINA,Illumina HiSeq 2000,SRP353096,PRJNA793584,NA,793584,SRS11464336,SAMN24563552,simple,9606,Homo sapiens,28_CTRL_ns65,NA,NA,NA,NA,male,NA,no,NA,NA,NA,NA,BAMBINO GESU' CHILDREN'S HOSPITAL-IRCCS,SRA1350749,NA,public,437E9D4A6A4BA71FD0689467A76CCADF,87BC24CDE3ED27615FD9D335B91DE6DD,SRR17399924
SRR17399925,2022-01-01 13:33:57,2022-01-01 13:26:57,13279358,663967900,0,50,237,NA,https://sra-downloadb.be-md.ncbi.nlm.nih.gov/sos9/sra-pub-zq-924/SRR017/17399/SRR17399925/SRR17399925.lite.1,SRX13571949,ctr70,RNA-Seq,cDNA,TRANSCRIPTOMIC,SINGLE,0,0,ILLUMINA,Illumina HiSeq 2000,SRP353096,PRJNA793584,NA,793584,SRS11464335,SAMN24563551,simple,9606,Homo sapiens,27_CTRL_ctr70,NA,NA,NA,NA,male,NA,no,NA,NA,NA,NA,BAMBINO GESU' CHILDREN'S HOSPITAL-IRCCS,SRA1350749,NA,public,79EC135CABB2852B607FBC346D241794,74843389E7D7B1A07E039A2ABF952944,SRR17399925
SRR17399926,2022-01-01 13:27:41,2022-01-01 13:25:34,10614232,530711600,0,50,247,NA,https://sra-downloadb.be-md.ncbi.nlm.nih.gov/sos9/sra-pub-zq-922/SRR017/17399/SRR17399926/SRR17399926.lite.1,SRX13571948,ctr41,RNA-Seq,cDNA,TRANSCRIPTOMIC,SINGLE,0,0,ILLUMINA,Illumina HiSeq 2000,SRP353096,PRJNA793584,NA,793584,SRS11464334,SAMN24563550,simple,9606,Homo sapiens,26_CTRL_ctr41,NA,NA,NA,NA,female,NA,no,NA,NA,NA,NA,BAMBINO GESU' CHILDREN'S HOSPITAL-IRCCS,SRA1350749,NA,public,DF31174B55B9BAC5361D8632BE331AB0,2EE02980A07D7EAD740F2BEA62751252,SRR17399926
SRR17399927,2022-01-01 13:27:41,2022-01-01 13:25:56,9086662,454333100,0,50,184,NA,https://sra-downloadb.be-md.ncbi.nlm.nih.gov/sos9/sra-pub-zq-922/SRR017/17399/SRR17399927/SRR17399927.lite.1,SRX13571947,ctr40,RNA-Seq,cDNA,TRANSCRIPTOMIC,SINGLE,0,0,ILLUMINA,Illumina HiSeq 2000,SRP353096,PRJNA793584,NA,793584,SRS11464333,SAMN24563549,simple,9606,Homo sapiens,25_CTRL_ctr40,NA,NA,NA,NA,female,NA,no,NA,NA,NA,NA,BAMBINO GESU' CHILDREN'S HOSPITAL-IRCCS,SRA1350749,NA,public,33BE80C2EB2F0ACC11D16EB524E24D8D,FD9730C6D4CF6E57E77084354C89E0DC,SRR17399927
SRR17399928,2022-01-01 13:27:41,2022-01-01 13:25:54,9033415,451670750,0,50,208,NA,https://sra-downloadb.be-md.ncbi.nlm.nih.gov/sos1/sra-pub-zq-38/SRR017/17399/SRR17399928/SRR17399928.lite.1,SRX13571946,nsc66,RNA-Seq,cDNA,TRANSCRIPTOMIC,SINGLE,0,0,ILLUMINA,Illumina HiSeq 2000,SRP353096,PRJNA793584,NA,793584,SRS11464332,SAMN24563548,simple,9606,Homo sapiens,24_CTRL_nsc66,NA,NA,NA,NA,male,NA,no,NA,NA,NA,NA,BAMBINO GESU' CHILDREN'S HOSPITAL-IRCCS,SRA1350749,NA,public,396673B81A5A231B7B29C641C2C6329D,2DF7E52576C6007C16D5FCF56EE74605,SRR17399928
SRR17399929,2022-01-01 13:27:41,2022-01-01 13:26:05,13258202,662910100,0,50,223,NA,https://sra-downloadb.be-md.ncbi.nlm.nih.gov/sos1/sra-pub-zq-38/SRR017/17399/SRR17399929/SRR17399929.lite.1,SRX13571945,nsc65,RNA-Seq,cDNA,TRANSCRIPTOMIC,SINGLE,0,0,ILLUMINA,Illumina HiSeq 2000,SRP353096,PRJNA793584,NA,793584,SRS11464331,SAMN24563547,simple,9606,Homo sapiens,23_CTRL_nsc65,NA,NA,NA,NA,male,NA,no,NA,NA,NA,NA,BAMBINO GESU' CHILDREN'S HOSPITAL-IRCCS,SRA1350749,NA,public,B2766F0F6DF5EDEC8C0DB68088340900,65086ABE8560F2BA33A02ABBC39B0D67,SRR17399929
SRR17399930,2022-01-01 13:27:41,2022-01-01 13:26:20,10928439,546421950,0,50,217,NA,https://sra-downloadb.be-md.ncbi.nlm.nih.gov/sos9/sra-pub-zq-924/SRR017/17399/SRR17399930/SRR17399930.lite.1,SRX13571944,nsc62,RNA-Seq,cDNA,TRANSCRIPTOMIC,SINGLE,0,0,ILLUMINA,Illumina HiSeq 2000,SRP353096,PRJNA793584,NA,793584,SRS11464330,SAMN24563546,simple,9606,Homo sapiens,22_CTRL_nsc62,NA,NA,NA,NA,female,NA,no,NA,NA,NA,NA,BAMBINO GESU' CHILDREN'S HOSPITAL-IRCCS,SRA1350749,NA,public,7AB8C7241A654E58771A9B618FE87716,EB3517EA392562D22203087F08F49DCF,SRR17399930
SRR17399931,2022-01-01 13:27:41,2022-01-01 13:26:35,11764117,588205850,0,50,242,NA,https://sra-downloadb.be-md.ncbi.nlm.nih.gov/sos9/sra-pub-zq-922/SRR017/17399/SRR17399931/SRR17399931.lite.1,SRX13571943,nsc59,RNA-Seq,cDNA,TRANSCRIPTOMIC,SINGLE,0,0,ILLUMINA,Illumina HiSeq 2000,SRP353096,PRJNA793584,NA,793584,SRS11464329,SAMN24563545,simple,9606,Homo sapiens,21_CTRL_nsc59,NA,NA,NA,NA,male,NA,no,NA,NA,NA,NA,BAMBINO GESU' CHILDREN'S HOSPITAL-IRCCS,SRA1350749,NA,public,D860E1BFE3296BE318D76FEBC697933A,06E6D9EDBAAA93B2AB708A441DC4D4CE,SRR17399931
SRR17399932,2022-01-01 13:34:39,2022-01-01 13:26:05,9068670,453433500,0,50,186,NA,https://sra-downloadb.be-md.ncbi.nlm.nih.gov/sos1/sra-pub-zq-38/SRR017/17399/SRR17399932/SRR17399932.lite.1,SRX13571942,nsc16,RNA-Seq,cDNA,TRANSCRIPTOMIC,SINGLE,0,0,ILLUMINA,Illumina HiSeq 2000,SRP353096,PRJNA793584,NA,793584,SRS11464328,SAMN24563527,simple,9606,Homo sapiens,3_CTRL_nsc16,NA,NA,NA,NA,female,NA,no,NA,NA,NA,NA,BAMBINO GESU' CHILDREN'S HOSPITAL-IRCCS,SRA1350749,NA,public,019A9BCF415A0FE22C8E1007394493F3,CCA68B1CE3F3A6F705D23B501A712F8E,SRR17399932
SRR17399933,2022-01-01 13:27:41,2022-01-01 13:26:17,10584366,529218300,0,50,213,NA,https://sra-downloadb.be-md.ncbi.nlm.nih.gov/sos9/sra-pub-zq-924/SRR017/17399/SRR17399933/SRR17399933.lite.1,SRX13571941,nsc58,RNA-Seq,cDNA,TRANSCRIPTOMIC,SINGLE,0,0,ILLUMINA,Illumina HiSeq 2000,SRP353096,PRJNA793584,NA,793584,SRS11464327,SAMN24563544,simple,9606,Homo sapiens,20_CTRL_nsc58,NA,NA,NA,NA,female,NA,no,NA,NA,NA,NA,BAMBINO GESU' CHILDREN'S HOSPITAL-IRCCS,SRA1350749,NA,public,14CE1119F5DB50D837A63FAE6AA5D03E,B80FE99DFB4C933BE51E2AFCF1E9E2C9,SRR17399933
SRR17399934,2022-01-01 14:17:38,2022-01-01 13:26:51,12477862,623893100,0,50,263,NA,https://sra-downloadb.be-md.ncbi.nlm.nih.gov/sos1/sra-pub-zq-38/SRR017/17399/SRR17399934/SRR17399934.lite.1,SRX13571940,nsc53,RNA-Seq,cDNA,TRANSCRIPTOMIC,SINGLE,0,0,ILLUMINA,Illumina HiSeq 2000,SRP353096,PRJNA793584,NA,793584,SRS11464326,SAMN24563543,simple,9606,Homo sapiens,19_CTRL_nsc53,NA,NA,NA,NA,female,NA,no,NA,NA,NA,NA,BAMBINO GESU' CHILDREN'S HOSPITAL-IRCCS,SRA1350749,NA,public,68A41976EF5933C40E479C1C0DFAF31F,5124774744F510F607A176993A15908B,SRR17399934
SRR17399935,2022-01-01 13:27:41,2022-01-01 13:26:40,11047720,552386000,0,50,226,NA,https://sra-downloadb.be-md.ncbi.nlm.nih.gov/sos4/sra-pub-zq-1/SRR017/17399/SRR17399935/SRR17399935.lite.1,SRX13571939,nsc51,RNA-Seq,cDNA,TRANSCRIPTOMIC,SINGLE,0,0,ILLUMINA,Illumina HiSeq 2000,SRP353096,PRJNA793584,NA,793584,SRS11464325,SAMN24563542,simple,9606,Homo sapiens,18_CTRL_nsc51,NA,NA,NA,NA,male,NA,no,NA,NA,NA,NA,BAMBINO GESU' CHILDREN'S HOSPITAL-IRCCS,SRA1350749,NA,public,0DFE571CA832930302DB7C6D2664342A,4744018089286CE5CAE6C8A398E9B7FF,SRR17399935
SRR17399936,2022-01-01 13:27:41,2022-01-01 13:26:54,13176130,658806500,0,50,225,NA,https://sra-downloadb.be-md.ncbi.nlm.nih.gov/sos1/sra-pub-zq-38/SRR017/17399/SRR17399936/SRR17399936.lite.1,SRX13571938,nsc50,RNA-Seq,cDNA,TRANSCRIPTOMIC,SINGLE,0,0,ILLUMINA,Illumina HiSeq 2000,SRP353096,PRJNA793584,NA,793584,SRS11464324,SAMN24563541,simple,9606,Homo sapiens,17_CTRL_nsc50,NA,NA,NA,NA,male,NA,no,NA,NA,NA,NA,BAMBINO GESU' CHILDREN'S HOSPITAL-IRCCS,SRA1350749,NA,public,D4B35D080A4314415AA33EDB6AEBB9F9,F431544A554E21804E24CEDDA4841A13,SRR17399936
SRR17399937,2022-01-01 13:29:56,2022-01-01 13:27:37,14217095,710854750,0,50,240,NA,https://sra-downloadb.be-md.ncbi.nlm.nih.gov/sos1/sra-pub-zq-38/SRR017/17399/SRR17399937/SRR17399937.lite.1,SRX13571937,nsc47,RNA-Seq,cDNA,TRANSCRIPTOMIC,SINGLE,0,0,ILLUMINA,Illumina HiSeq 2000,SRP353096,PRJNA793584,NA,793584,SRS11464323,SAMN24563540,simple,9606,Homo sapiens,16_CTRL_nsc47,NA,NA,NA,NA,female,NA,no,NA,NA,NA,NA,BAMBINO GESU' CHILDREN'S HOSPITAL-IRCCS,SRA1350749,NA,public,E082525350840AB529928ECA966D0A1A,47707020551885136B66CE73B2741CD9,SRR17399937
SRR17399938,2022-01-01 13:27:41,2022-01-01 13:26:14,10329700,516485000,0,50,210,NA,https://sra-downloadb.be-md.ncbi.nlm.nih.gov/sos8/sra-pub-zq-820/SRR017/17399/SRR17399938/SRR17399938.lite.1,SRX13571936,nsc46,RNA-Seq,cDNA,TRANSCRIPTOMIC,SINGLE,0,0,ILLUMINA,Illumina HiSeq 2000,SRP353096,PRJNA793584,NA,793584,SRS11464322,SAMN24563539,simple,9606,Homo sapiens,15_CTRL_nsc46,NA,NA,NA,NA,female,NA,no,NA,NA,NA,NA,BAMBINO GESU' CHILDREN'S HOSPITAL-IRCCS,SRA1350749,NA,public,99EA0A30616438D8283FA4808324B6DF,09BFE01C05D5513617CC4FCCC3FD8D51,SRR17399938
SRR17399939,2022-01-01 14:17:38,2022-01-01 13:26:49,13244598,662229900,0,50,231,NA,https://sra-downloadb.be-md.ncbi.nlm.nih.gov/sos9/sra-pub-zq-924/SRR017/17399/SRR17399939/SRR17399939.lite.1,SRX13571935,nsc45,RNA-Seq,cDNA,TRANSCRIPTOMIC,SINGLE,0,0,ILLUMINA,Illumina HiSeq 2000,SRP353096,PRJNA793584,NA,793584,SRS11464321,SAMN24563538,simple,9606,Homo sapiens,14_CTRL_nsc45,NA,NA,NA,NA,male,NA,no,NA,NA,NA,NA,BAMBINO GESU' CHILDREN'S HOSPITAL-IRCCS,SRA1350749,NA,public,8BAA33038E79FCF5025366AC8DAAF733,71ABFDAAD7BA28DCC8CA377858E06863,SRR17399939
SRR17399940,2022-01-01 13:27:41,2022-01-01 13:26:33,11329536,566476800,0,50,239,NA,https://sra-downloadb.be-md.ncbi.nlm.nih.gov/sos9/sra-pub-zq-924/SRR017/17399/SRR17399940/SRR17399940.lite.1,SRX13571934,nsc44,RNA-Seq,cDNA,TRANSCRIPTOMIC,SINGLE,0,0,ILLUMINA,Illumina HiSeq 2000,SRP353096,PRJNA793584,NA,793584,SRS11464320,SAMN24563537,simple,9606,Homo sapiens,13_CTRL_nsc44,NA,NA,NA,NA,female,NA,no,NA,NA,NA,NA,BAMBINO GESU' CHILDREN'S HOSPITAL-IRCCS,SRA1350749,NA,public,34BB8E71A7DB1A79EA4349F996B95E87,4B510779F34528531F7103B60699B1CA,SRR17399940
SRR17399941,2022-01-01 13:27:41,2022-01-01 13:26:16,9859689,492984450,0,50,203,NA,https://sra-downloadb.be-md.ncbi.nlm.nih.gov/sos1/sra-pub-zq-38/SRR017/17399/SRR17399941/SRR17399941.lite.1,SRX13571933,nsc4,RNA-Seq,cDNA,TRANSCRIPTOMIC,SINGLE,0,0,ILLUMINA,Illumina HiSeq 2000,SRP353096,PRJNA793584,NA,793584,SRS11464319,SAMN24563536,simple,9606,Homo sapiens,12_CTRL_nsc4,NA,NA,NA,NA,male,NA,no,NA,NA,NA,NA,BAMBINO GESU' CHILDREN'S HOSPITAL-IRCCS,SRA1350749,NA,public,6F4A062B04FD277E66E174B7A15DC720,5F3DECB6D8C3CB3108786B23B1CE8A9C,SRR17399941
SRR17399942,2022-01-01 13:29:56,2022-01-01 13:27:38,10819291,540964550,0,50,216,NA,https://sra-downloadb.be-md.ncbi.nlm.nih.gov/sos1/sra-pub-zq-38/SRR017/17399/SRR17399942/SRR17399942.lite.1,SRX13571932,nsc39,RNA-Seq,cDNA,TRANSCRIPTOMIC,SINGLE,0,0,ILLUMINA,Illumina HiSeq 2000,SRP353096,PRJNA793584,NA,793584,SRS11464318,SAMN24563535,simple,9606,Homo sapiens,11_CTRL_nsc39,NA,NA,NA,NA,male,NA,no,NA,NA,NA,NA,BAMBINO GESU' CHILDREN'S HOSPITAL-IRCCS,SRA1350749,NA,public,C3F8C3AD12875F6625263B948581EC75,BEDAD3772637B17057B2E296600A5A5F,SRR17399942
SRR17399943,2022-01-01 13:27:41,2022-01-01 13:26:07,10797178,539858900,0,50,225,NA,https://sra-downloadb.be-md.ncbi.nlm.nih.gov/sos9/sra-pub-zq-924/SRR017/17399/SRR17399943/SRR17399943.lite.1,SRX13571931,nsc13,RNA-Seq,cDNA,TRANSCRIPTOMIC,SINGLE,0,0,ILLUMINA,Illumina HiSeq 2000,SRP353096,PRJNA793584,NA,793584,SRS11464317,SAMN24563526,simple,9606,Homo sapiens,2_CTRL_nsc13,NA,NA,NA,NA,female,NA,no,NA,NA,NA,NA,BAMBINO GESU' CHILDREN'S HOSPITAL-IRCCS,SRA1350749,NA,public,5DF9C120934DDF0598EB25C1F7EFC4A1,74E2ACD9E81A47D43E886CCF7A03D869,SRR17399943
SRR17399944,2022-01-01 13:30:39,2022-01-01 13:25:37,10272483,513624150,0,50,213,NA,https://sra-downloadb.be-md.ncbi.nlm.nih.gov/sos4/sra-pub-zq-1/SRR017/17399/SRR17399944/SRR17399944.lite.1,SRX13571930,nsc12,RNA-Seq,cDNA,TRANSCRIPTOMIC,SINGLE,0,0,ILLUMINA,Illumina HiSeq 2000,SRP353096,PRJNA793584,NA,793584,SRS11464316,SAMN24563525,simple,9606,Homo sapiens,1_CTRL_nsc12,NA,NA,NA,NA,male,NA,no,NA,NA,NA,NA,BAMBINO GESU' CHILDREN'S HOSPITAL-IRCCS,SRA1350749,NA,public,76B6CDE9E4B8362EBC96A1B0FAD2E063,7BC47AD15EC70C0C3D792DC6C4A326BE,SRR17399944
SRR19417475,2022-08-26 00:00:37,2022-05-26 13:38:17,119832,70959469,119832,592,36,NA,https://sra-downloadb.be-md.ncbi.nlm.nih.gov/sos9/sra-pub-zq-924/SRR019/19417/SRR19417475/SRR19417475.lite.1,SRX15471830,PostNC5,AMPLICON,PCR,METAGENOMIC,PAIRED,0,0,ILLUMINA,Illumina MiSeq,SRP377237,PRJNA842401,NA,842401,SRS13188807,SAMN28661831,simple,410661,mouse gut metagenome,PostNC5,NA,NA,NA,NA,NA,NA,no,NA,NA,NA,NA,UNIVERSITY OF IOWA,SRA1427203,NA,public,47EEEC28B862EC03F9AAFAA31445809E,BA71E2240F5DBA4BC49053DE5CFE2CD2,SRR19417475
SRR19417476,2022-08-26 00:00:37,2022-05-26 13:38:08,151025,88953723,151025,588,44,NA,https://sra-downloadb.be-md.ncbi.nlm.nih.gov/sos9/sra-pub-zq-924/SRR019/19417/SRR19417476/SRR19417476.lite.1,SRX15471829,PostNC4,AMPLICON,PCR,METAGENOMIC,PAIRED,0,0,ILLUMINA,Illumina MiSeq,SRP377237,PRJNA842401,NA,842401,SRS13188806,SAMN28661830,simple,410661,mouse gut metagenome,PostNC4,NA,NA,NA,NA,NA,NA,no,NA,NA,NA,NA,UNIVERSITY OF IOWA,SRA1427203,NA,public,55749784469197324A3B7A32F4317E39,8EE75BE5F990BFAE9FC3D3A3BB55C44A,SRR19417476
SRR19417477,2022-08-26 00:00:37,2022-05-26 13:38:20,154773,91050960,154773,588,45,NA,https://sra-downloadb.be-md.ncbi.nlm.nih.gov/sos1/sra-pub-zq-38/SRR019/19417/SRR19417477/SRR19417477.lite.1,SRX15471828,PostNC3,AMPLICON,PCR,METAGENOMIC,PAIRED,0,0,ILLUMINA,Illumina MiSeq,SRP377237,PRJNA842401,NA,842401,SRS13188805,SAMN28661829,simple,410661,mouse gut metagenome,PostNC3,NA,NA,NA,NA,NA,NA,no,NA,NA,NA,NA,UNIVERSITY OF IOWA,SRA1427203,NA,public,6B0A7D047919FFB81417A48DE3E6A2B4,39763BEC0FA6AF7AE5EAE66EAEB6D8B3,SRR19417477
SRR19417478,2022-08-26 00:00:37,2022-05-26 13:38:11,111264,64352262,111264,578,32,NA,https://sra-downloadb.be-md.ncbi.nlm.nih.gov/sos4/sra-pub-zq-1/SRR019/19417/SRR19417478/SRR19417478.lite.1,SRX15471827,PostNC2,AMPLICON,PCR,METAGENOMIC,PAIRED,0,0,ILLUMINA,Illumina MiSeq,SRP377237,PRJNA842401,NA,842401,SRS13188804,SAMN28661828,simple,410661,mouse gut metagenome,PostNC2,NA,NA,NA,NA,NA,NA,no,NA,NA,NA,NA,UNIVERSITY OF IOWA,SRA1427203,NA,public,915C1592796DDEFBEC0C6BE1B77716F7,2584FA7957FF3D47050F425CAF263835,SRR19417478
SRR19417479,2022-08-26 00:00:37,2022-05-26 13:38:15,111537,65671192,111537,588,33,NA,https://sra-downloadb.be-md.ncbi.nlm.nih.gov/sos9/sra-pub-zq-924/SRR019/19417/SRR19417479/SRR19417479.lite.1,SRX15471826,PostNC1,AMPLICON,PCR,METAGENOMIC,PAIRED,0,0,ILLUMINA,Illumina MiSeq,SRP377237,PRJNA842401,NA,842401,SRS13188803,SAMN28661827,simple,410661,mouse gut metagenome,PostNC1,NA,NA,NA,NA,NA,NA,no,NA,NA,NA,NA,UNIVERSITY OF IOWA,SRA1427203,NA,public,581B3E170BB8F0D58E5BA492ACC1C439,EAE980437B6FC4347CB9D392D2F3582C,SRR19417479
SRR19417480,2022-08-26 00:00:37,2022-05-26 13:38:18,140649,83785611,140649,595,42,NA,https://sra-downloadb.be-md.ncbi.nlm.nih.gov/sos9/sra-pub-zq-922/SRR019/19417/SRR19417480/SRR19417480.lite.1,SRX15471825,PostHFD5,AMPLICON,PCR,METAGENOMIC,PAIRED,0,0,ILLUMINA,Illumina MiSeq,SRP377237,PRJNA842401,NA,842401,SRS13188802,SAMN28661826,simple,410661,mouse gut metagenome,PostHFD5,NA,NA,NA,NA,NA,NA,no,NA,NA,NA,NA,UNIVERSITY OF IOWA,SRA1427203,NA,public,E022BFACD2B8B86000446779F2345A97,9639233853D7910334F0DBAF41FD49CD,SRR19417480
SRR19417481,2022-08-26 00:00:36,2022-05-26 13:38:12,70142,41306008,70142,588,20,NA,https://sra-downloadb.be-md.ncbi.nlm.nih.gov/sos9/sra-pub-zq-924/SRR019/19417/SRR19417481/SRR19417481.lite.1,SRX15471824,PostHFD4,AMPLICON,PCR,METAGENOMIC,PAIRED,0,0,ILLUMINA,Illumina MiSeq,SRP377237,PRJNA842401,NA,842401,SRS13188801,SAMN28661825,simple,410661,mouse gut metagenome,PostHFD4,NA,NA,NA,NA,NA,NA,no,NA,NA,NA,NA,UNIVERSITY OF IOWA,SRA1427203,NA,public,2A4E562F90FF6D049235C72BE99BE1C7,4BC32F98FAFB2EB626C476ED362607B0,SRR19417481
SRR19417482,2022-08-26 00:00:36,2022-05-26 13:38:01,33837,20044336,33837,592,10,NA,https://sra-downloadb.be-md.ncbi.nlm.nih.gov/sos4/sra-pub-zq-1/SRR019/19417/SRR19417482/SRR19417482.lite.1,SRX15471823,PostHFD3,AMPLICON,PCR,METAGENOMIC,PAIRED,0,0,ILLUMINA,Illumina MiSeq,SRP377237,PRJNA842401,NA,842401,SRS13188800,SAMN28661824,simple,410661,mouse gut metagenome,PostHFD3,NA,NA,NA,NA,NA,NA,no,NA,NA,NA,NA,UNIVERSITY OF IOWA,SRA1427203,NA,public,2F3CC7B9C8A2C4D1FCB726ADAFDE14E7,C6AC9428744CC4698FDBC2D933194E2A,SRR19417482
SRR19417483,2022-08-26 00:00:36,2022-05-26 13:38:15,110655,65540045,110655,592,32,NA,https://sra-downloadb.be-md.ncbi.nlm.nih.gov/sos8/sra-pub-zq-818/SRR019/19417/SRR19417483/SRR19417483.lite.1,SRX15471822,PreNC5,AMPLICON,PCR,METAGENOMIC,PAIRED,0,0,ILLUMINA,Illumina MiSeq,SRP377237,PRJNA842401,NA,842401,SRS13188799,SAMN28661841,simple,410661,mouse gut metagenome,PreNC5,NA,NA,NA,NA,NA,NA,no,NA,NA,NA,NA,UNIVERSITY OF IOWA,SRA1427203,NA,public,B14CE41E48AF32BA4EC8CCDB4C3D8EDA,3E2C1DEFFD66AE43F2D4375F6DF99EC7,SRR19417483
SRR19417484,2022-08-26 00:00:36,2022-05-26 13:38:24,123108,73131428,123108,594,37,NA,https://sra-downloadb.be-md.ncbi.nlm.nih.gov/sos9/sra-pub-zq-924/SRR019/19417/SRR19417484/SRR19417484.lite.1,SRX15471821,PreNC4,AMPLICON,PCR,METAGENOMIC,PAIRED,0,0,ILLUMINA,Illumina MiSeq,SRP377237,PRJNA842401,NA,842401,SRS13188798,SAMN28661840,simple,410661,mouse gut metagenome,PreNC4,NA,NA,NA,NA,NA,NA,no,NA,NA,NA,NA,UNIVERSITY OF IOWA,SRA1427203,NA,public,C2AE3B807393371D5413F432E5DCE9AE,9B8E8705A1B2CA8E7FD1E9501413A1C7,SRR19417484
SRR19417485,2022-08-26 00:00:36,2022-05-26 13:38:13,125195,74254007,125195,593,37,NA,https://sra-downloadb.be-md.ncbi.nlm.nih.gov/sos9/sra-pub-zq-924/SRR019/19417/SRR19417485/SRR19417485.lite.1,SRX15471820,PreNC3,AMPLICON,PCR,METAGENOMIC,PAIRED,0,0,ILLUMINA,Illumina MiSeq,SRP377237,PRJNA842401,NA,842401,SRS13188797,SAMN28661839,simple,410661,mouse gut metagenome,PreNC3,NA,NA,NA,NA,NA,NA,no,NA,NA,NA,NA,UNIVERSITY OF IOWA,SRA1427203,NA,public,088A197B6F19536ADFD32475F5BEE7AB,97F10031800458BFE0788A56403B2B2F,SRR19417485
SRR19417486,2022-08-26 00:00:36,2022-05-26 13:38:06,139539,82702168,139539,592,41,NA,https://sra-downloadb.be-md.ncbi.nlm.nih.gov/sos4/sra-pub-zq-1/SRR019/19417/SRR19417486/SRR19417486.lite.1,SRX15471819,PreNC2,AMPLICON,PCR,METAGENOMIC,PAIRED,0,0,ILLUMINA,Illumina MiSeq,SRP377237,PRJNA842401,NA,842401,SRS13188796,SAMN28661838,simple,410661,mouse gut metagenome,PreNC2,NA,NA,NA,NA,NA,NA,no,NA,NA,NA,NA,UNIVERSITY OF IOWA,SRA1427203,NA,public,326F5D19A27DC9C39B5368F64D39A3A6,9EA96D3114D806DB949BE1F8CD2A3E30,SRR19417486
SRR19417487,2022-08-26 00:00:36,2022-05-26 13:38:19,100631,58820858,100631,584,29,NA,https://sra-downloadb.be-md.ncbi.nlm.nih.gov/sos1/sra-pub-zq-38/SRR019/19417/SRR19417487/SRR19417487.lite.1,SRX15471818,PreNC1,AMPLICON,PCR,METAGENOMIC,PAIRED,0,0,ILLUMINA,Illumina MiSeq,SRP377237,PRJNA842401,NA,842401,SRS13188795,SAMN28661837,simple,410661,mouse gut metagenome,PreNC1,NA,NA,NA,NA,NA,NA,no,NA,NA,NA,NA,UNIVERSITY OF IOWA,SRA1427203,NA,public,EA155466B11634D3C08B50AADF5499E7,911FA60F92B8D4CC36D9092C858C1E71,SRR19417487
SRR19417488,2022-08-26 00:00:36,2022-05-26 13:37:47,8548,4782354,8548,559,2,NA,https://sra-downloadb.be-md.ncbi.nlm.nih.gov/sos4/sra-pub-zq-1/SRR019/19417/SRR19417488/SRR19417488.lite.1,SRX15471817,PreHFD5,AMPLICON,PCR,METAGENOMIC,PAIRED,0,0,ILLUMINA,Illumina MiSeq,SRP377237,PRJNA842401,NA,842401,SRS13188794,SAMN28661836,simple,410661,mouse gut metagenome,PreHFD5,NA,NA,NA,NA,NA,NA,no,NA,NA,NA,NA,UNIVERSITY OF IOWA,SRA1427203,NA,public,E27574B2DAF6DA9DCF6EF0B1009C8F07,F269767E6C4142D398BA8EF292B160B7,SRR19417488
SRR19417489,2022-08-26 00:00:36,2022-05-26 13:38:09,109522,63990443,109522,584,33,NA,https://sra-downloadb.be-md.ncbi.nlm.nih.gov/sos9/sra-pub-zq-924/SRR019/19417/SRR19417489/SRR19417489.lite.1,SRX15471816,PreHFD4,AMPLICON,PCR,METAGENOMIC,PAIRED,0,0,ILLUMINA,Illumina MiSeq,SRP377237,PRJNA842401,NA,842401,SRS13188793,SAMN28661835,simple,410661,mouse gut metagenome,PreHFD4,NA,NA,NA,NA,NA,NA,no,NA,NA,NA,NA,UNIVERSITY OF IOWA,SRA1427203,NA,public,8BC730C544394ED66D0679A013660595,AAB7C5F4D7974E82B434FB09E64C357A,SRR19417489
SRR19417490,2022-08-26 00:00:36,2022-05-26 13:38:08,142075,83485957,142075,587,42,NA,https://sra-downloadb.be-md.ncbi.nlm.nih.gov/sos1/sra-pub-zq-38/SRR019/19417/SRR19417490/SRR19417490.lite.1,SRX15471815,PreHFD3,AMPLICON,PCR,METAGENOMIC,PAIRED,0,0,ILLUMINA,Illumina MiSeq,SRP377237,PRJNA842401,NA,842401,SRS13188792,SAMN28661834,simple,410661,mouse gut metagenome,PreHFD3,NA,NA,NA,NA,NA,NA,no,NA,NA,NA,NA,UNIVERSITY OF IOWA,SRA1427203,NA,public,1D1B2B3EBAF10362819744BAEB2C8A7D,36C81D6AA05F115B10F51198A8B654DD,SRR19417490
SRR19417491,2022-08-26 00:00:36,2022-05-26 13:38:10,65379,38193755,65379,584,19,NA,https://sra-downloadb.be-md.ncbi.nlm.nih.gov/sos4/sra-pub-zq-1/SRR019/19417/SRR19417491/SRR19417491.lite.1,SRX15471814,PreHFD2,AMPLICON,PCR,METAGENOMIC,PAIRED,0,0,ILLUMINA,Illumina MiSeq,SRP377237,PRJNA842401,NA,842401,SRS13188791,SAMN28661833,simple,410661,mouse gut metagenome,PreHFD2,NA,NA,NA,NA,NA,NA,no,NA,NA,NA,NA,UNIVERSITY OF IOWA,SRA1427203,NA,public,13C94E0E0EA2BF346C507F7E88FD2336,56264DEAD1E56B4AD0782CBBA5CCB464,SRR19417491
SRR19417492,2022-08-26 00:00:36,2022-05-26 13:38:10,71698,42346261,71698,590,21,NA,https://sra-downloadb.be-md.ncbi.nlm.nih.gov/sos9/sra-pub-zq-924/SRR019/19417/SRR19417492/SRR19417492.lite.1,SRX15471813,PreHFD1,AMPLICON,PCR,METAGENOMIC,PAIRED,0,0,ILLUMINA,Illumina MiSeq,SRP377237,PRJNA842401,NA,842401,SRS13188790,SAMN28661832,simple,410661,mouse gut metagenome,PreHFD1,NA,NA,NA,NA,NA,NA,no,NA,NA,NA,NA,UNIVERSITY OF IOWA,SRA1427203,NA,public,A93673AA13C904F8004F1825685C6144,7D8B1C902B1BBD28BEE98EE87F4E5006,SRR19417492
SRR19417493,2022-08-26 00:00:36,2022-05-26 13:38:05,99024,58984314,99024,595,29,NA,https://sra-downloadb.be-md.ncbi.nlm.nih.gov/sos9/sra-pub-zq-924/SRR019/19417/SRR19417493/SRR19417493.lite.1,SRX15471812,PostHFD2,AMPLICON,PCR,METAGENOMIC,PAIRED,0,0,ILLUMINA,Illumina MiSeq,SRP377237,PRJNA842401,NA,842401,SRS13188789,SAMN28661823,simple,410661,mouse gut metagenome,PostHFD2,NA,NA,NA,NA,NA,NA,no,NA,NA,NA,NA,UNIVERSITY OF IOWA,SRA1427203,NA,public,73B22278193A6E4A2F36E12B2ED7C47B,46C3A8A5FB8332232C69C1F04D14B276,SRR19417493
SRR19417494,2022-08-26 00:00:36,2022-05-26 13:38:10,138929,82944963,138929,597,41,NA,https://sra-downloadb.be-md.ncbi.nlm.nih.gov/sos9/sra-pub-zq-924/SRR019/19417/SRR19417494/SRR19417494.lite.1,SRX15471811,PostHFD1,AMPLICON,PCR,METAGENOMIC,PAIRED,0,0,ILLUMINA,Illumina MiSeq,SRP377237,PRJNA842401,NA,842401,SRS13188788,SAMN28661822,simple,410661,mouse gut metagenome,PostHFD1,NA,NA,NA,NA,NA,NA,no,NA,NA,NA,NA,UNIVERSITY OF IOWA,SRA1427203,NA,public,5FC2D668F59CBC4F96800CC05CB4454B,C61E152226350625FB2CC1CAEC4144D4,SRR19417494
SRR20075735,2025-07-11 00:05:34,2022-07-11 08:20:57,23515646,7054693800,23515646,300,2145,NA,https://sra-downloadb.be-md.ncbi.nlm.nih.gov/sos8/sra-pub-zq-818/SRR020/20075/SRR20075735/SRR20075735.lite.1,SRX16113715,GSM6321840,RNA-Seq,cDNA,TRANSCRIPTOMIC,PAIRED,0,0,ILLUMINA,Illumina HiSeq 2500,SRP385834,PRJNA857565,3,857565,SRS13776326,SAMN29629654,simple,10090,Mus musculus,GSM6321840,NA,NA,NA,NA,NA,NA,no,NA,NA,NA,NA,"INTEGRATIVE BIOLOGY/COMPARATIVE BIOLOGY, PICB",SRA1452201,NA,public,2396041726DEE2FDD464F78E1B5AFB47,AE3470A0C05AAED4FD325F61C8BCA2B1,SRR20075735
SRR20075736,2025-07-11 00:05:30,2022-07-11 08:21:47,24433224,7329967200,24433224,300,2234,NA,https://sra-downloadb.be-md.ncbi.nlm.nih.gov/sos8/sra-pub-zq-818/SRR020/20075/SRR20075736/SRR20075736.lite.1,SRX16113714,GSM6321839,RNA-Seq,cDNA,TRANSCRIPTOMIC,PAIRED,0,0,ILLUMINA,Illumina HiSeq 2500,SRP385834,PRJNA857565,3,857565,SRS13776325,SAMN29629655,simple,10090,Mus musculus,GSM6321839,NA,NA,NA,NA,NA,NA,no,NA,NA,NA,NA,"INTEGRATIVE BIOLOGY/COMPARATIVE BIOLOGY, PICB",SRA1452201,NA,public,DC90FD3115A8E327B1C340832CEB964A,1F5C2D721C301D2BAC189B3CE5A63D35,SRR20075736
SRR20075737,2025-07-11 00:05:31,2022-07-11 08:13:05,23788383,7136514900,23788383,300,2172,NA,https://sra-downloadb.be-md.ncbi.nlm.nih.gov/sos8/sra-pub-zq-818/SRR020/20075/SRR20075737/SRR20075737.lite.1,SRX16113713,GSM6321838,RNA-Seq,cDNA,TRANSCRIPTOMIC,PAIRED,0,0,ILLUMINA,Illumina HiSeq 2500,SRP385834,PRJNA857565,3,857565,SRS13776324,SAMN29629656,simple,10090,Mus musculus,GSM6321838,NA,NA,NA,NA,NA,NA,no,NA,NA,NA,NA,"INTEGRATIVE BIOLOGY/COMPARATIVE BIOLOGY, PICB",SRA1452201,NA,public,C5E8CBE7F3D9B9B500496BE61B02C0B7,D709E036E4F457FFE4B5ED74EDC0BE0B,SRR20075737
SRR20075738,2025-07-11 00:05:31,2022-07-11 08:07:25,19851890,5955567000,19851890,300,1844,NA,https://sra-downloadb.be-md.ncbi.nlm.nih.gov/sos8/sra-pub-zq-818/SRR020/20075/SRR20075738/SRR20075738.lite.1,SRX16113712,GSM6321837,RNA-Seq,cDNA,TRANSCRIPTOMIC,PAIRED,0,0,ILLUMINA,Illumina HiSeq 2500,SRP385834,PRJNA857565,3,857565,SRS13776323,SAMN29629657,simple,10090,Mus musculus,GSM6321837,NA,NA,NA,NA,NA,NA,no,NA,NA,NA,NA,"INTEGRATIVE BIOLOGY/COMPARATIVE BIOLOGY, PICB",SRA1452201,NA,public,C108E7EA71DA225FF48195C73E8B2DD4,17C50E0C583B0BBED6244DB082176143,SRR20075738
SRR20075739,2025-07-11 00:05:27,2022-07-11 08:13:07,23677829,7103348700,23677829,300,2160,NA,https://sra-downloadb.be-md.ncbi.nlm.nih.gov/sos8/sra-pub-zq-818/SRR020/20075/SRR20075739/SRR20075739.lite.1,SRX16113711,GSM6321836,RNA-Seq,cDNA,TRANSCRIPTOMIC,PAIRED,0,0,ILLUMINA,Illumina HiSeq 2500,SRP385834,PRJNA857565,3,857565,SRS13776321,SAMN29629658,simple,10090,Mus musculus,GSM6321836,NA,NA,NA,NA,NA,NA,no,NA,NA,NA,NA,"INTEGRATIVE BIOLOGY/COMPARATIVE BIOLOGY, PICB",SRA1452201,NA,public,7302083762F9BE1DA7F5524919684700,34812540AA95F72C6D089FD695AE02B4,SRR20075739
SRR20075740,2025-07-11 00:05:28,2022-07-11 08:13:27,24099306,7229791800,24099306,300,2232,NA,https://sra-downloadb.be-md.ncbi.nlm.nih.gov/sos8/sra-pub-zq-818/SRR020/20075/SRR20075740/SRR20075740.lite.1,SRX16113710,GSM6321835,RNA-Seq,cDNA,TRANSCRIPTOMIC,PAIRED,0,0,ILLUMINA,Illumina HiSeq 2500,SRP385834,PRJNA857565,3,857565,SRS13776322,SAMN29629659,simple,10090,Mus musculus,GSM6321835,NA,NA,NA,NA,NA,NA,no,NA,NA,NA,NA,"INTEGRATIVE BIOLOGY/COMPARATIVE BIOLOGY, PICB",SRA1452201,NA,public,72C210C3C906CB1277C21A101BBCFDC1,A595F6F26D77C507683D575F3B53B2C1,SRR20075740
SRR20075741,2025-07-11 00:05:33,2022-07-11 08:10:09,23404294,7021288200,23404294,300,2172,NA,https://sra-downloadb.be-md.ncbi.nlm.nih.gov/sos8/sra-pub-zq-818/SRR020/20075/SRR20075741/SRR20075741.lite.1,SRX16113709,GSM6321834,RNA-Seq,cDNA,TRANSCRIPTOMIC,PAIRED,0,0,ILLUMINA,Illumina HiSeq 2500,SRP385834,PRJNA857565,3,857565,SRS13776320,SAMN29629660,simple,10090,Mus musculus,GSM6321834,NA,NA,NA,NA,NA,NA,no,NA,NA,NA,NA,"INTEGRATIVE BIOLOGY/COMPARATIVE BIOLOGY, PICB",SRA1452201,NA,public,548CE904D3D939161C89DEBF42E19583,16B37E9283ECFDB803F05DF9E650DD17,SRR20075741
SRR20075742,2025-07-11 00:05:29,2022-07-11 08:04:23,24692895,7407868500,24692895,300,2250,NA,https://sra-downloadb.be-md.ncbi.nlm.nih.gov/sos8/sra-pub-zq-818/SRR020/20075/SRR20075742/SRR20075742.lite.1,SRX16113708,GSM6321833,RNA-Seq,cDNA,TRANSCRIPTOMIC,PAIRED,0,0,ILLUMINA,Illumina HiSeq 2500,SRP385834,PRJNA857565,3,857565,SRS13776319,SAMN29629661,simple,10090,Mus musculus,GSM6321833,NA,NA,NA,NA,NA,NA,no,NA,NA,NA,NA,"INTEGRATIVE BIOLOGY/COMPARATIVE BIOLOGY, PICB",SRA1452201,NA,public,E8B2A4B61757BA7188B7CE75F804C5ED,DA3E1BA3D777673D3DED96C52C5319AE,SRR20075742
SRR21733745,2022-09-28 11:38:48,2022-09-28 04:45:53,57555,28892610,57555,502,19,NA,https://sra-downloadb.be-md.ncbi.nlm.nih.gov/sos1/sra-pub-zq-38/SRR021/21733/SRR21733745/SRR21733745.lite.1,SRX17729662,s112,AMPLICON,PCR,METAGENOMIC,PAIRED,0,0,ILLUMINA,Illumina MiSeq,SRP399952,PRJNA884872,NA,884872,SRS15259079,SAMN31057912,simple,410661,mouse gut metagenome,s112_EAU_Pectin_1wk,NA,NA,NA,NA,NA,NA,no,NA,NA,NA,NA,OREGON HEALTH & SCIENCE UNIVERSITY,SRA1508478,NA,public,C467ED3BECB564F51E30ADF237F96259,C3840F56214B923BD2BC3859F3BFEFEA,SRR21733745
SRR21733746,2022-09-28 11:38:48,2022-09-28 04:45:53,65987,33125474,65987,502,22,NA,https://sra-downloadb.be-md.ncbi.nlm.nih.gov/sos1/sra-pub-zq-38/SRR021/21733/SRR21733746/SRR21733746.lite.1,SRX17729661,s111,AMPLICON,PCR,METAGENOMIC,PAIRED,0,0,ILLUMINA,Illumina MiSeq,SRP399952,PRJNA884872,NA,884872,SRS15259080,SAMN31057911,simple,410661,mouse gut metagenome,s111_EAU_Chow_1wk,NA,NA,NA,NA,NA,NA,no,NA,NA,NA,NA,OREGON HEALTH & SCIENCE UNIVERSITY,SRA1508478,NA,public,977C8787BBAEA8A688C4B415B6560BBE,4A9F0980DC9593BB52EDCE3D5DB70CC8,SRR21733746
SRR21733747,2022-09-28 11:38:48,2022-09-28 04:46:18,53227,26719954,53227,502,18,NA,https://sra-downloadb.be-md.ncbi.nlm.nih.gov/sos1/sra-pub-zq-38/SRR021/21733/SRR21733747/SRR21733747.lite.1,SRX17729660,s110,AMPLICON,PCR,METAGENOMIC,PAIRED,0,0,ILLUMINA,Illumina MiSeq,SRP399952,PRJNA884872,NA,884872,SRS15259078,SAMN31057910,simple,410661,mouse gut metagenome,s110_EAU_Chow_1wk,NA,NA,NA,NA,NA,NA,no,NA,NA,NA,NA,OREGON HEALTH & SCIENCE UNIVERSITY,SRA1508478,NA,public,CCA1530F18F1121786251D161FA935F8,6EB4CEEA999BFFC2151D1F9070E18E11,SRR21733747
SRR21733748,2022-09-28 11:38:48,2022-09-28 04:45:53,54720,27469440,54720,502,18,NA,https://sra-downloadb.be-md.ncbi.nlm.nih.gov/sos1/sra-pub-zq-38/SRR021/21733/SRR21733748/SRR21733748.lite.1,SRX17729659,s109,AMPLICON,PCR,METAGENOMIC,PAIRED,0,0,ILLUMINA,Illumina MiSeq,SRP399952,PRJNA884872,NA,884872,SRS15259077,SAMN31057909,simple,410661,mouse gut metagenome,s109_EAU_Chow_1wk,NA,NA,NA,NA,NA,NA,no,NA,NA,NA,NA,OREGON HEALTH & SCIENCE UNIVERSITY,SRA1508478,NA,public,CDCDE5E9DD82DA249943FC93628F346E,43803D72D6A56F0A965CCD2A55BE7367,SRR21733748
SRR21733749,2022-09-28 11:38:48,2022-09-28 04:45:54,63106,31679212,63106,502,21,NA,https://sra-downloadb.be-md.ncbi.nlm.nih.gov/sos1/sra-pub-zq-38/SRR021/21733/SRR21733749/SRR21733749.lite.1,SRX17729658,s108,AMPLICON,PCR,METAGENOMIC,PAIRED,0,0,ILLUMINA,Illumina MiSeq,SRP399952,PRJNA884872,NA,884872,SRS15259076,SAMN31057908,simple,410661,mouse gut metagenome,s108_EAU_Chow_1wk,NA,NA,NA,NA,NA,NA,no,NA,NA,NA,NA,OREGON HEALTH & SCIENCE UNIVERSITY,SRA1508478,NA,public,D18E4091BE9FF3C729BF197688457943,09624A1BD98A3E8593F797A84002FCDF,SRR21733749
SRR21733750,2022-09-28 11:38:48,2022-09-28 04:45:56,66568,33417136,66568,502,21,NA,https://sra-downloadb.be-md.ncbi.nlm.nih.gov/sos1/sra-pub-zq-38/SRR021/21733/SRR21733750/SRR21733750.lite.1,SRX17729657,s107,AMPLICON,PCR,METAGENOMIC,PAIRED,0,0,ILLUMINA,Illumina MiSeq,SRP399952,PRJNA884872,NA,884872,SRS15259075,SAMN31057907,simple,410661,mouse gut metagenome,s107_EAU_Chow_1wk,NA,NA,NA,NA,NA,NA,no,NA,NA,NA,NA,OREGON HEALTH & SCIENCE UNIVERSITY,SRA1508478,NA,public,B03B3628FD5B3005CFE0C7793B194C32,8474FC8E20267C1A80EE88E31138DDD0,SRR21733750
SRR21733751,2022-09-28 11:38:48,2022-09-28 04:45:58,69362,34819724,69362,502,22,NA,https://sra-downloadb.be-md.ncbi.nlm.nih.gov/sos1/sra-pub-zq-38/SRR021/21733/SRR21733751/SRR21733751.lite.1,SRX17729656,s106,AMPLICON,PCR,METAGENOMIC,PAIRED,0,0,ILLUMINA,Illumina MiSeq,SRP399952,PRJNA884872,NA,884872,SRS15259074,SAMN31057906,simple,410661,mouse gut metagenome,s106_EAU_Chow_1wk,NA,NA,NA,NA,NA,NA,no,NA,NA,NA,NA,OREGON HEALTH & SCIENCE UNIVERSITY,SRA1508478,NA,public,36AD2CC9AFFE03CABF6F2C0257CEEE33,43956F33F74C3793C5B6787386FDDA54,SRR21733751
SRR21733752,2022-09-28 11:38:48,2022-09-28 04:45:53,53811,27013122,53811,502,18,NA,https://sra-downloadb.be-md.ncbi.nlm.nih.gov/sos1/sra-pub-zq-38/SRR021/21733/SRR21733752/SRR21733752.lite.1,SRX17729655,s076,AMPLICON,PCR,METAGENOMIC,PAIRED,0,0,ILLUMINA,Illumina MiSeq,SRP399952,PRJNA884872,NA,884872,SRS15259073,SAMN31057876,simple,410661,mouse gut metagenome,s076_EAU_NoFiber_2wk,NA,NA,NA,NA,NA,NA,no,NA,NA,NA,NA,OREGON HEALTH & SCIENCE UNIVERSITY,SRA1508478,NA,public,B71A4248F6A60E6F5E938AA283E518B3,9EA6957147F74B4687B93CC6DE9901C5,SRR21733752
SRR21733753,2022-09-28 11:38:48,2022-09-28 04:45:55,48235,24213970,48235,502,15,NA,https://sra-downloadb.be-md.ncbi.nlm.nih.gov/sos1/sra-pub-zq-38/SRR021/21733/SRR21733753/SRR21733753.lite.1,SRX17729654,s075,AMPLICON,PCR,METAGENOMIC,PAIRED,0,0,ILLUMINA,Illumina MiSeq,SRP399952,PRJNA884872,NA,884872,SRS15259072,SAMN31057875,simple,410661,mouse gut metagenome,s075_EAU_NoFiber_2wk,NA,NA,NA,NA,NA,NA,no,NA,NA,NA,NA,OREGON HEALTH & SCIENCE UNIVERSITY,SRA1508478,NA,public,C82EAB33C89E56D124F3A24D1BDD2888,9B5E5EDC5D5100FA8E25E3D0E14F2034,SRR21733753
SRR21733754,2022-09-28 11:38:48,2022-09-28 04:46:02,53035,26623570,53035,502,17,NA,https://sra-downloadb.be-md.ncbi.nlm.nih.gov/sos1/sra-pub-zq-38/SRR021/21733/SRR21733754/SRR21733754.lite.1,SRX17729653,s074,AMPLICON,PCR,METAGENOMIC,PAIRED,0,0,ILLUMINA,Illumina MiSeq,SRP399952,PRJNA884872,NA,884872,SRS15259071,SAMN31057874,simple,410661,mouse gut metagenome,s074_EAU_NoFiber_2wk,NA,NA,NA,NA,NA,NA,no,NA,NA,NA,NA,OREGON HEALTH & SCIENCE UNIVERSITY,SRA1508478,NA,public,0E137E206096B971C85C42F8FD567020,6C9F912356303D90335AFB7F32DCE989,SRR21733754
SRR21733755,2022-09-28 11:38:48,2022-09-28 04:45:58,61179,30711858,61179,502,20,NA,https://sra-downloadb.be-md.ncbi.nlm.nih.gov/sos1/sra-pub-zq-38/SRR021/21733/SRR21733755/SRR21733755.lite.1,SRX17729652,s073,AMPLICON,PCR,METAGENOMIC,PAIRED,0,0,ILLUMINA,Illumina MiSeq,SRP399952,PRJNA884872,NA,884872,SRS15259070,SAMN31057873,simple,410661,mouse gut metagenome,s073_EAU_NoFiber_2wk,NA,NA,NA,NA,NA,NA,no,NA,NA,NA,NA,OREGON HEALTH & SCIENCE UNIVERSITY,SRA1508478,NA,public,CE32D4815E3C6E82262FE744A1F9BE51,45960D603011DA35B2950A815D0A1F74,SRR21733755
SRR21733756,2022-09-28 11:38:48,2022-09-28 04:45:57,52803,26507106,52803,502,17,NA,https://sra-downloadb.be-md.ncbi.nlm.nih.gov/sos1/sra-pub-zq-38/SRR021/21733/SRR21733756/SRR21733756.lite.1,SRX17729651,s007,AMPLICON,PCR,METAGENOMIC,PAIRED,0,0,ILLUMINA,Illumina MiSeq,SRP399952,PRJNA884872,NA,884872,SRS15259069,SAMN31057819,simple,410661,mouse gut metagenome,s007_EAU_Fiber_2wk,NA,NA,NA,NA,NA,NA,no,NA,NA,NA,NA,OREGON HEALTH & SCIENCE UNIVERSITY,SRA1508478,NA,public,2C3A0768DC037CC412CF55E3468F6915,EE682D9114C89C3644C1B594F1376D1B,SRR21733756
SRR21733757,2022-09-28 11:38:48,2022-09-28 04:45:59,42209,21188918,42209,502,13,NA,https://sra-downloadb.be-md.ncbi.nlm.nih.gov/sos1/sra-pub-zq-38/SRR021/21733/SRR21733757/SRR21733757.lite.1,SRX17729650,s072,AMPLICON,PCR,METAGENOMIC,PAIRED,0,0,ILLUMINA,Illumina MiSeq,SRP399952,PRJNA884872,NA,884872,SRS15259068,SAMN31057872,simple,410661,mouse gut metagenome,s072_EAU_Fiber_1wk,NA,NA,NA,NA,NA,NA,no,NA,NA,NA,NA,OREGON HEALTH & SCIENCE UNIVERSITY,SRA1508478,NA,public,6869FCBB12994E537487D47316F83FFC,9EA085367CC6DA589A99D258D7111037,SRR21733757
SRR21733758,2022-09-28 11:38:48,2022-09-28 04:45:55,41751,20959002,41751,502,13,NA,https://sra-downloadb.be-md.ncbi.nlm.nih.gov/sos1/sra-pub-zq-38/SRR021/21733/SRR21733758/SRR21733758.lite.1,SRX17729649,s071,AMPLICON,PCR,METAGENOMIC,PAIRED,0,0,ILLUMINA,Illumina MiSeq,SRP399952,PRJNA884872,NA,884872,SRS15259067,SAMN31057871,simple,410661,mouse gut metagenome,s071_EAU_Fiber_1wk,NA,NA,NA,NA,NA,NA,no,NA,NA,NA,NA,OREGON HEALTH & SCIENCE UNIVERSITY,SRA1508478,NA,public,E752EED8D581AF2E04C900FB2AFED607,6946E8A48D2DC1030B2445D654D3853A,SRR21733758
SRR21733759,2022-09-28 11:38:48,2022-09-28 04:45:52,37408,18778816,37408,502,12,NA,https://sra-downloadb.be-md.ncbi.nlm.nih.gov/sos1/sra-pub-zq-38/SRR021/21733/SRR21733759/SRR21733759.lite.1,SRX17729648,s070,AMPLICON,PCR,METAGENOMIC,PAIRED,0,0,ILLUMINA,Illumina MiSeq,SRP399952,PRJNA884872,NA,884872,SRS15259066,SAMN31057870,simple,410661,mouse gut metagenome,s070_EAU_Fiber_1wk,NA,NA,NA,NA,NA,NA,no,NA,NA,NA,NA,OREGON HEALTH & SCIENCE UNIVERSITY,SRA1508478,NA,public,8D2F4F0CF4BAEBFE0C47329A6500B017,F15714B8B63256DA6F7CE2622CDC5ECC,SRR21733759
SRR21733760,2022-09-28 11:38:48,2022-09-28 04:45:32,392,196784,392,502,0,NA,https://sra-downloadb.be-md.ncbi.nlm.nih.gov/sos1/sra-pub-zq-38/SRR021/21733/SRR21733760/SRR21733760.lite.1,SRX17729647,s069,AMPLICON,PCR,METAGENOMIC,PAIRED,0,0,ILLUMINA,Illumina MiSeq,SRP399952,PRJNA884872,NA,884872,SRS15259065,SAMN31057869,simple,410661,mouse gut metagenome,s069_EAU_Fiber_1wk,NA,NA,NA,NA,NA,NA,no,NA,NA,NA,NA,OREGON HEALTH & SCIENCE UNIVERSITY,SRA1508478,NA,public,2AECC212A62D149558980E80FACE133E,F874E65502B952860C7B9933E2C1F4C3,SRR21733760
SRR21733761,2022-09-28 11:38:48,2022-09-28 04:46:00,96361,48373222,96361,502,31,NA,https://sra-downloadb.be-md.ncbi.nlm.nih.gov/sos1/sra-pub-zq-38/SRR021/21733/SRR21733761/SRR21733761.lite.1,SRX17729646,s068,AMPLICON,PCR,METAGENOMIC,PAIRED,0,0,ILLUMINA,Illumina MiSeq,SRP399952,PRJNA884872,NA,884872,SRS15259064,SAMN31057868,simple,410661,mouse gut metagenome,s068_EAU_Fiber_1wk,NA,NA,NA,NA,NA,NA,no,NA,NA,NA,NA,OREGON HEALTH & SCIENCE UNIVERSITY,SRA1508478,NA,public,9508D4B7FF594CB971E52A0F53F04799,9822638D72FD82647401AB923C110BBC,SRR21733761
SRR21733762,2022-09-28 11:38:48,2022-09-28 04:45:59,53734,26974468,53734,502,17,NA,https://sra-downloadb.be-md.ncbi.nlm.nih.gov/sos1/sra-pub-zq-38/SRR021/21733/SRR21733762/SRR21733762.lite.1,SRX17729645,s067,AMPLICON,PCR,METAGENOMIC,PAIRED,0,0,ILLUMINA,Illumina MiSeq,SRP399952,PRJNA884872,NA,884872,SRS15259063,SAMN31057867,simple,410661,mouse gut metagenome,s067_EAU_Fiber_1wk,NA,NA,NA,NA,NA,NA,no,NA,NA,NA,NA,OREGON HEALTH & SCIENCE UNIVERSITY,SRA1508478,NA,public,0947DBDD1362667A40BBECABE1340191,07CE2D3D937E362A36762433D5831543,SRR21733762
SRR21733763,2022-09-28 11:38:48,2022-09-28 04:45:51,51456,25830912,51456,502,17,NA,https://sra-downloadb.be-md.ncbi.nlm.nih.gov/sos1/sra-pub-zq-38/SRR021/21733/SRR21733763/SRR21733763.lite.1,SRX17729644,s066,AMPLICON,PCR,METAGENOMIC,PAIRED,0,0,ILLUMINA,Illumina MiSeq,SRP399952,PRJNA884872,NA,884872,SRS15259062,SAMN31057866,simple,410661,mouse gut metagenome,s066_EAU_Fat_1wk,NA,NA,NA,NA,NA,NA,no,NA,NA,NA,NA,OREGON HEALTH & SCIENCE UNIVERSITY,SRA1508478,NA,public,C67CE3E6479741DA2340C076CC0DC307,D708B8332D4A7D7D56E6EB6987044DC9,SRR21733763
SRR21733764,2022-09-28 11:38:48,2022-09-28 04:46:03,66706,33486412,66706,502,22,NA,https://sra-downloadb.be-md.ncbi.nlm.nih.gov/sos1/sra-pub-zq-38/SRR021/21733/SRR21733764/SRR21733764.lite.1,SRX17729643,s065,AMPLICON,PCR,METAGENOMIC,PAIRED,0,0,ILLUMINA,Illumina MiSeq,SRP399952,PRJNA884872,NA,884872,SRS15259061,SAMN31057865,simple,410661,mouse gut metagenome,s065_EAU_Fat_1wk,NA,NA,NA,NA,NA,NA,no,NA,NA,NA,NA,OREGON HEALTH & SCIENCE UNIVERSITY,SRA1508478,NA,public,4E9DFC298E6ABA9B9B901F6C39B1553E,D3D74798BFF0B98CF3119D2C8706F670,SRR21733764
SRR21733765,2022-09-28 11:38:48,2022-09-28 04:45:57,42815,21493130,42815,502,14,NA,https://sra-downloadb.be-md.ncbi.nlm.nih.gov/sos1/sra-pub-zq-38/SRR021/21733/SRR21733765/SRR21733765.lite.1,SRX17729642,s064,AMPLICON,PCR,METAGENOMIC,PAIRED,0,0,ILLUMINA,Illumina MiSeq,SRP399952,PRJNA884872,NA,884872,SRS15259060,SAMN31057864,simple,410661,mouse gut metagenome,s064_EAU_Fat_1wk,NA,NA,NA,NA,NA,NA,no,NA,NA,NA,NA,OREGON HEALTH & SCIENCE UNIVERSITY,SRA1508478,NA,public,EC0E8EE26C9A83A51BA2F0520847CA05,7233C019C834F3EAA2E89032CD499FAE,SRR21733765
SRR21733766,2022-09-28 11:38:48,2022-09-28 04:46:02,38149,19150798,38149,502,12,NA,https://sra-downloadb.be-md.ncbi.nlm.nih.gov/sos1/sra-pub-zq-38/SRR021/21733/SRR21733766/SRR21733766.lite.1,SRX17729641,s063,AMPLICON,PCR,METAGENOMIC,PAIRED,0,0,ILLUMINA,Illumina MiSeq,SRP399952,PRJNA884872,NA,884872,SRS15259059,SAMN31057863,simple,410661,mouse gut metagenome,s063_EAU_Fat_1wk,NA,NA,NA,NA,NA,NA,no,NA,NA,NA,NA,OREGON HEALTH & SCIENCE UNIVERSITY,SRA1508478,NA,public,CE0AA7C219615FDA29116B2F288B71CD,17ED32080AA95B73FB348BEF3D58EA28,SRR21733766
SRR21733767,2022-09-28 11:38:48,2022-09-28 04:45:51,37785,18968070,37785,502,12,NA,https://sra-downloadb.be-md.ncbi.nlm.nih.gov/sos1/sra-pub-zq-38/SRR021/21733/SRR21733767/SRR21733767.lite.1,SRX17729640,s006,AMPLICON,PCR,METAGENOMIC,PAIRED,0,0,ILLUMINA,Illumina MiSeq,SRP399952,PRJNA884872,NA,884872,SRS15259058,SAMN31057818,simple,410661,mouse gut metagenome,s006_EAU_Fat_2wk,NA,NA,NA,NA,NA,NA,no,NA,NA,NA,NA,OREGON HEALTH & SCIENCE UNIVERSITY,SRA1508478,NA,public,298E71109A5CD711AFE5ABF3F3561624,F648F014C87612AF1C0659F0D94B7399,SRR21733767
SRR21733768,2022-09-28 11:38:48,2022-09-28 04:45:52,37383,18766266,37383,502,12,NA,https://sra-downloadb.be-md.ncbi.nlm.nih.gov/sos1/sra-pub-zq-38/SRR021/21733/SRR21733768/SRR21733768.lite.1,SRX17729639,s003,AMPLICON,PCR,METAGENOMIC,PAIRED,0,0,ILLUMINA,Illumina MiSeq,SRP399952,PRJNA884872,NA,884872,SRS15259056,SAMN31057815,simple,410661,mouse gut metagenome,s003_EAU_Fat_2wk,NA,NA,NA,NA,NA,NA,no,NA,NA,NA,NA,OREGON HEALTH & SCIENCE UNIVERSITY,SRA1508478,NA,public,59895832595121529586A1D3646ACA6E,7B294E581D37C8DC611A327507CD410A,SRR21733768
SRR21733769,2022-09-28 11:38:48,2022-09-28 04:45:54,47065,23626630,47065,502,15,NA,https://sra-downloadb.be-md.ncbi.nlm.nih.gov/sos1/sra-pub-zq-38/SRR021/21733/SRR21733769/SRR21733769.lite.1,SRX17729638,s020,AMPLICON,PCR,METAGENOMIC,PAIRED,0,0,ILLUMINA,Illumina MiSeq,SRP399952,PRJNA884872,NA,884872,SRS15259057,SAMN31057832,simple,410661,mouse gut metagenome,s020_EAU_Fiber_2wk,NA,NA,NA,NA,NA,NA,no,NA,NA,NA,NA,OREGON HEALTH & SCIENCE UNIVERSITY,SRA1508478,NA,public,C677EE8B28763FCBE64BB7F18EB12EA5,4D13A2DE9F02476A7A1F8D141FA8F461,SRR21733769
SRR21733770,2022-09-28 11:38:48,2022-09-28 04:45:52,46386,23285772,46386,502,15,NA,https://sra-downloadb.be-md.ncbi.nlm.nih.gov/sos1/sra-pub-zq-38/SRR021/21733/SRR21733770/SRR21733770.lite.1,SRX17729637,s019,AMPLICON,PCR,METAGENOMIC,PAIRED,0,0,ILLUMINA,Illumina MiSeq,SRP399952,PRJNA884872,NA,884872,SRS15259054,SAMN31057831,simple,410661,mouse gut metagenome,s019_EAU_Fiber_2wk,NA,NA,NA,NA,NA,NA,no,NA,NA,NA,NA,OREGON HEALTH & SCIENCE UNIVERSITY,SRA1508478,NA,public,63F15DEE6E96F0C409FDA361958809FF,BF6F93B77C2154FB26EF29530F81B9B4,SRR21733770
SRR21733771,2022-09-28 11:38:48,2022-09-28 04:46:06,58272,29252544,58272,502,19,NA,https://sra-downloadb.be-md.ncbi.nlm.nih.gov/sos1/sra-pub-zq-38/SRR021/21733/SRR21733771/SRR21733771.lite.1,SRX17729636,s018,AMPLICON,PCR,METAGENOMIC,PAIRED,0,0,ILLUMINA,Illumina MiSeq,SRP399952,PRJNA884872,NA,884872,SRS15259055,SAMN31057830,simple,410661,mouse gut metagenome,s018_EAU_Fat_2wk,NA,NA,NA,NA,NA,NA,no,NA,NA,NA,NA,OREGON HEALTH & SCIENCE UNIVERSITY,SRA1508478,NA,public,72D7E1F25D9115D8BD83E60553E2078D,7BB34CC8322E2FF605FAF884253DCD65,SRR21733771
SRR21733772,2022-09-28 11:38:48,2022-09-28 04:45:56,40971,20567442,40971,502,13,NA,https://sra-downloadb.be-md.ncbi.nlm.nih.gov/sos1/sra-pub-zq-38/SRR021/21733/SRR21733772/SRR21733772.lite.1,SRX17729635,s017,AMPLICON,PCR,METAGENOMIC,PAIRED,0,0,ILLUMINA,Illumina MiSeq,SRP399952,PRJNA884872,NA,884872,SRS15259052,SAMN31057829,simple,410661,mouse gut metagenome,s017_EAU_Fat_2wk,NA,NA,NA,NA,NA,NA,no,NA,NA,NA,NA,OREGON HEALTH & SCIENCE UNIVERSITY,SRA1508478,NA,public,D879CB1BAF0797B150611A13A9913F39,FC82F45D3EF29EC1C1AF3BE4B1F2BB98,SRR21733772
SRR21733773,2022-09-28 11:38:48,2022-09-28 04:45:56,50440,25320880,50440,502,17,NA,https://sra-downloadb.be-md.ncbi.nlm.nih.gov/sos1/sra-pub-zq-38/SRR021/21733/SRR21733773/SRR21733773.lite.1,SRX17729634,s205,AMPLICON,PCR,METAGENOMIC,PAIRED,0,0,ILLUMINA,Illumina MiSeq,SRP399952,PRJNA884872,NA,884872,SRS15259053,SAMN31057963,simple,410661,mouse gut metagenome,s205_EAU_Pectin_1wk,NA,NA,NA,NA,NA,NA,no,NA,NA,NA,NA,OREGON HEALTH & SCIENCE UNIVERSITY,SRA1508478,NA,public,7CFF87D2AEB81C1BA16A850281223B81,641E152A41C6DC92A18055CDC11DFE7E,SRR21733773
SRR21733774,2022-09-28 11:38:48,2022-09-28 04:45:55,48155,24173810,48155,502,16,NA,https://sra-downloadb.be-md.ncbi.nlm.nih.gov/sos1/sra-pub-zq-38/SRR021/21733/SRR21733774/SRR21733774.lite.1,SRX17729633,s016,AMPLICON,PCR,METAGENOMIC,PAIRED,0,0,ILLUMINA,Illumina MiSeq,SRP399952,PRJNA884872,NA,884872,SRS15259051,SAMN31057828,simple,410661,mouse gut metagenome,s016_EAU_Fat_2wk,NA,NA,NA,NA,NA,NA,no,NA,NA,NA,NA,OREGON HEALTH & SCIENCE UNIVERSITY,SRA1508478,NA,public,D10940204EB518E997CE77AD0473A7B2,7E0285670CA35CF4DBD365C4B4C33F28,SRR21733774
SRR21733775,2022-09-28 11:38:48,2022-09-28 04:45:55,37133,18640766,37133,502,12,NA,https://sra-downloadb.be-md.ncbi.nlm.nih.gov/sos1/sra-pub-zq-38/SRR021/21733/SRR21733775/SRR21733775.lite.1,SRX17729632,s204,AMPLICON,PCR,METAGENOMIC,PAIRED,0,0,ILLUMINA,Illumina MiSeq,SRP399952,PRJNA884872,NA,884872,SRS15259050,SAMN31057962,simple,410661,mouse gut metagenome,s204_EAU_Pectin_1wk,NA,NA,NA,NA,NA,NA,no,NA,NA,NA,NA,OREGON HEALTH & SCIENCE UNIVERSITY,SRA1508478,NA,public,B7221B724BDFAC679AAA47212DB2F426,0A4758ED8788D19779F99E5E4BD5AA7D,SRR21733775
SRR21733776,2022-09-28 11:38:48,2022-09-28 04:45:48,35309,17725118,35309,502,11,NA,https://sra-downloadb.be-md.ncbi.nlm.nih.gov/sos1/sra-pub-zq-38/SRR021/21733/SRR21733776/SRR21733776.lite.1,SRX17729631,s203,AMPLICON,PCR,METAGENOMIC,PAIRED,0,0,ILLUMINA,Illumina MiSeq,SRP399952,PRJNA884872,NA,884872,SRS15259049,SAMN31057961,simple,410661,mouse gut metagenome,s203_EAU_Pectin_1wk,NA,NA,NA,NA,NA,NA,no,NA,NA,NA,NA,OREGON HEALTH & SCIENCE UNIVERSITY,SRA1508478,NA,public,20CCE0E66D47DD8AC057B42892EEDE5D,88A961E7A20AB0166F9B915A65F95FB9,SRR21733776
SRR21733777,2022-09-28 11:38:48,2022-09-28 04:46:07,41521,20843542,41521,502,13,NA,https://sra-downloadb.be-md.ncbi.nlm.nih.gov/sos1/sra-pub-zq-38/SRR021/21733/SRR21733777/SRR21733777.lite.1,SRX17729630,s202,AMPLICON,PCR,METAGENOMIC,PAIRED,0,0,ILLUMINA,Illumina MiSeq,SRP399952,PRJNA884872,NA,884872,SRS15259048,SAMN31057960,simple,410661,mouse gut metagenome,s202_EAU_Pectin_1wk,NA,NA,NA,NA,NA,NA,no,NA,NA,NA,NA,OREGON HEALTH & SCIENCE UNIVERSITY,SRA1508478,NA,public,5D5CDEB2719C29FEBE9FE2ED92AB6223,0891C5F79AF703C14F89D1E143EDC2B1,SRR21733777
SRR21733778,2022-09-28 11:38:48,2022-09-28 04:46:06,40151,20155802,40151,502,13,NA,https://sra-downloadb.be-md.ncbi.nlm.nih.gov/sos1/sra-pub-zq-38/SRR021/21733/SRR21733778/SRR21733778.lite.1,SRX17729629,s201,AMPLICON,PCR,METAGENOMIC,PAIRED,0,0,ILLUMINA,Illumina MiSeq,SRP399952,PRJNA884872,NA,884872,SRS15259047,SAMN31057959,simple,410661,mouse gut metagenome,s201_EAU_Pectin_1wk,NA,NA,NA,NA,NA,NA,no,NA,NA,NA,NA,OREGON HEALTH & SCIENCE UNIVERSITY,SRA1508478,NA,public,3BDD04BD0B02236132C0DF5DB98714AA,A31D1CE1AD9DD6CA2035226C2C6D33E2,SRR21733778
SRR21733779,2022-09-28 11:38:48,2022-09-28 04:46:00,56000,28112000,56000,502,18,NA,https://sra-downloadb.be-md.ncbi.nlm.nih.gov/sos1/sra-pub-zq-38/SRR021/21733/SRR21733779/SRR21733779.lite.1,SRX17729628,s200,AMPLICON,PCR,METAGENOMIC,PAIRED,0,0,ILLUMINA,Illumina MiSeq,SRP399952,PRJNA884872,NA,884872,SRS15259046,SAMN31057958,simple,410661,mouse gut metagenome,s200_EAU_Pectin_1wk,NA,NA,NA,NA,NA,NA,no,NA,NA,NA,NA,OREGON HEALTH & SCIENCE UNIVERSITY,SRA1508478,NA,public,B52DD59C0BE6112CA15A8D8E2C0783FA,B109819C3A7A53929F85975CA69C0CEB,SRR21733779
SRR21733780,2022-09-28 11:38:48,2022-09-28 04:46:05,58832,29533664,58832,502,19,NA,https://sra-downloadb.be-md.ncbi.nlm.nih.gov/sos1/sra-pub-zq-38/SRR021/21733/SRR21733780/SRR21733780.lite.1,SRX17729627,s199,AMPLICON,PCR,METAGENOMIC,PAIRED,0,0,ILLUMINA,Illumina MiSeq,SRP399952,PRJNA884872,NA,884872,SRS15259045,SAMN31057957,simple,410661,mouse gut metagenome,s199_EAU_Fat_1wk,NA,NA,NA,NA,NA,NA,no,NA,NA,NA,NA,OREGON HEALTH & SCIENCE UNIVERSITY,SRA1508478,NA,public,0065217BA0703481C5040A0913903247,08FAD906F7CF6E3267E4AD3C92ED4551,SRR21733780
SRR21733781,2022-09-28 11:38:48,2022-09-28 04:46:00,19451,9764402,19451,502,6,NA,https://sra-downloadb.be-md.ncbi.nlm.nih.gov/sos1/sra-pub-zq-38/SRR021/21733/SRR21733781/SRR21733781.lite.1,SRX17729626,s198,AMPLICON,PCR,METAGENOMIC,PAIRED,0,0,ILLUMINA,Illumina MiSeq,SRP399952,PRJNA884872,NA,884872,SRS15259044,SAMN31057956,simple,410661,mouse gut metagenome,s198_EAU_Fat_1wk,NA,NA,NA,NA,NA,NA,no,NA,NA,NA,NA,OREGON HEALTH & SCIENCE UNIVERSITY,SRA1508478,NA,public,0065C75DBD9074A90F2D1587017C3C47,76F74D40568E8A4AEEC0CDAD91C91602,SRR21733781
SRR21733782,2022-09-28 11:38:48,2022-09-28 04:46:14,39158,19657316,39158,502,12,NA,https://sra-downloadb.be-md.ncbi.nlm.nih.gov/sos1/sra-pub-zq-38/SRR021/21733/SRR21733782/SRR21733782.lite.1,SRX17729625,s197,AMPLICON,PCR,METAGENOMIC,PAIRED,0,0,ILLUMINA,Illumina MiSeq,SRP399952,PRJNA884872,NA,884872,SRS15259043,SAMN31057955,simple,410661,mouse gut metagenome,s197_EAU_Fat_1wk,NA,NA,NA,NA,NA,NA,no,NA,NA,NA,NA,OREGON HEALTH & SCIENCE UNIVERSITY,SRA1508478,NA,public,568CDE8BEDF1E7AFB15060A7ACCD33FE,AAC5532AAD3433F51E5AD82E53DDC39D,SRR21733782
SRR21733783,2022-09-28 11:38:48,2022-09-28 04:46:25,50078,25139156,50078,502,17,NA,https://sra-downloadb.be-md.ncbi.nlm.nih.gov/sos1/sra-pub-zq-38/SRR021/21733/SRR21733783/SRR21733783.lite.1,SRX17729624,s196,AMPLICON,PCR,METAGENOMIC,PAIRED,0,0,ILLUMINA,Illumina MiSeq,SRP399952,PRJNA884872,NA,884872,SRS15259042,SAMN31057954,simple,410661,mouse gut metagenome,s196_EAU_Fat_1wk,NA,NA,NA,NA,NA,NA,no,NA,NA,NA,NA,OREGON HEALTH & SCIENCE UNIVERSITY,SRA1508478,NA,public,DE16EC4F3D3BCDF6E789F7F4CC3A7F46,786E934A3F26ABFC7E9D3A121A9AFA80,SRR21733783
SRR21733784,2022-09-28 11:38:48,2022-09-28 04:46:23,60874,30558748,60874,502,20,NA,https://sra-downloadb.be-md.ncbi.nlm.nih.gov/sos1/sra-pub-zq-38/SRR021/21733/SRR21733784/SRR21733784.lite.1,SRX17729623,s105,AMPLICON,PCR,METAGENOMIC,PAIRED,0,0,ILLUMINA,Illumina MiSeq,SRP399952,PRJNA884872,NA,884872,SRS15259041,SAMN31057905,simple,410661,mouse gut metagenome,s105_EAU_Pectin_1wk,NA,NA,NA,NA,NA,NA,no,NA,NA,NA,NA,OREGON HEALTH & SCIENCE UNIVERSITY,SRA1508478,NA,public,4DA04524E020FE7D3B91F5E48706D6BC,D48650B6F19C8281E865913846FC1A85,SRR21733784
SRR21733785,2022-09-28 11:38:48,2022-09-28 04:46:23,45788,22985576,45788,502,15,NA,https://sra-downloadb.be-md.ncbi.nlm.nih.gov/sos1/sra-pub-zq-38/SRR021/21733/SRR21733785/SRR21733785.lite.1,SRX17729622,s104,AMPLICON,PCR,METAGENOMIC,PAIRED,0,0,ILLUMINA,Illumina MiSeq,SRP399952,PRJNA884872,NA,884872,SRS15259040,SAMN31057904,simple,410661,mouse gut metagenome,s104_EAU_Pectin_1wk,NA,NA,NA,NA,NA,NA,no,NA,NA,NA,NA,OREGON HEALTH & SCIENCE UNIVERSITY,SRA1508478,NA,public,41F7722F0B02B3999763D4DB4D448B41,385A11A77C56A5F4D24B9A7390173BF0,SRR21733785
SRR21733786,2022-09-28 11:38:48,2022-09-28 04:46:23,48087,24139674,48087,502,16,NA,https://sra-downloadb.be-md.ncbi.nlm.nih.gov/sos1/sra-pub-zq-38/SRR021/21733/SRR21733786/SRR21733786.lite.1,SRX17729621,s103,AMPLICON,PCR,METAGENOMIC,PAIRED,0,0,ILLUMINA,Illumina MiSeq,SRP399952,PRJNA884872,NA,884872,SRS15259038,SAMN31057903,simple,410661,mouse gut metagenome,s103_EAU_Pectin_1wk,NA,NA,NA,NA,NA,NA,no,NA,NA,NA,NA,OREGON HEALTH & SCIENCE UNIVERSITY,SRA1508478,NA,public,99E0DC324290A0DA8E7EDD0579B70BA9,AA0CC0FDF68179C6E9B53E296D05939F,SRR21733786
SRR21733787,2022-09-28 11:38:48,2022-09-28 04:46:24,47269,23729038,47269,502,15,NA,https://sra-downloadb.be-md.ncbi.nlm.nih.gov/sos1/sra-pub-zq-38/SRR021/21733/SRR21733787/SRR21733787.lite.1,SRX17729620,s010,AMPLICON,PCR,METAGENOMIC,PAIRED,0,0,ILLUMINA,Illumina MiSeq,SRP399952,PRJNA884872,NA,884872,SRS15259039,SAMN31057822,simple,410661,mouse gut metagenome,s010_EAU_Fiber_2wk,NA,NA,NA,NA,NA,NA,no,NA,NA,NA,NA,OREGON HEALTH & SCIENCE UNIVERSITY,SRA1508478,NA,public,7575FC454C98ECB4A915CEBC9F0FFB07,F061297748690B79866264F0102EFC39,SRR21733787
SRR21733788,2022-09-28 11:38:48,2022-09-28 04:46:31,46673,23429846,46673,502,15,NA,https://sra-downloadb.be-md.ncbi.nlm.nih.gov/sos1/sra-pub-zq-38/SRR021/21733/SRR21733788/SRR21733788.lite.1,SRX17729619,s102,AMPLICON,PCR,METAGENOMIC,PAIRED,0,0,ILLUMINA,Illumina MiSeq,SRP399952,PRJNA884872,NA,884872,SRS15259037,SAMN31057902,simple,410661,mouse gut metagenome,s102_EAU_Pectin_1wk,NA,NA,NA,NA,NA,NA,no,NA,NA,NA,NA,OREGON HEALTH & SCIENCE UNIVERSITY,SRA1508478,NA,public,3E003D2DCA4E1CC4A1230289039D8213,1961E5BDD0AD63F3F1F46A04CE966C5A,SRR21733788
SRR21733789,2022-09-28 11:38:48,2022-09-28 04:46:20,14255,7156010,14255,502,4,NA,https://sra-downloadb.be-md.ncbi.nlm.nih.gov/sos1/sra-pub-zq-38/SRR021/21733/SRR21733789/SRR21733789.lite.1,SRX17729618,s101,AMPLICON,PCR,METAGENOMIC,PAIRED,0,0,ILLUMINA,Illumina MiSeq,SRP399952,PRJNA884872,NA,884872,SRS15259036,SAMN31057901,simple,410661,mouse gut metagenome,s101_EAU_Chow_1wk,NA,NA,NA,NA,NA,NA,no,NA,NA,NA,NA,OREGON HEALTH & SCIENCE UNIVERSITY,SRA1508478,NA,public,1EE65B4C64D1A1B03040582B01C49615,DE2A48E45AD0C47B283F09CB1333B498,SRR21733789
SRR21733790,2022-09-28 11:38:48,2022-09-28 04:46:32,48320,24256640,48320,502,16,NA,https://sra-downloadb.be-md.ncbi.nlm.nih.gov/sos1/sra-pub-zq-38/SRR021/21733/SRR21733790/SRR21733790.lite.1,SRX17729617,s100,AMPLICON,PCR,METAGENOMIC,PAIRED,0,0,ILLUMINA,Illumina MiSeq,SRP399952,PRJNA884872,NA,884872,SRS15259035,SAMN31057900,simple,410661,mouse gut metagenome,s100_EAU_Chow_1wk,NA,NA,NA,NA,NA,NA,no,NA,NA,NA,NA,OREGON HEALTH & SCIENCE UNIVERSITY,SRA1508478,NA,public,9E6943552E69106B01D82A5EADB318A1,CF762EA29E1F17DA33921EF679DD4067,SRR21733790
SRR21733791,2022-09-28 11:38:48,2022-09-28 04:46:31,46208,23196416,46208,502,15,NA,https://sra-downloadb.be-md.ncbi.nlm.nih.gov/sos1/sra-pub-zq-38/SRR021/21733/SRR21733791/SRR21733791.lite.1,SRX17729616,s099,AMPLICON,PCR,METAGENOMIC,PAIRED,0,0,ILLUMINA,Illumina MiSeq,SRP399952,PRJNA884872,NA,884872,SRS15259034,SAMN31057899,simple,410661,mouse gut metagenome,s099_EAU_Chow_1wk,NA,NA,NA,NA,NA,NA,no,NA,NA,NA,NA,OREGON HEALTH & SCIENCE UNIVERSITY,SRA1508478,NA,public,9CD4CCAC790F271BD14B432AD78C6583,DFF765375D53714BF0D8CFABBBE45476,SRR21733791
SRR21733792,2022-09-28 11:38:48,2022-09-28 04:46:30,44251,22214002,44251,502,15,NA,https://sra-downloadb.be-md.ncbi.nlm.nih.gov/sos1/sra-pub-zq-38/SRR021/21733/SRR21733792/SRR21733792.lite.1,SRX17729615,s098,AMPLICON,PCR,METAGENOMIC,PAIRED,0,0,ILLUMINA,Illumina MiSeq,SRP399952,PRJNA884872,NA,884872,SRS15259033,SAMN31057898,simple,410661,mouse gut metagenome,s098_EAU_Chow_1wk,NA,NA,NA,NA,NA,NA,no,NA,NA,NA,NA,OREGON HEALTH & SCIENCE UNIVERSITY,SRA1508478,NA,public,B1AF7AA310E1B5B717F3C2A7E9CE17CE,68B7B22C85395889170CC2E0DDCA3CBE,SRR21733792
SRR21733793,2022-09-28 11:38:48,2022-09-28 04:46:31,32928,16529856,32928,502,11,NA,https://sra-downloadb.be-md.ncbi.nlm.nih.gov/sos1/sra-pub-zq-38/SRR021/21733/SRR21733793/SRR21733793.lite.1,SRX17729614,s097,AMPLICON,PCR,METAGENOMIC,PAIRED,0,0,ILLUMINA,Illumina MiSeq,SRP399952,PRJNA884872,NA,884872,SRS15259032,SAMN31057897,simple,410661,mouse gut metagenome,s097_EAU_Chow_1wk,NA,NA,NA,NA,NA,NA,no,NA,NA,NA,NA,OREGON HEALTH & SCIENCE UNIVERSITY,SRA1508478,NA,public,3A2B93153090DA7D5E5022B691477840,81399BE7152626173C0DAC6D6E37CB67,SRR21733793
SRR21733794,2022-09-28 11:38:48,2022-09-28 04:46:27,61435,30840370,61435,502,20,NA,https://sra-downloadb.be-md.ncbi.nlm.nih.gov/sos1/sra-pub-zq-38/SRR021/21733/SRR21733794/SRR21733794.lite.1,SRX17729613,s096,AMPLICON,PCR,METAGENOMIC,PAIRED,0,0,ILLUMINA,Illumina MiSeq,SRP399952,PRJNA884872,NA,884872,SRS15259031,SAMN31057896,simple,410661,mouse gut metagenome,s096_EAU_Pectin_2wk,NA,NA,NA,NA,NA,NA,no,NA,NA,NA,NA,OREGON HEALTH & SCIENCE UNIVERSITY,SRA1508478,NA,public,CE6D80AF14D9A8081C61756AEDEBB4DA,669A2C77E54F622D6C6D16F99859C173,SRR21733794
SRR21733795,2022-09-28 11:38:48,2022-09-28 04:46:33,43583,21878666,43583,502,14,NA,https://sra-downloadb.be-md.ncbi.nlm.nih.gov/sos1/sra-pub-zq-38/SRR021/21733/SRR21733795/SRR21733795.lite.1,SRX17729612,s095,AMPLICON,PCR,METAGENOMIC,PAIRED,0,0,ILLUMINA,Illumina MiSeq,SRP399952,PRJNA884872,NA,884872,SRS15259030,SAMN31057895,simple,410661,mouse gut metagenome,s095_EAU_Pectin_2wk,NA,NA,NA,NA,NA,NA,no,NA,NA,NA,NA,OREGON HEALTH & SCIENCE UNIVERSITY,SRA1508478,NA,public,C15B8E199D5078B4F911910893C50DFC,D17180F2844C21E54F2F7FAC653F9FE0,SRR21733795
SRR21733796,2022-09-28 11:38:48,2022-09-28 04:46:28,45807,22995114,45807,502,15,NA,https://sra-downloadb.be-md.ncbi.nlm.nih.gov/sos1/sra-pub-zq-38/SRR021/21733/SRR21733796/SRR21733796.lite.1,SRX17729611,s094,AMPLICON,PCR,METAGENOMIC,PAIRED,0,0,ILLUMINA,Illumina MiSeq,SRP399952,PRJNA884872,NA,884872,SRS15259029,SAMN31057894,simple,410661,mouse gut metagenome,s094_EAU_Pectin_2wk,NA,NA,NA,NA,NA,NA,no,NA,NA,NA,NA,OREGON HEALTH & SCIENCE UNIVERSITY,SRA1508478,NA,public,27A53D18AA672D848DF1AB49F0647502,90A252AA353BAD2EE3865E2F6AD05F39,SRR21733796
SRR21733797,2022-09-28 11:38:48,2022-09-28 04:46:35,40580,20371160,40580,502,13,NA,https://sra-downloadb.be-md.ncbi.nlm.nih.gov/sos1/sra-pub-zq-38/SRR021/21733/SRR21733797/SRR21733797.lite.1,SRX17729610,s093,AMPLICON,PCR,METAGENOMIC,PAIRED,0,0,ILLUMINA,Illumina MiSeq,SRP399952,PRJNA884872,NA,884872,SRS15259028,SAMN31057893,simple,410661,mouse gut metagenome,s093_EAU_Pectin_2wk,NA,NA,NA,NA,NA,NA,no,NA,NA,NA,NA,OREGON HEALTH & SCIENCE UNIVERSITY,SRA1508478,NA,public,E60596F2B0B25D7448E3D86C11429ADA,16BB579FFC74CF65162ADB107A107218,SRR21733797
SRR21733798,2022-09-28 11:38:48,2022-09-28 04:46:32,59814,30026628,59814,502,19,NA,https://sra-downloadb.be-md.ncbi.nlm.nih.gov/sos1/sra-pub-zq-38/SRR021/21733/SRR21733798/SRR21733798.lite.1,SRX17729609,s009,AMPLICON,PCR,METAGENOMIC,PAIRED,0,0,ILLUMINA,Illumina MiSeq,SRP399952,PRJNA884872,NA,884872,SRS15259027,SAMN31057821,simple,410661,mouse gut metagenome,s009_EAU_Fiber_2wk,NA,NA,NA,NA,NA,NA,no,NA,NA,NA,NA,OREGON HEALTH & SCIENCE UNIVERSITY,SRA1508478,NA,public,5D16FBB76C785EAD86D4CA02B43EF58C,3136915C5EB0EEA2A94E844C15323DA2,SRR21733798
SRR21733799,2022-09-28 11:38:48,2022-09-28 04:46:31,67552,33911104,67552,502,22,NA,https://sra-downloadb.be-md.ncbi.nlm.nih.gov/sos1/sra-pub-zq-38/SRR021/21733/SRR21733799/SRR21733799.lite.1,SRX17729608,s092,AMPLICON,PCR,METAGENOMIC,PAIRED,0,0,ILLUMINA,Illumina MiSeq,SRP399952,PRJNA884872,NA,884872,SRS15259026,SAMN31057892,simple,410661,mouse gut metagenome,s092_EAU_Pectin_2wk,NA,NA,NA,NA,NA,NA,no,NA,NA,NA,NA,OREGON HEALTH & SCIENCE UNIVERSITY,SRA1508478,NA,public,55F2F98DAC542F0BEE338109E743F4E4,E4A60B77BAC77460BF586F06EBF21053,SRR21733799
SRR21733800,2022-09-28 11:38:48,2022-09-28 04:46:36,51232,25718464,51232,502,16,NA,https://sra-downloadb.be-md.ncbi.nlm.nih.gov/sos1/sra-pub-zq-38/SRR021/21733/SRR21733800/SRR21733800.lite.1,SRX17729607,s195,AMPLICON,PCR,METAGENOMIC,PAIRED,0,0,ILLUMINA,Illumina MiSeq,SRP399952,PRJNA884872,NA,884872,SRS15259025,SAMN31057953,simple,410661,mouse gut metagenome,s195_EAU_Fat_1wk,NA,NA,NA,NA,NA,NA,no,NA,NA,NA,NA,OREGON HEALTH & SCIENCE UNIVERSITY,SRA1508478,NA,public,976F10A8BA14580DCE34117E7EAA7F78,D5626BB00334109B86010553AAA83CAD,SRR21733800
SRR21733801,2022-09-28 11:38:48,2022-09-28 04:46:38,57020,28624040,57020,502,19,NA,https://sra-downloadb.be-md.ncbi.nlm.nih.gov/sos1/sra-pub-zq-38/SRR021/21733/SRR21733801/SRR21733801.lite.1,SRX17729606,s015,AMPLICON,PCR,METAGENOMIC,PAIRED,0,0,ILLUMINA,Illumina MiSeq,SRP399952,PRJNA884872,NA,884872,SRS15259024,SAMN31057827,simple,410661,mouse gut metagenome,s015_EAU_Fat_2wk,NA,NA,NA,NA,NA,NA,no,NA,NA,NA,NA,OREGON HEALTH & SCIENCE UNIVERSITY,SRA1508478,NA,public,AFF7ECC317A857A0C1AB7A675A156BB4,00D835D803AB6D6040CE997015FEB585,SRR21733801
SRR21733802,2022-09-28 11:38:48,2022-09-28 04:46:36,61425,30835350,61425,502,20,NA,https://sra-downloadb.be-md.ncbi.nlm.nih.gov/sos1/sra-pub-zq-38/SRR021/21733/SRR21733802/SRR21733802.lite.1,SRX17729605,s194,AMPLICON,PCR,METAGENOMIC,PAIRED,0,0,ILLUMINA,Illumina MiSeq,SRP399952,PRJNA884872,NA,884872,SRS15259023,SAMN31057952,simple,410661,mouse gut metagenome,s194_EAU_Fat_1wk,NA,NA,NA,NA,NA,NA,no,NA,NA,NA,NA,OREGON HEALTH & SCIENCE UNIVERSITY,SRA1508478,NA,public,5D87040D9CBB4AC82A1302A922C7E4BC,F76E6B3130FC1171E34AD5A8C0E68D29,SRR21733802
SRR21733803,2022-09-28 11:38:48,2022-09-28 04:46:39,47422,23805844,47422,502,15,NA,https://sra-downloadb.be-md.ncbi.nlm.nih.gov/sos1/sra-pub-zq-38/SRR021/21733/SRR21733803/SRR21733803.lite.1,SRX17729604,s182,AMPLICON,PCR,METAGENOMIC,PAIRED,0,0,ILLUMINA,Illumina MiSeq,SRP399952,PRJNA884872,NA,884872,SRS15259022,SAMN31057951,simple,410661,mouse gut metagenome,s182_EAU_Pectin_2wk,NA,NA,NA,NA,NA,NA,no,NA,NA,NA,NA,OREGON HEALTH & SCIENCE UNIVERSITY,SRA1508478,NA,public,875DC5F54E2711AB4B6F98E26298434D,D087DDB8841A97D38F647EAC18739A9D,SRR21733803
SRR21733804,2022-09-28 11:38:48,2022-09-28 04:46:44,42066,21117132,42066,502,13,NA,https://sra-downloadb.be-md.ncbi.nlm.nih.gov/sos1/sra-pub-zq-38/SRR021/21733/SRR21733804/SRR21733804.lite.1,SRX17729603,s181,AMPLICON,PCR,METAGENOMIC,PAIRED,0,0,ILLUMINA,Illumina MiSeq,SRP399952,PRJNA884872,NA,884872,SRS15259021,SAMN31057950,simple,410661,mouse gut metagenome,s181_EAU_Pectin_2wk,NA,NA,NA,NA,NA,NA,no,NA,NA,NA,NA,OREGON HEALTH & SCIENCE UNIVERSITY,SRA1508478,NA,public,41FB18020780E263B73DC2ABBE50416B,C8457C77458FBC8695934737D3687262,SRR21733804
SRR21733805,2022-09-28 11:38:48,2022-09-28 04:46:41,56320,28272640,56320,502,18,NA,https://sra-downloadb.be-md.ncbi.nlm.nih.gov/sos1/sra-pub-zq-38/SRR021/21733/SRR21733805/SRR21733805.lite.1,SRX17729602,s180,AMPLICON,PCR,METAGENOMIC,PAIRED,0,0,ILLUMINA,Illumina MiSeq,SRP399952,PRJNA884872,NA,884872,SRS15259020,SAMN31057949,simple,410661,mouse gut metagenome,s180_EAU_Pectin_2wk,NA,NA,NA,NA,NA,NA,no,NA,NA,NA,NA,OREGON HEALTH & SCIENCE UNIVERSITY,SRA1508478,NA,public,DCB26ECA8091AD543677F9C576A5EB66,2BD8CD4CE38328CAAD44F32F1EC8FF01,SRR21733805
SRR21733806,2022-09-28 11:38:48,2022-09-28 04:46:50,46450,23317900,46450,502,15,NA,https://sra-downloadb.be-md.ncbi.nlm.nih.gov/sos1/sra-pub-zq-38/SRR021/21733/SRR21733806/SRR21733806.lite.1,SRX17729601,s179,AMPLICON,PCR,METAGENOMIC,PAIRED,0,0,ILLUMINA,Illumina MiSeq,SRP399952,PRJNA884872,NA,884872,SRS15259019,SAMN31057948,simple,410661,mouse gut metagenome,s179_EAU_Pectin_2wk,NA,NA,NA,NA,NA,NA,no,NA,NA,NA,NA,OREGON HEALTH & SCIENCE UNIVERSITY,SRA1508478,NA,public,FF3FB5E0BD1780F91EAF5ED94F6E4345,CDF100C7F5B5CFFF7B914BAC39146200,SRR21733806
SRR21733807,2022-09-28 11:38:48,2022-09-28 04:46:35,51706,25956412,51706,502,17,NA,https://sra-downloadb.be-md.ncbi.nlm.nih.gov/sos1/sra-pub-zq-38/SRR021/21733/SRR21733807/SRR21733807.lite.1,SRX17729600,s178,AMPLICON,PCR,METAGENOMIC,PAIRED,0,0,ILLUMINA,Illumina MiSeq,SRP399952,PRJNA884872,NA,884872,SRS15259018,SAMN31057947,simple,410661,mouse gut metagenome,s178_EAU_Pectin_2wk,NA,NA,NA,NA,NA,NA,no,NA,NA,NA,NA,OREGON HEALTH & SCIENCE UNIVERSITY,SRA1508478,NA,public,16FDCC4E63B6F5999D1618693899442B,21C9F28A2260878AF1E8F7F8DD1C36B7,SRR21733807
SRR21733808,2022-09-28 11:38:48,2022-09-28 04:46:33,66916,33591832,66916,502,21,NA,https://sra-downloadb.be-md.ncbi.nlm.nih.gov/sos1/sra-pub-zq-38/SRR021/21733/SRR21733808/SRR21733808.lite.1,SRX17729599,s177,AMPLICON,PCR,METAGENOMIC,PAIRED,0,0,ILLUMINA,Illumina MiSeq,SRP399952,PRJNA884872,NA,884872,SRS15259017,SAMN31057946,simple,410661,mouse gut metagenome,s177_EAU_Pectin_2wk,NA,NA,NA,NA,NA,NA,no,NA,NA,NA,NA,OREGON HEALTH & SCIENCE UNIVERSITY,SRA1508478,NA,public,A93F8C7233F02C76A5884EEDC1CC464A,098E8A6D11BA2C5F0CF35BCD6BAC94ED,SRR21733808
SRR21733809,2022-09-28 11:38:48,2022-09-28 04:46:38,47025,23606550,47025,502,16,NA,https://sra-downloadb.be-md.ncbi.nlm.nih.gov/sos1/sra-pub-zq-38/SRR021/21733/SRR21733809/SRR21733809.lite.1,SRX17729598,s176,AMPLICON,PCR,METAGENOMIC,PAIRED,0,0,ILLUMINA,Illumina MiSeq,SRP399952,PRJNA884872,NA,884872,SRS15259016,SAMN31057945,simple,410661,mouse gut metagenome,s176_EAU_NoFiber_2wk,NA,NA,NA,NA,NA,NA,no,NA,NA,NA,NA,OREGON HEALTH & SCIENCE UNIVERSITY,SRA1508478,NA,public,DDED75C70D61F996EA179F9016481BEC,AA2EA2F83FD2CA98E2BE75DFBB94231E,SRR21733809
SRR21733810,2022-09-28 11:38:48,2022-09-28 04:46:45,59932,30085864,59932,502,19,NA,https://sra-downloadb.be-md.ncbi.nlm.nih.gov/sos1/sra-pub-zq-38/SRR021/21733/SRR21733810/SRR21733810.lite.1,SRX17729597,s175,AMPLICON,PCR,METAGENOMIC,PAIRED,0,0,ILLUMINA,Illumina MiSeq,SRP399952,PRJNA884872,NA,884872,SRS15259015,SAMN31057944,simple,410661,mouse gut metagenome,s175_EAU_NoFiber_2wk,NA,NA,NA,NA,NA,NA,no,NA,NA,NA,NA,OREGON HEALTH & SCIENCE UNIVERSITY,SRA1508478,NA,public,3B9959A6CA2B811E7BD73B86ADB86234,6BEFBC59EEC2F0DC0253B5E75ED4FFAA,SRR21733810
SRR21733811,2022-09-28 11:38:48,2022-09-28 04:46:46,54581,27399662,54581,502,18,NA,https://sra-downloadb.be-md.ncbi.nlm.nih.gov/sos1/sra-pub-zq-38/SRR021/21733/SRR21733811/SRR21733811.lite.1,SRX17729596,s174,AMPLICON,PCR,METAGENOMIC,PAIRED,0,0,ILLUMINA,Illumina MiSeq,SRP399952,PRJNA884872,NA,884872,SRS15259014,SAMN31057943,simple,410661,mouse gut metagenome,s174_EAU_NoFiber_2wk,NA,NA,NA,NA,NA,NA,no,NA,NA,NA,NA,OREGON HEALTH & SCIENCE UNIVERSITY,SRA1508478,NA,public,1C6B4C270AF8F0A4B7879B7D44AF762C,8B588E4A013E9459D5CF07A5B4DD513D,SRR21733811
SRR21733812,2022-09-28 11:38:48,2022-09-28 04:46:55,47361,23775222,47361,502,15,NA,https://sra-downloadb.be-md.ncbi.nlm.nih.gov/sos1/sra-pub-zq-38/SRR021/21733/SRR21733812/SRR21733812.lite.1,SRX17729595,s014,AMPLICON,PCR,METAGENOMIC,PAIRED,0,0,ILLUMINA,Illumina MiSeq,SRP399952,PRJNA884872,NA,884872,SRS15259013,SAMN31057826,simple,410661,mouse gut metagenome,s014_EAU_Fat_2wk,NA,NA,NA,NA,NA,NA,no,NA,NA,NA,NA,OREGON HEALTH & SCIENCE UNIVERSITY,SRA1508478,NA,public,FE5DAF13AB632601C31A29D137CBCAA9,EB4DD2A18CD46B1E318932FDA2358366,SRR21733812
SRR21733813,2022-09-28 11:38:48,2022-09-28 04:46:43,56884,28555768,56884,502,19,NA,https://sra-downloadb.be-md.ncbi.nlm.nih.gov/sos1/sra-pub-zq-38/SRR021/21733/SRR21733813/SRR21733813.lite.1,SRX17729594,s173,AMPLICON,PCR,METAGENOMIC,PAIRED,0,0,ILLUMINA,Illumina MiSeq,SRP399952,PRJNA884872,NA,884872,SRS15259012,SAMN31057942,simple,410661,mouse gut metagenome,s173_EAU_NoFiber_2wk,NA,NA,NA,NA,NA,NA,no,NA,NA,NA,NA,OREGON HEALTH & SCIENCE UNIVERSITY,SRA1508478,NA,public,2E05E55755F3E22CA55EF1E83545888A,11CBD4EB3C9A4AA2CD1D409D145D5DDE,SRR21733813
SRR21733814,2022-09-28 11:38:48,2022-09-28 04:46:46,49923,25061346,49923,502,16,NA,https://sra-downloadb.be-md.ncbi.nlm.nih.gov/sos1/sra-pub-zq-38/SRR021/21733/SRR21733814/SRR21733814.lite.1,SRX17729593,s172,AMPLICON,PCR,METAGENOMIC,PAIRED,0,0,ILLUMINA,Illumina MiSeq,SRP399952,PRJNA884872,NA,884872,SRS15259011,SAMN31057941,simple,410661,mouse gut metagenome,s172_EAU_NoFiber_2wk,NA,NA,NA,NA,NA,NA,no,NA,NA,NA,NA,OREGON HEALTH & SCIENCE UNIVERSITY,SRA1508478,NA,public,0445852A6472B4D0A98D5E622D2F16E7,56AB29A257A256C60E31D55690CD532A,SRR21733814
SRR21733815,2022-09-28 11:38:48,2022-09-28 04:46:46,61281,30763062,61281,502,20,NA,https://sra-downloadb.be-md.ncbi.nlm.nih.gov/sos1/sra-pub-zq-38/SRR021/21733/SRR21733815/SRR21733815.lite.1,SRX17729592,s171,AMPLICON,PCR,METAGENOMIC,PAIRED,0,0,ILLUMINA,Illumina MiSeq,SRP399952,PRJNA884872,NA,884872,SRS15259010,SAMN31057940,simple,410661,mouse gut metagenome,s171_EAU_NoFiber_2wk,NA,NA,NA,NA,NA,NA,no,NA,NA,NA,NA,OREGON HEALTH & SCIENCE UNIVERSITY,SRA1508478,NA,public,6249EE896DEC61E2789AEBCC4DA805AF,1608F27FC899CB71145187729B7EE00D,SRR21733815
SRR21733816,2022-09-28 11:38:47,2022-09-28 04:46:51,35042,17591084,35042,502,11,NA,https://sra-downloadb.be-md.ncbi.nlm.nih.gov/sos1/sra-pub-zq-38/SRR021/21733/SRR21733816/SRR21733816.lite.1,SRX17729591,s091,AMPLICON,PCR,METAGENOMIC,PAIRED,0,0,ILLUMINA,Illumina MiSeq,SRP399952,PRJNA884872,NA,884872,SRS15259009,SAMN31057891,simple,410661,mouse gut metagenome,s091_EAU_Pectin_2wk,NA,NA,NA,NA,NA,NA,no,NA,NA,NA,NA,OREGON HEALTH & SCIENCE UNIVERSITY,SRA1508478,NA,public,27C17D565217005C11CFF3A8C216C27D,57199810DAD3E4CE3CF8B31772F9CB7A,SRR21733816
SRR21733817,2022-09-28 11:38:48,2022-09-28 04:46:40,61758,31002516,61758,502,21,NA,https://sra-downloadb.be-md.ncbi.nlm.nih.gov/sos1/sra-pub-zq-38/SRR021/21733/SRR21733817/SRR21733817.lite.1,SRX17729590,s090,AMPLICON,PCR,METAGENOMIC,PAIRED,0,0,ILLUMINA,Illumina MiSeq,SRP399952,PRJNA884872,NA,884872,SRS15259008,SAMN31057890,simple,410661,mouse gut metagenome,s090_EAU_Chow_2wk,NA,NA,NA,NA,NA,NA,no,NA,NA,NA,NA,OREGON HEALTH & SCIENCE UNIVERSITY,SRA1508478,NA,public,3377B402C281714FC4ED7D21556EA3D1,9BA4C7AD63E2775D92F792BF6507BB9B,SRR21733817
SRR21733818,2022-09-28 11:38:48,2022-09-28 04:47:04,40977,20570454,40977,502,14,NA,https://sra-downloadb.be-md.ncbi.nlm.nih.gov/sos1/sra-pub-zq-38/SRR021/21733/SRR21733818/SRR21733818.lite.1,SRX17729589,s089,AMPLICON,PCR,METAGENOMIC,PAIRED,0,0,ILLUMINA,Illumina MiSeq,SRP399952,PRJNA884872,NA,884872,SRS15259007,SAMN31057889,simple,410661,mouse gut metagenome,s089_EAU_Chow_2wk,NA,NA,NA,NA,NA,NA,no,NA,NA,NA,NA,OREGON HEALTH & SCIENCE UNIVERSITY,SRA1508478,NA,public,970D721F3B38E1DDAC8D8B508DEDAEC4,50B3F15FC6BECDA9ADB8DB60D63E7E76,SRR21733818
SRR21733819,2022-09-28 11:38:48,2022-09-28 04:46:57,44212,22194424,44212,502,15,NA,https://sra-downloadb.be-md.ncbi.nlm.nih.gov/sos1/sra-pub-zq-38/SRR021/21733/SRR21733819/SRR21733819.lite.1,SRX17729588,s088,AMPLICON,PCR,METAGENOMIC,PAIRED,0,0,ILLUMINA,Illumina MiSeq,SRP399952,PRJNA884872,NA,884872,SRS15259006,SAMN31057888,simple,410661,mouse gut metagenome,s088_EAU_Chow_2wk,NA,NA,NA,NA,NA,NA,no,NA,NA,NA,NA,OREGON HEALTH & SCIENCE UNIVERSITY,SRA1508478,NA,public,114AA976C1358AD3623A24D85BE78495,6F8C8BE489B07DEDE23E4A3BA58CB429,SRR21733819
SRR21733820,2022-09-28 11:38:47,2022-09-28 04:46:52,27307,13708114,27307,502,9,NA,https://sra-downloadb.be-md.ncbi.nlm.nih.gov/sos1/sra-pub-zq-38/SRR021/21733/SRR21733820/SRR21733820.lite.1,SRX17729587,s087,AMPLICON,PCR,METAGENOMIC,PAIRED,0,0,ILLUMINA,Illumina MiSeq,SRP399952,PRJNA884872,NA,884872,SRS15259005,SAMN31057887,simple,410661,mouse gut metagenome,s087_EAU_Chow_2wk,NA,NA,NA,NA,NA,NA,no,NA,NA,NA,NA,OREGON HEALTH & SCIENCE UNIVERSITY,SRA1508478,NA,public,2B91A97BE36113E1366FE1A4ED16D0FF,F8BBCE494AFA1B59A6EF5F2BC82C6CE1,SRR21733820
SRR21733821,2022-09-28 11:38:47,2022-09-28 04:46:57,51616,25911232,51616,502,17,NA,https://sra-downloadb.be-md.ncbi.nlm.nih.gov/sos1/sra-pub-zq-38/SRR021/21733/SRR21733821/SRR21733821.lite.1,SRX17729586,s086,AMPLICON,PCR,METAGENOMIC,PAIRED,0,0,ILLUMINA,Illumina MiSeq,SRP399952,PRJNA884872,NA,884872,SRS15259004,SAMN31057886,simple,410661,mouse gut metagenome,s086_EAU_Chow_2wk,NA,NA,NA,NA,NA,NA,no,NA,NA,NA,NA,OREGON HEALTH & SCIENCE UNIVERSITY,SRA1508478,NA,public,0FFA21615836B2EB7B3951C45C0EE7EB,56F5B9BA020C6AA075BE1AE8D464A04B,SRR21733821
SRR21733822,2022-09-28 11:38:47,2022-09-28 04:46:58,45665,22923830,45665,502,15,NA,https://sra-downloadb.be-md.ncbi.nlm.nih.gov/sos1/sra-pub-zq-38/SRR021/21733/SRR21733822/SRR21733822.lite.1,SRX17729585,s085,AMPLICON,PCR,METAGENOMIC,PAIRED,0,0,ILLUMINA,Illumina MiSeq,SRP399952,PRJNA884872,NA,884872,SRS15259003,SAMN31057885,simple,410661,mouse gut metagenome,s085_EAU_Chow_2wk,NA,NA,NA,NA,NA,NA,no,NA,NA,NA,NA,OREGON HEALTH & SCIENCE UNIVERSITY,SRA1508478,NA,public,F0F194DFBB0085650E76CAE0F7FB24F6,337284111380A3BE36A6F3A880297DCD,SRR21733822
SRR21733823,2022-09-28 11:38:47,2022-09-28 04:46:54,44461,22319422,44461,502,14,NA,https://sra-downloadb.be-md.ncbi.nlm.nih.gov/sos1/sra-pub-zq-38/SRR021/21733/SRR21733823/SRR21733823.lite.1,SRX17729584,s084,AMPLICON,PCR,METAGENOMIC,PAIRED,0,0,ILLUMINA,Illumina MiSeq,SRP399952,PRJNA884872,NA,884872,SRS15259002,SAMN31057884,simple,410661,mouse gut metagenome,s084_EAU_Pectin_2wk,NA,NA,NA,NA,NA,NA,no,NA,NA,NA,NA,OREGON HEALTH & SCIENCE UNIVERSITY,SRA1508478,NA,public,4193E6034CD9ED525809F0A145520686,09E2882F774FDE1D7B29346ECDBF607A,SRR21733823
SRR21733824,2022-09-28 11:38:47,2022-09-28 04:46:52,38205,19178910,38205,502,12,NA,https://sra-downloadb.be-md.ncbi.nlm.nih.gov/sos1/sra-pub-zq-38/SRR021/21733/SRR21733824/SRR21733824.lite.1,SRX17729583,s083,AMPLICON,PCR,METAGENOMIC,PAIRED,0,0,ILLUMINA,Illumina MiSeq,SRP399952,PRJNA884872,NA,884872,SRS15259001,SAMN31057883,simple,410661,mouse gut metagenome,s083_EAU_Pectin_2wk,NA,NA,NA,NA,NA,NA,no,NA,NA,NA,NA,OREGON HEALTH & SCIENCE UNIVERSITY,SRA1508478,NA,public,6C3040BEBD05100E89A35D9288BEFDB4,AAB2BE9DC0BCC0065E60104791874860,SRR21733824
SRR21733825,2022-09-28 11:38:47,2022-09-28 04:46:58,44455,22316410,44455,502,14,NA,https://sra-downloadb.be-md.ncbi.nlm.nih.gov/sos1/sra-pub-zq-38/SRR021/21733/SRR21733825/SRR21733825.lite.1,SRX17729582,s008,AMPLICON,PCR,METAGENOMIC,PAIRED,0,0,ILLUMINA,Illumina MiSeq,SRP399952,PRJNA884872,NA,884872,SRS15259000,SAMN31057820,simple,410661,mouse gut metagenome,s008_EAU_Fiber_2wk,NA,NA,NA,NA,NA,NA,no,NA,NA,NA,NA,OREGON HEALTH & SCIENCE UNIVERSITY,SRA1508478,NA,public,44875B839AD64CA0FABDCCAD32A48E0E,82D978FDD941E84C1004B23FAE2763E5,SRR21733825
SRR21733826,2022-09-28 11:38:47,2022-09-28 04:47:00,47923,24057346,47923,502,15,NA,https://sra-downloadb.be-md.ncbi.nlm.nih.gov/sos1/sra-pub-zq-38/SRR021/21733/SRR21733826/SRR21733826.lite.1,SRX17729581,s082,AMPLICON,PCR,METAGENOMIC,PAIRED,0,0,ILLUMINA,Illumina MiSeq,SRP399952,PRJNA884872,NA,884872,SRS15258999,SAMN31057882,simple,410661,mouse gut metagenome,s082_EAU_Pectin_2wk,NA,NA,NA,NA,NA,NA,no,NA,NA,NA,NA,OREGON HEALTH & SCIENCE UNIVERSITY,SRA1508478,NA,public,8222239536FC06BE11D9CAA4F038D195,0D9759038A4723B749DB312DC7572CC6,SRR21733826
SRR21733827,2022-09-28 11:38:47,2022-09-28 04:46:55,46656,23421312,46656,502,15,NA,https://sra-downloadb.be-md.ncbi.nlm.nih.gov/sos1/sra-pub-zq-38/SRR021/21733/SRR21733827/SRR21733827.lite.1,SRX17729580,s081,AMPLICON,PCR,METAGENOMIC,PAIRED,0,0,ILLUMINA,Illumina MiSeq,SRP399952,PRJNA884872,NA,884872,SRS15258998,SAMN31057881,simple,410661,mouse gut metagenome,s081_EAU_Pectin_2wk,NA,NA,NA,NA,NA,NA,no,NA,NA,NA,NA,OREGON HEALTH & SCIENCE UNIVERSITY,SRA1508478,NA,public,134BEE53A17E4CB1F6EA704909C485F3,96264B2E6169EC16F1139A7634390DC1,SRR21733827
SRR21733828,2022-09-28 11:38:47,2022-09-28 04:46:58,39152,19654304,39152,502,12,NA,https://sra-downloadb.be-md.ncbi.nlm.nih.gov/sos1/sra-pub-zq-38/SRR021/21733/SRR21733828/SRR21733828.lite.1,SRX17729579,s080,AMPLICON,PCR,METAGENOMIC,PAIRED,0,0,ILLUMINA,Illumina MiSeq,SRP399952,PRJNA884872,NA,884872,SRS15258997,SAMN31057880,simple,410661,mouse gut metagenome,s080_EAU_Pectin_2wk,NA,NA,NA,NA,NA,NA,no,NA,NA,NA,NA,OREGON HEALTH & SCIENCE UNIVERSITY,SRA1508478,NA,public,AA5CF1BF853167ADE0EFA3046C22FA6A,6D86F131ECDBE2428D1B94FBFC6C3912,SRR21733828
SRR21733829,2022-09-28 11:38:48,2022-09-28 04:46:57,53751,26983002,53751,502,18,NA,https://sra-downloadb.be-md.ncbi.nlm.nih.gov/sos1/sra-pub-zq-38/SRR021/21733/SRR21733829/SRR21733829.lite.1,SRX17729578,s079,AMPLICON,PCR,METAGENOMIC,PAIRED,0,0,ILLUMINA,Illumina MiSeq,SRP399952,PRJNA884872,NA,884872,SRS15258996,SAMN31057879,simple,410661,mouse gut metagenome,s079_EAU_Pectin_2wk,NA,NA,NA,NA,NA,NA,no,NA,NA,NA,NA,OREGON HEALTH & SCIENCE UNIVERSITY,SRA1508478,NA,public,5759EF8120750F88F4BC72A06EB89F8C,66C24561D476DF97B48123D1133ED13E,SRR21733829
SRR21733830,2022-09-28 11:38:48,2022-09-28 04:46:53,63085,31668670,63085,502,21,NA,https://sra-downloadb.be-md.ncbi.nlm.nih.gov/sos1/sra-pub-zq-38/SRR021/21733/SRR21733830/SRR21733830.lite.1,SRX17729577,s078,AMPLICON,PCR,METAGENOMIC,PAIRED,0,0,ILLUMINA,Illumina MiSeq,SRP399952,PRJNA884872,NA,884872,SRS15258995,SAMN31057878,simple,410661,mouse gut metagenome,s078_EAU_NoFiber_2wk,NA,NA,NA,NA,NA,NA,no,NA,NA,NA,NA,OREGON HEALTH & SCIENCE UNIVERSITY,SRA1508478,NA,public,EF97149C89D5FFD0143A3F8F5EFB2538,66F42B94F2AA307DF978B9038CF0B2BD,SRR21733830
SRR21733831,2022-09-28 11:38:48,2022-09-28 04:46:59,62909,31580318,62909,502,21,NA,https://sra-downloadb.be-md.ncbi.nlm.nih.gov/sos1/sra-pub-zq-38/SRR021/21733/SRR21733831/SRR21733831.lite.1,SRX17729576,s077,AMPLICON,PCR,METAGENOMIC,PAIRED,0,0,ILLUMINA,Illumina MiSeq,SRP399952,PRJNA884872,NA,884872,SRS15258994,SAMN31057877,simple,410661,mouse gut metagenome,s077_EAU_NoFiber_2wk,NA,NA,NA,NA,NA,NA,no,NA,NA,NA,NA,OREGON HEALTH & SCIENCE UNIVERSITY,SRA1508478,NA,public,D353D8B345A12D08CF7AA07E51F1D23E,1F3BB127BF2FB856D924BD0AEE84EB70,SRR21733831
SRR21733832,2022-09-28 11:38:48,2022-09-28 04:47:04,61958,31102916,61958,502,20,NA,https://sra-downloadb.be-md.ncbi.nlm.nih.gov/sos1/sra-pub-zq-38/SRR021/21733/SRR21733832/SRR21733832.lite.1,SRX17729575,s062,AMPLICON,PCR,METAGENOMIC,PAIRED,0,0,ILLUMINA,Illumina MiSeq,SRP399952,PRJNA884872,NA,884872,SRS15258993,SAMN31057862,simple,410661,mouse gut metagenome,s062_EAU_Fat_1wk,NA,NA,NA,NA,NA,NA,no,NA,NA,NA,NA,OREGON HEALTH & SCIENCE UNIVERSITY,SRA1508478,NA,public,102E95423C0AF7CFC5FF1B2787541970,519919216E760DEA63F71AB492212B3E,SRR21733832
SRR21733833,2022-09-28 11:38:47,2022-09-28 04:46:57,46876,23531752,46876,502,15,NA,https://sra-downloadb.be-md.ncbi.nlm.nih.gov/sos1/sra-pub-zq-38/SRR021/21733/SRR21733833/SRR21733833.lite.1,SRX17729574,s061,AMPLICON,PCR,METAGENOMIC,PAIRED,0,0,ILLUMINA,Illumina MiSeq,SRP399952,PRJNA884872,NA,884872,SRS15258992,SAMN31057861,simple,410661,mouse gut metagenome,s061_EAU_Fat_1wk,NA,NA,NA,NA,NA,NA,no,NA,NA,NA,NA,OREGON HEALTH & SCIENCE UNIVERSITY,SRA1508478,NA,public,AF6B76E398153CAD148F323234EFB5F2,EDCE60E0284427355D19B5ECC0E2ECFF,SRR21733833
SRR21733834,2022-09-28 11:38:47,2022-09-28 04:46:55,43622,21898244,43622,502,14,NA,https://sra-downloadb.be-md.ncbi.nlm.nih.gov/sos1/sra-pub-zq-38/SRR021/21733/SRR21733834/SRR21733834.lite.1,SRX17729573,s060,AMPLICON,PCR,METAGENOMIC,PAIRED,0,0,ILLUMINA,Illumina MiSeq,SRP399952,PRJNA884872,NA,884872,SRS15258991,SAMN31057860,simple,410661,mouse gut metagenome,s060_EAU_Pectin_2wk,NA,NA,NA,NA,NA,NA,no,NA,NA,NA,NA,OREGON HEALTH & SCIENCE UNIVERSITY,SRA1508478,NA,public,1C8D76EDF45FFEF8F6F03A254B23EB63,D683D370EA220D276AADFBC10B05F42B,SRR21733834
SRR21733835,2022-09-28 11:38:48,2022-09-28 04:46:58,58092,29162184,58092,502,19,NA,https://sra-downloadb.be-md.ncbi.nlm.nih.gov/sos1/sra-pub-zq-38/SRR021/21733/SRR21733835/SRR21733835.lite.1,SRX17729572,s059,AMPLICON,PCR,METAGENOMIC,PAIRED,0,0,ILLUMINA,Illumina MiSeq,SRP399952,PRJNA884872,NA,884872,SRS15258990,SAMN31057859,simple,410661,mouse gut metagenome,s059_EAU_Pectin_2wk,NA,NA,NA,NA,NA,NA,no,NA,NA,NA,NA,OREGON HEALTH & SCIENCE UNIVERSITY,SRA1508478,NA,public,025970478AD176EA4085E15595D49257,B4E196B147716F9B3E27F53465685CEB,SRR21733835
SRR21733836,2022-09-28 11:38:48,2022-09-28 04:46:59,47032,23610064,47032,502,15,NA,https://sra-downloadb.be-md.ncbi.nlm.nih.gov/sos1/sra-pub-zq-38/SRR021/21733/SRR21733836/SRR21733836.lite.1,SRX17729571,s058,AMPLICON,PCR,METAGENOMIC,PAIRED,0,0,ILLUMINA,Illumina MiSeq,SRP399952,PRJNA884872,NA,884872,SRS15258989,SAMN31057858,simple,410661,mouse gut metagenome,s058_EAU_Pectin_2wk,NA,NA,NA,NA,NA,NA,no,NA,NA,NA,NA,OREGON HEALTH & SCIENCE UNIVERSITY,SRA1508478,NA,public,CCA6CCA8C1269EE8D18EC9EE3C8D6497,2B25A45CCBCC4B39EF9D3DC2CFE79EC1,SRR21733836
SRR21733837,2022-09-28 11:38:47,2022-09-28 04:47:01,55835,28029170,55835,502,18,NA,https://sra-downloadb.be-md.ncbi.nlm.nih.gov/sos1/sra-pub-zq-38/SRR021/21733/SRR21733837/SRR21733837.lite.1,SRX17729570,s057,AMPLICON,PCR,METAGENOMIC,PAIRED,0,0,ILLUMINA,Illumina MiSeq,SRP399952,PRJNA884872,NA,884872,SRS15258988,SAMN31057857,simple,410661,mouse gut metagenome,s057_EAU_Pectin_2wk,NA,NA,NA,NA,NA,NA,no,NA,NA,NA,NA,OREGON HEALTH & SCIENCE UNIVERSITY,SRA1508478,NA,public,B98F89C2A0ACEE8B319195BB3C11AA69,7C46BC9DE379D6D7ECFBAEF0EB272AAD,SRR21733837
SRR21733838,2022-09-28 11:38:47,2022-09-28 04:47:00,48321,24257142,48321,502,16,NA,https://sra-downloadb.be-md.ncbi.nlm.nih.gov/sos1/sra-pub-zq-38/SRR021/21733/SRR21733838/SRR21733838.lite.1,SRX17729569,s056,AMPLICON,PCR,METAGENOMIC,PAIRED,0,0,ILLUMINA,Illumina MiSeq,SRP399952,PRJNA884872,NA,884872,SRS15258987,SAMN31057856,simple,410661,mouse gut metagenome,s056_EAU_Pectin_2wk,NA,NA,NA,NA,NA,NA,no,NA,NA,NA,NA,OREGON HEALTH & SCIENCE UNIVERSITY,SRA1508478,NA,public,60B5963D203CE40BA2AC93B1E2FDFE99,32FFB3D5C8F569C70CB289FD012A01BF,SRR21733838
SRR21733839,2022-09-28 11:38:47,2022-09-28 04:47:00,46519,23352538,46519,502,15,NA,https://sra-downloadb.be-md.ncbi.nlm.nih.gov/sos1/sra-pub-zq-38/SRR021/21733/SRR21733839/SRR21733839.lite.1,SRX17729568,s055,AMPLICON,PCR,METAGENOMIC,PAIRED,0,0,ILLUMINA,Illumina MiSeq,SRP399952,PRJNA884872,NA,884872,SRS15258986,SAMN31057855,simple,410661,mouse gut metagenome,s055_EAU_Pectin_2wk,NA,NA,NA,NA,NA,NA,no,NA,NA,NA,NA,OREGON HEALTH & SCIENCE UNIVERSITY,SRA1508478,NA,public,BBE4CFBB8F80BBF6EFC7D45257021D20,6C3E0964E9C8DB47E78DCBDB384FC09A,SRR21733839
SRR21733840,2022-09-28 11:38:47,2022-09-28 04:46:56,52316,26262632,52316,502,17,NA,https://sra-downloadb.be-md.ncbi.nlm.nih.gov/sos1/sra-pub-zq-38/SRR021/21733/SRR21733840/SRR21733840.lite.1,SRX17729567,s054,AMPLICON,PCR,METAGENOMIC,PAIRED,0,0,ILLUMINA,Illumina MiSeq,SRP399952,PRJNA884872,NA,884872,SRS15258985,SAMN31057854,simple,410661,mouse gut metagenome,s054_EAU_Chow_2wk,NA,NA,NA,NA,NA,NA,no,NA,NA,NA,NA,OREGON HEALTH & SCIENCE UNIVERSITY,SRA1508478,NA,public,EC52FFD72830D7D4ECC5351729C7844D,CF15966404D01D4DCAA535CEDE78E85B,SRR21733840
SRR21733841,2022-09-28 11:38:47,2022-09-28 04:46:56,53907,27061314,53907,502,18,NA,https://sra-downloadb.be-md.ncbi.nlm.nih.gov/sos1/sra-pub-zq-38/SRR021/21733/SRR21733841/SRR21733841.lite.1,SRX17729566,s053,AMPLICON,PCR,METAGENOMIC,PAIRED,0,0,ILLUMINA,Illumina MiSeq,SRP399952,PRJNA884872,NA,884872,SRS15258984,SAMN31057853,simple,410661,mouse gut metagenome,s053_EAU_Chow_2wk,NA,NA,NA,NA,NA,NA,no,NA,NA,NA,NA,OREGON HEALTH & SCIENCE UNIVERSITY,SRA1508478,NA,public,23E0B9E223612E04697564FF9350987E,FF5AD8CF43E6A437C34EC4226A81FD42,SRR21733841
SRR21733842,2022-09-28 11:38:47,2022-09-28 04:46:53,49662,24930324,49662,502,17,NA,https://sra-downloadb.be-md.ncbi.nlm.nih.gov/sos1/sra-pub-zq-38/SRR021/21733/SRR21733842/SRR21733842.lite.1,SRX17729565,s005,AMPLICON,PCR,METAGENOMIC,PAIRED,0,0,ILLUMINA,Illumina MiSeq,SRP399952,PRJNA884872,NA,884872,SRS15258983,SAMN31057817,simple,410661,mouse gut metagenome,s005_EAU_Fat_2wk,NA,NA,NA,NA,NA,NA,no,NA,NA,NA,NA,OREGON HEALTH & SCIENCE UNIVERSITY,SRA1508478,NA,public,B747B439B94B4C7495DD02EB6A2ADF91,215C249BBF5BA26518FFB0614871D2E6,SRR21733842
SRR21733843,2022-09-28 11:38:47,2022-09-28 04:47:01,51508,25857016,51508,502,17,NA,https://sra-downloadb.be-md.ncbi.nlm.nih.gov/sos1/sra-pub-zq-38/SRR021/21733/SRR21733843/SRR21733843.lite.1,SRX17729564,s052,AMPLICON,PCR,METAGENOMIC,PAIRED,0,0,ILLUMINA,Illumina MiSeq,SRP399952,PRJNA884872,NA,884872,SRS15258982,SAMN31057852,simple,410661,mouse gut metagenome,s052_EAU_Chow_2wk,NA,NA,NA,NA,NA,NA,no,NA,NA,NA,NA,OREGON HEALTH & SCIENCE UNIVERSITY,SRA1508478,NA,public,32AF274842C5F75364DC34334705504A,B0D3416BB84DAC91BB5EB1F5EF1C92B2,SRR21733843
SRR21733844,2022-09-28 11:38:47,2022-09-28 04:46:53,49185,24690870,49185,502,16,NA,https://sra-downloadb.be-md.ncbi.nlm.nih.gov/sos1/sra-pub-zq-38/SRR021/21733/SRR21733844/SRR21733844.lite.1,SRX17729563,s051,AMPLICON,PCR,METAGENOMIC,PAIRED,0,0,ILLUMINA,Illumina MiSeq,SRP399952,PRJNA884872,NA,884872,SRS15258981,SAMN31057851,simple,410661,mouse gut metagenome,s051_EAU_Chow_2wk,NA,NA,NA,NA,NA,NA,no,NA,NA,NA,NA,OREGON HEALTH & SCIENCE UNIVERSITY,SRA1508478,NA,public,0AF2CB68009067F653EF268A7B5C3909,F6FF8A8C76962AFAB415DAAB9653CDE7,SRR21733844
SRR21733845,2022-09-28 11:38:47,2022-09-28 04:46:53,51669,25937838,51669,502,17,NA,https://sra-downloadb.be-md.ncbi.nlm.nih.gov/sos1/sra-pub-zq-38/SRR021/21733/SRR21733845/SRR21733845.lite.1,SRX17729562,s050,AMPLICON,PCR,METAGENOMIC,PAIRED,0,0,ILLUMINA,Illumina MiSeq,SRP399952,PRJNA884872,NA,884872,SRS15258980,SAMN31057850,simple,410661,mouse gut metagenome,s050_EAU_Chow_2wk,NA,NA,NA,NA,NA,NA,no,NA,NA,NA,NA,OREGON HEALTH & SCIENCE UNIVERSITY,SRA1508478,NA,public,5728608BA6B4293FD2A40900B866B83A,A22E4DB300624B3B98F53EA44E6CA43B,SRR21733845
SRR21733846,2022-09-28 11:38:47,2022-09-28 04:47:01,47272,23730544,47272,502,15,NA,https://sra-downloadb.be-md.ncbi.nlm.nih.gov/sos1/sra-pub-zq-38/SRR021/21733/SRR21733846/SRR21733846.lite.1,SRX17729561,s049,AMPLICON,PCR,METAGENOMIC,PAIRED,0,0,ILLUMINA,Illumina MiSeq,SRP399952,PRJNA884872,NA,884872,SRS15258979,SAMN31057849,simple,410661,mouse gut metagenome,s049_EAU_Chow_2wk,NA,NA,NA,NA,NA,NA,no,NA,NA,NA,NA,OREGON HEALTH & SCIENCE UNIVERSITY,SRA1508478,NA,public,0C60556D3418ABA23CEFCC94FC3B1304,2F6C223A554902B6B8B99CF5E42E49A1,SRR21733846
SRR21733847,2022-09-28 11:38:47,2022-09-28 04:46:55,46257,23221014,46257,502,15,NA,https://sra-downloadb.be-md.ncbi.nlm.nih.gov/sos1/sra-pub-zq-38/SRR021/21733/SRR21733847/SRR21733847.lite.1,SRX17729560,s036,AMPLICON,PCR,METAGENOMIC,PAIRED,0,0,ILLUMINA,Illumina MiSeq,SRP399952,PRJNA884872,NA,884872,SRS15258978,SAMN31057848,simple,410661,mouse gut metagenome,s036_EAU_Fiber_2wk,NA,NA,NA,NA,NA,NA,no,NA,NA,NA,NA,OREGON HEALTH & SCIENCE UNIVERSITY,SRA1508478,NA,public,BD92DAF349CBA9D7180DB12B2450E699,8326162C8754D86DDCA2E6D46C6DB7D9,SRR21733847
SRR21733848,2022-09-28 11:38:47,2022-09-28 04:47:00,35029,17584558,35029,502,11,NA,https://sra-downloadb.be-md.ncbi.nlm.nih.gov/sos1/sra-pub-zq-38/SRR021/21733/SRR21733848/SRR21733848.lite.1,SRX17729559,s170,AMPLICON,PCR,METAGENOMIC,PAIRED,0,0,ILLUMINA,Illumina MiSeq,SRP399952,PRJNA884872,NA,884872,SRS15258977,SAMN31057939,simple,410661,mouse gut metagenome,s170_EAU_Pectin_1wk,NA,NA,NA,NA,NA,NA,no,NA,NA,NA,NA,OREGON HEALTH & SCIENCE UNIVERSITY,SRA1508478,NA,public,2BC1E5C0DCC8E4AEAF29A6B3DCCA6497,0598210BAC3AB853060F358D3A409350,SRR21733848
SRR21733849,2022-09-28 11:38:47,2022-09-28 04:46:58,47548,23869096,47548,502,15,NA,https://sra-downloadb.be-md.ncbi.nlm.nih.gov/sos1/sra-pub-zq-38/SRR021/21733/SRR21733849/SRR21733849.lite.1,SRX17729558,s169,AMPLICON,PCR,METAGENOMIC,PAIRED,0,0,ILLUMINA,Illumina MiSeq,SRP399952,PRJNA884872,NA,884872,SRS15258976,SAMN31057938,simple,410661,mouse gut metagenome,s169_EAU_Pectin_1wk,NA,NA,NA,NA,NA,NA,no,NA,NA,NA,NA,OREGON HEALTH & SCIENCE UNIVERSITY,SRA1508478,NA,public,0B4EF62FA36DCF14E78E30471FD2BAE3,99A6361EFA2E54E1DE1B9B80E7D55CF4,SRR21733849
SRR21733850,2022-09-28 11:38:47,2022-09-28 04:46:57,52382,26295764,52382,502,17,NA,https://sra-downloadb.be-md.ncbi.nlm.nih.gov/sos1/sra-pub-zq-38/SRR021/21733/SRR21733850/SRR21733850.lite.1,SRX17729557,s168,AMPLICON,PCR,METAGENOMIC,PAIRED,0,0,ILLUMINA,Illumina MiSeq,SRP399952,PRJNA884872,NA,884872,SRS15258975,SAMN31057937,simple,410661,mouse gut metagenome,s168_EAU_Pectin_1wk,NA,NA,NA,NA,NA,NA,no,NA,NA,NA,NA,OREGON HEALTH & SCIENCE UNIVERSITY,SRA1508478,NA,public,0487356B7BE5C54B4944359AC33D41DC,C15B46D654E8CB6C976D63BD87FFB4BE,SRR21733850
SRR21733851,2022-09-28 11:38:47,2022-09-28 04:46:55,46945,23566390,46945,502,15,NA,https://sra-downloadb.be-md.ncbi.nlm.nih.gov/sos1/sra-pub-zq-38/SRR021/21733/SRR21733851/SRR21733851.lite.1,SRX17729556,s167,AMPLICON,PCR,METAGENOMIC,PAIRED,0,0,ILLUMINA,Illumina MiSeq,SRP399952,PRJNA884872,NA,884872,SRS15258974,SAMN31057936,simple,410661,mouse gut metagenome,s167_EAU_Pectin_1wk,NA,NA,NA,NA,NA,NA,no,NA,NA,NA,NA,OREGON HEALTH & SCIENCE UNIVERSITY,SRA1508478,NA,public,524A4A0BB65B3304E3770EDC355A0D90,18DD54DD65802217144D9D7A14EE165D,SRR21733851
SRR21733852,2022-09-28 11:38:47,2022-09-28 04:46:54,50381,25291262,50381,502,16,NA,https://sra-downloadb.be-md.ncbi.nlm.nih.gov/sos1/sra-pub-zq-38/SRR021/21733/SRR21733852/SRR21733852.lite.1,SRX17729555,s166,AMPLICON,PCR,METAGENOMIC,PAIRED,0,0,ILLUMINA,Illumina MiSeq,SRP399952,PRJNA884872,NA,884872,SRS15258973,SAMN31057935,simple,410661,mouse gut metagenome,s166_EAU_Pectin_1wk,NA,NA,NA,NA,NA,NA,no,NA,NA,NA,NA,OREGON HEALTH & SCIENCE UNIVERSITY,SRA1508478,NA,public,5A843AC45DED8734A387BBDAF26B1BAD,6F70C2A8E2D5946258DC6A7AF9073B2D,SRR21733852
SRR21733853,2022-09-28 11:38:47,2022-09-28 04:46:54,46976,23581952,46976,502,15,NA,https://sra-downloadb.be-md.ncbi.nlm.nih.gov/sos1/sra-pub-zq-38/SRR021/21733/SRR21733853/SRR21733853.lite.1,SRX17729554,s165,AMPLICON,PCR,METAGENOMIC,PAIRED,0,0,ILLUMINA,Illumina MiSeq,SRP399952,PRJNA884872,NA,884872,SRS15258972,SAMN31057934,simple,410661,mouse gut metagenome,s165_EAU_Pectin_1wk,NA,NA,NA,NA,NA,NA,no,NA,NA,NA,NA,OREGON HEALTH & SCIENCE UNIVERSITY,SRA1508478,NA,public,0C253C3E41ED543EBA7AA3D59081CC8C,7D262C6AB8D554495F0CB095BD30DD9B,SRR21733853
SRR21733854,2022-09-28 11:38:47,2022-09-28 04:46:56,59768,30003536,59768,502,19,NA,https://sra-downloadb.be-md.ncbi.nlm.nih.gov/sos1/sra-pub-zq-38/SRR021/21733/SRR21733854/SRR21733854.lite.1,SRX17729553,s164,AMPLICON,PCR,METAGENOMIC,PAIRED,0,0,ILLUMINA,Illumina MiSeq,SRP399952,PRJNA884872,NA,884872,SRS15258971,SAMN31057933,simple,410661,mouse gut metagenome,s164_EAU_NoFiber_1wk,NA,NA,NA,NA,NA,NA,no,NA,NA,NA,NA,OREGON HEALTH & SCIENCE UNIVERSITY,SRA1508478,NA,public,CD65148A8BD7DED067B94D8746AFB3F4,21DA115BC22626A41C5FF5045C9FCF0B,SRR21733854
SRR21733855,2022-09-28 11:38:47,2022-09-28 04:46:55,48593,24393686,48593,502,16,NA,https://sra-downloadb.be-md.ncbi.nlm.nih.gov/sos1/sra-pub-zq-38/SRR021/21733/SRR21733855/SRR21733855.lite.1,SRX17729552,s013,AMPLICON,PCR,METAGENOMIC,PAIRED,0,0,ILLUMINA,Illumina MiSeq,SRP399952,PRJNA884872,NA,884872,SRS15258970,SAMN31057825,simple,410661,mouse gut metagenome,s013_EAU_Fat_2wk,NA,NA,NA,NA,NA,NA,no,NA,NA,NA,NA,OREGON HEALTH & SCIENCE UNIVERSITY,SRA1508478,NA,public,48C95EE7DBAF6BE66E6F343A40A5C254,7DA1A44E3ED8F4BFF8C6CD6BC2CC7791,SRR21733855
SRR21733856,2022-09-28 11:38:47,2022-09-28 04:46:58,35039,17589578,35039,502,11,NA,https://sra-downloadb.be-md.ncbi.nlm.nih.gov/sos1/sra-pub-zq-38/SRR021/21733/SRR21733856/SRR21733856.lite.1,SRX17729551,s163,AMPLICON,PCR,METAGENOMIC,PAIRED,0,0,ILLUMINA,Illumina MiSeq,SRP399952,PRJNA884872,NA,884872,SRS15258969,SAMN31057932,simple,410661,mouse gut metagenome,s163_EAU_NoFiber_1wk,NA,NA,NA,NA,NA,NA,no,NA,NA,NA,NA,OREGON HEALTH & SCIENCE UNIVERSITY,SRA1508478,NA,public,D72E3F2A9C19CD39A2777A5A71C3B841,0BFD46F4565F4B8D211B78AAC61A66D2,SRR21733856
SRR21733857,2022-09-28 11:38:47,2022-09-28 04:47:01,55720,27971440,55720,502,18,NA,https://sra-downloadb.be-md.ncbi.nlm.nih.gov/sos1/sra-pub-zq-38/SRR021/21733/SRR21733857/SRR21733857.lite.1,SRX17729550,s162,AMPLICON,PCR,METAGENOMIC,PAIRED,0,0,ILLUMINA,Illumina MiSeq,SRP399952,PRJNA884872,NA,884872,SRS15258968,SAMN31057931,simple,410661,mouse gut metagenome,s162_EAU_NoFiber_1wk,NA,NA,NA,NA,NA,NA,no,NA,NA,NA,NA,OREGON HEALTH & SCIENCE UNIVERSITY,SRA1508478,NA,public,FC351423FFC6B13DF7F91A81B7260499,EADF4840EFAFDCBCC06B0A2AD278DD7F,SRR21733857
SRR21733858,2022-09-28 11:38:47,2022-09-28 04:46:56,52866,26538732,52866,502,17,NA,https://sra-downloadb.be-md.ncbi.nlm.nih.gov/sos1/sra-pub-zq-38/SRR021/21733/SRR21733858/SRR21733858.lite.1,SRX17729549,s161,AMPLICON,PCR,METAGENOMIC,PAIRED,0,0,ILLUMINA,Illumina MiSeq,SRP399952,PRJNA884872,NA,884872,SRS15258967,SAMN31057930,simple,410661,mouse gut metagenome,s161_EAU_NoFiber_1wk,NA,NA,NA,NA,NA,NA,no,NA,NA,NA,NA,OREGON HEALTH & SCIENCE UNIVERSITY,SRA1508478,NA,public,771E3509447141BE915F8A21CA2A100F,6256B8593ACD20665E6FD666FA7BC2A0,SRR21733858
SRR21733859,2022-09-28 11:38:47,2022-09-28 04:47:02,54238,27227476,54238,502,18,NA,https://sra-downloadb.be-md.ncbi.nlm.nih.gov/sos1/sra-pub-zq-38/SRR021/21733/SRR21733859/SRR21733859.lite.1,SRX17729548,s160,AMPLICON,PCR,METAGENOMIC,PAIRED,0,0,ILLUMINA,Illumina MiSeq,SRP399952,PRJNA884872,NA,884872,SRS15258966,SAMN31057929,simple,410661,mouse gut metagenome,s160_EAU_NoFiber_1wk,NA,NA,NA,NA,NA,NA,no,NA,NA,NA,NA,OREGON HEALTH & SCIENCE UNIVERSITY,SRA1508478,NA,public,A70072F778AE996359B8B1D66E9880FF,B97D2C629B59CCEA55275A1970F2F222,SRR21733859
SRR21733860,2022-09-28 11:38:47,2022-09-28 04:47:04,56350,28287700,56350,502,18,NA,https://sra-downloadb.be-md.ncbi.nlm.nih.gov/sos1/sra-pub-zq-38/SRR021/21733/SRR21733860/SRR21733860.lite.1,SRX17729547,s159,AMPLICON,PCR,METAGENOMIC,PAIRED,0,0,ILLUMINA,Illumina MiSeq,SRP399952,PRJNA884872,NA,884872,SRS15258965,SAMN31057928,simple,410661,mouse gut metagenome,s159_EAU_NoFiber_1wk,NA,NA,NA,NA,NA,NA,no,NA,NA,NA,NA,OREGON HEALTH & SCIENCE UNIVERSITY,SRA1508478,NA,public,FD68C8CA28223A15715C41850815B07A,0D62A9A194B4E95414541CC836CEA3FF,SRR21733860
SRR21733861,2022-09-28 11:38:47,2022-09-28 04:47:04,51601,25903702,51601,502,16,NA,https://sra-downloadb.be-md.ncbi.nlm.nih.gov/sos1/sra-pub-zq-38/SRR021/21733/SRR21733861/SRR21733861.lite.1,SRX17729546,s148,AMPLICON,PCR,METAGENOMIC,PAIRED,0,0,ILLUMINA,Illumina MiSeq,SRP399952,PRJNA884872,NA,884872,SRS15258964,SAMN31057927,simple,410661,mouse gut metagenome,s148_EAU_Pectin_1wk,NA,NA,NA,NA,NA,NA,no,NA,NA,NA,NA,OREGON HEALTH & SCIENCE UNIVERSITY,SRA1508478,NA,public,9A3F732E00FD8F514312117A8A52C3F2,B31D21D94871BF56F3D3B145938280D8,SRR21733861
SRR21733862,2022-09-28 11:38:47,2022-09-28 04:47:09,50822,25512644,50822,502,16,NA,https://sra-downloadb.be-md.ncbi.nlm.nih.gov/sos1/sra-pub-zq-38/SRR021/21733/SRR21733862/SRR21733862.lite.1,SRX17729545,s147,AMPLICON,PCR,METAGENOMIC,PAIRED,0,0,ILLUMINA,Illumina MiSeq,SRP399952,PRJNA884872,NA,884872,SRS15258963,SAMN31057926,simple,410661,mouse gut metagenome,s147_EAU_Pectin_1wk,NA,NA,NA,NA,NA,NA,no,NA,NA,NA,NA,OREGON HEALTH & SCIENCE UNIVERSITY,SRA1508478,NA,public,D14AB533BC2FAB05549081E3BB971AD5,6D411FF72D1DB0833B90C2FEBE51A921,SRR21733862
SRR21733863,2022-09-28 11:38:47,2022-09-28 04:47:07,51787,25997074,51787,502,17,NA,https://sra-downloadb.be-md.ncbi.nlm.nih.gov/sos1/sra-pub-zq-38/SRR021/21733/SRR21733863/SRR21733863.lite.1,SRX17729544,s146,AMPLICON,PCR,METAGENOMIC,PAIRED,0,0,ILLUMINA,Illumina MiSeq,SRP399952,PRJNA884872,NA,884872,SRS15258962,SAMN31057925,simple,410661,mouse gut metagenome,s146_EAU_Pectin_1wk,NA,NA,NA,NA,NA,NA,no,NA,NA,NA,NA,OREGON HEALTH & SCIENCE UNIVERSITY,SRA1508478,NA,public,9C267F26E37502E8B3096167FDC81C96,C5A7530FBC572DFA4BB358500BD99EC2,SRR21733863
SRR21733864,2022-09-28 11:38:47,2022-09-28 04:47:02,47102,23645204,47102,502,15,NA,https://sra-downloadb.be-md.ncbi.nlm.nih.gov/sos1/sra-pub-zq-38/SRR021/21733/SRR21733864/SRR21733864.lite.1,SRX17729543,s035,AMPLICON,PCR,METAGENOMIC,PAIRED,0,0,ILLUMINA,Illumina MiSeq,SRP399952,PRJNA884872,NA,884872,SRS15258961,SAMN31057847,simple,410661,mouse gut metagenome,s035_EAU_Fiber_2wk,NA,NA,NA,NA,NA,NA,no,NA,NA,NA,NA,OREGON HEALTH & SCIENCE UNIVERSITY,SRA1508478,NA,public,B4CB99C06D860F556FA8870A7E0EA827,9519D987E03FCE46A5CBE9B24262ECCE,SRR21733864
SRR21733865,2022-09-28 11:38:47,2022-09-28 04:47:03,52879,26545258,52879,502,17,NA,https://sra-downloadb.be-md.ncbi.nlm.nih.gov/sos1/sra-pub-zq-38/SRR021/21733/SRR21733865/SRR21733865.lite.1,SRX17729542,s034,AMPLICON,PCR,METAGENOMIC,PAIRED,0,0,ILLUMINA,Illumina MiSeq,SRP399952,PRJNA884872,NA,884872,SRS15258960,SAMN31057846,simple,410661,mouse gut metagenome,s034_EAU_Fiber_2wk,NA,NA,NA,NA,NA,NA,no,NA,NA,NA,NA,OREGON HEALTH & SCIENCE UNIVERSITY,SRA1508478,NA,public,A8789E5D1DA5A346E099C8328A5B73D5,C9B395DDEB901A357C093483882E64CF,SRR21733865
SRR21733866,2022-09-28 11:38:47,2022-09-28 04:46:55,41559,20862618,41559,502,13,NA,https://sra-downloadb.be-md.ncbi.nlm.nih.gov/sos1/sra-pub-zq-38/SRR021/21733/SRR21733866/SRR21733866.lite.1,SRX17729541,s033,AMPLICON,PCR,METAGENOMIC,PAIRED,0,0,ILLUMINA,Illumina MiSeq,SRP399952,PRJNA884872,NA,884872,SRS15258959,SAMN31057845,simple,410661,mouse gut metagenome,s033_EAU_Fiber_2wk,NA,NA,NA,NA,NA,NA,no,NA,NA,NA,NA,OREGON HEALTH & SCIENCE UNIVERSITY,SRA1508478,NA,public,EADE02A5F274D1F193655F0706E0F3DB,D8AFB9F0D56C518C401E7D75EF6D1A07,SRR21733866
SRR21733867,2022-09-28 11:38:47,2022-09-28 04:47:02,42171,21169842,42171,502,13,NA,https://sra-downloadb.be-md.ncbi.nlm.nih.gov/sos1/sra-pub-zq-38/SRR021/21733/SRR21733867/SRR21733867.lite.1,SRX17729540,s032,AMPLICON,PCR,METAGENOMIC,PAIRED,0,0,ILLUMINA,Illumina MiSeq,SRP399952,PRJNA884872,NA,884872,SRS15258958,SAMN31057844,simple,410661,mouse gut metagenome,s032_EAU_Fiber_2wk,NA,NA,NA,NA,NA,NA,no,NA,NA,NA,NA,OREGON HEALTH & SCIENCE UNIVERSITY,SRA1508478,NA,public,2DEB85525A8B842643A47AE56D0ADAF3,5F65A3C00C9A934D3305878BF5C2D022,SRR21733867
SRR21733868,2022-09-28 11:38:47,2022-09-28 04:47:01,51021,25612542,51021,502,16,NA,https://sra-downloadb.be-md.ncbi.nlm.nih.gov/sos1/sra-pub-zq-38/SRR021/21733/SRR21733868/SRR21733868.lite.1,SRX17729539,s031,AMPLICON,PCR,METAGENOMIC,PAIRED,0,0,ILLUMINA,Illumina MiSeq,SRP399952,PRJNA884872,NA,884872,SRS15258957,SAMN31057843,simple,410661,mouse gut metagenome,s031_EAU_Fiber_2wk,NA,NA,NA,NA,NA,NA,no,NA,NA,NA,NA,OREGON HEALTH & SCIENCE UNIVERSITY,SRA1508478,NA,public,80A9C5C8CCC41CDC48BB9524296E426A,03C26740A6BF127D1E4C1E63530E4C36,SRR21733868
SRR21733869,2022-09-28 11:38:47,2022-09-28 04:46:59,34190,17163380,34190,502,11,NA,https://sra-downloadb.be-md.ncbi.nlm.nih.gov/sos1/sra-pub-zq-38/SRR021/21733/SRR21733869/SRR21733869.lite.1,SRX17729538,s004,AMPLICON,PCR,METAGENOMIC,PAIRED,0,0,ILLUMINA,Illumina MiSeq,SRP399952,PRJNA884872,NA,884872,SRS15258956,SAMN31057816,simple,410661,mouse gut metagenome,s004_EAU_Fat_2wk,NA,NA,NA,NA,NA,NA,no,NA,NA,NA,NA,OREGON HEALTH & SCIENCE UNIVERSITY,SRA1508478,NA,public,70DBC842D87629AFFAE223794987A8B8,6BB315EF716CFFEE1452631919CD9137,SRR21733869
SRR21733870,2022-09-28 11:38:47,2022-09-28 04:47:07,47049,23618598,47049,502,15,NA,https://sra-downloadb.be-md.ncbi.nlm.nih.gov/sos1/sra-pub-zq-38/SRR021/21733/SRR21733870/SRR21733870.lite.1,SRX17729537,s030,AMPLICON,PCR,METAGENOMIC,PAIRED,0,0,ILLUMINA,Illumina MiSeq,SRP399952,PRJNA884872,NA,884872,SRS15258955,SAMN31057842,simple,410661,mouse gut metagenome,s030_EAU_Fat_2wk,NA,NA,NA,NA,NA,NA,no,NA,NA,NA,NA,OREGON HEALTH & SCIENCE UNIVERSITY,SRA1508478,NA,public,93D342EF72E92FC3B3CAAEE5CC24FB8D,45DC67F7776BEB553BA610E875381B70,SRR21733870
SRR21733871,2022-09-28 11:38:47,2022-09-28 04:47:29,51871,26039242,51871,502,17,NA,https://sra-downloadb.be-md.ncbi.nlm.nih.gov/sos1/sra-pub-zq-38/SRR021/21733/SRR21733871/SRR21733871.lite.1,SRX17729536,s029,AMPLICON,PCR,METAGENOMIC,PAIRED,0,0,ILLUMINA,Illumina MiSeq,SRP399952,PRJNA884872,NA,884872,SRS15258954,SAMN31057841,simple,410661,mouse gut metagenome,s029_EAU_Fat_2wk,NA,NA,NA,NA,NA,NA,no,NA,NA,NA,NA,OREGON HEALTH & SCIENCE UNIVERSITY,SRA1508478,NA,public,437DE686B9890F7AB09EC8B8E32A169A,2D9D9A5FB4F9F14098DB01FC712954FD,SRR21733871
SRR21733872,2022-09-28 11:38:47,2022-09-28 04:46:56,59949,30094398,59949,502,20,NA,https://sra-downloadb.be-md.ncbi.nlm.nih.gov/sos1/sra-pub-zq-38/SRR021/21733/SRR21733872/SRR21733872.lite.1,SRX17729535,s028,AMPLICON,PCR,METAGENOMIC,PAIRED,0,0,ILLUMINA,Illumina MiSeq,SRP399952,PRJNA884872,NA,884872,SRS15258953,SAMN31057840,simple,410661,mouse gut metagenome,s028_EAU_Fat_2wk,NA,NA,NA,NA,NA,NA,no,NA,NA,NA,NA,OREGON HEALTH & SCIENCE UNIVERSITY,SRA1508478,NA,public,2739E99279886769BC013466B3352E01,542F1AC2F563D5EEC2E05E70A1CF7CAF,SRR21733872
SRR21733873,2022-09-28 11:38:47,2022-09-28 04:46:54,55156,27688312,55156,502,18,NA,https://sra-downloadb.be-md.ncbi.nlm.nih.gov/sos1/sra-pub-zq-38/SRR021/21733/SRR21733873/SRR21733873.lite.1,SRX17729534,s027,AMPLICON,PCR,METAGENOMIC,PAIRED,0,0,ILLUMINA,Illumina MiSeq,SRP399952,PRJNA884872,NA,884872,SRS15258952,SAMN31057839,simple,410661,mouse gut metagenome,s027_EAU_Fat_2wk,NA,NA,NA,NA,NA,NA,no,NA,NA,NA,NA,OREGON HEALTH & SCIENCE UNIVERSITY,SRA1508478,NA,public,462A20A205E9CF65F8D666406A8E73FF,FF9506DBFDCD602F56AE39B6DA72428B,SRR21733873
SRR21733874,2022-09-28 11:38:47,2022-09-28 04:46:56,54794,27506588,54794,502,18,NA,https://sra-downloadb.be-md.ncbi.nlm.nih.gov/sos1/sra-pub-zq-38/SRR021/21733/SRR21733874/SRR21733874.lite.1,SRX17729533,s026,AMPLICON,PCR,METAGENOMIC,PAIRED,0,0,ILLUMINA,Illumina MiSeq,SRP399952,PRJNA884872,NA,884872,SRS15258951,SAMN31057838,simple,410661,mouse gut metagenome,s026_EAU_Fat_2wk,NA,NA,NA,NA,NA,NA,no,NA,NA,NA,NA,OREGON HEALTH & SCIENCE UNIVERSITY,SRA1508478,NA,public,C6E5914AA36C9666B86FD9A323D8E3DD,05D1F033D650EE484387F5A18D99197D,SRR21733874
SRR21733875,2022-09-28 11:38:47,2022-09-28 04:47:04,43184,21678368,43184,502,14,NA,https://sra-downloadb.be-md.ncbi.nlm.nih.gov/sos1/sra-pub-zq-38/SRR021/21733/SRR21733875/SRR21733875.lite.1,SRX17729532,s025,AMPLICON,PCR,METAGENOMIC,PAIRED,0,0,ILLUMINA,Illumina MiSeq,SRP399952,PRJNA884872,NA,884872,SRS15258950,SAMN31057837,simple,410661,mouse gut metagenome,s025_EAU_Fat_2wk,NA,NA,NA,NA,NA,NA,no,NA,NA,NA,NA,OREGON HEALTH & SCIENCE UNIVERSITY,SRA1508478,NA,public,7A0EF384D107BF48FD30FF01E7F6BC8A,842E98815092653E611A0E6976E76A1A,SRR21733875
SRR21733876,2022-09-28 11:38:47,2022-09-28 04:47:02,117541,59005582,117541,502,38,NA,https://sra-downloadb.be-md.ncbi.nlm.nih.gov/sos1/sra-pub-zq-38/SRR021/21733/SRR21733876/SRR21733876.lite.1,SRX17729531,s024,AMPLICON,PCR,METAGENOMIC,PAIRED,0,0,ILLUMINA,Illumina MiSeq,SRP399952,PRJNA884872,NA,884872,SRS15258949,SAMN31057836,simple,410661,mouse gut metagenome,s024_EAU_Fiber_2wk,NA,NA,NA,NA,NA,NA,no,NA,NA,NA,NA,OREGON HEALTH & SCIENCE UNIVERSITY,SRA1508478,NA,public,8268070E0B804D826FD38D6B4E3FC6F5,5BAB3B15FA3EC6C60101BE10EE2C2F2F,SRR21733876
SRR21733877,2022-09-28 11:38:47,2022-09-28 04:46:56,43237,21704974,43237,502,14,NA,https://sra-downloadb.be-md.ncbi.nlm.nih.gov/sos1/sra-pub-zq-38/SRR021/21733/SRR21733877/SRR21733877.lite.1,SRX17729530,s023,AMPLICON,PCR,METAGENOMIC,PAIRED,0,0,ILLUMINA,Illumina MiSeq,SRP399952,PRJNA884872,NA,884872,SRS15258948,SAMN31057835,simple,410661,mouse gut metagenome,s023_EAU_Fiber_2wk,NA,NA,NA,NA,NA,NA,no,NA,NA,NA,NA,OREGON HEALTH & SCIENCE UNIVERSITY,SRA1508478,NA,public,D608162E8543DCDCAE325543C872735B,A751BB3280636BC2FCE2A89210350617,SRR21733877
SRR21733878,2022-09-28 11:38:47,2022-09-28 04:47:46,56572,28399144,56572,502,19,NA,https://sra-downloadb.be-md.ncbi.nlm.nih.gov/sos1/sra-pub-zq-38/SRR021/21733/SRR21733878/SRR21733878.lite.1,SRX17729529,s022,AMPLICON,PCR,METAGENOMIC,PAIRED,0,0,ILLUMINA,Illumina MiSeq,SRP399952,PRJNA884872,NA,884872,SRS15258947,SAMN31057834,simple,410661,mouse gut metagenome,s022_EAU_Fiber_2wk,NA,NA,NA,NA,NA,NA,no,NA,NA,NA,NA,OREGON HEALTH & SCIENCE UNIVERSITY,SRA1508478,NA,public,88DB63EA01F47C97E38345A3A4072246,7863CAF6BC3C1B5360F22BC0B61E76FB,SRR21733878
SRR21733879,2022-09-28 11:38:47,2022-09-28 04:47:00,43723,21948946,43723,502,14,NA,https://sra-downloadb.be-md.ncbi.nlm.nih.gov/sos1/sra-pub-zq-38/SRR021/21733/SRR21733879/SRR21733879.lite.1,SRX17729528,s021,AMPLICON,PCR,METAGENOMIC,PAIRED,0,0,ILLUMINA,Illumina MiSeq,SRP399952,PRJNA884872,NA,884872,SRS15258946,SAMN31057833,simple,410661,mouse gut metagenome,s021_EAU_Fiber_2wk,NA,NA,NA,NA,NA,NA,no,NA,NA,NA,NA,OREGON HEALTH & SCIENCE UNIVERSITY,SRA1508478,NA,public,7090767EC45E0CC15067C89BB9535E5B,22A36AF742A590787DEAC90C6E28AF3F,SRR21733879
SRR21733880,2022-09-28 11:38:47,2022-09-28 04:47:03,60148,30194296,60148,502,19,NA,https://sra-downloadb.be-md.ncbi.nlm.nih.gov/sos1/sra-pub-zq-38/SRR021/21733/SRR21733880/SRR21733880.lite.1,SRX17729527,s145,AMPLICON,PCR,METAGENOMIC,PAIRED,0,0,ILLUMINA,Illumina MiSeq,SRP399952,PRJNA884872,NA,884872,SRS15258945,SAMN31057924,simple,410661,mouse gut metagenome,s145_EAU_Pectin_1wk,NA,NA,NA,NA,NA,NA,no,NA,NA,NA,NA,OREGON HEALTH & SCIENCE UNIVERSITY,SRA1508478,NA,public,7FD3B52CD4FBE85848CD8F108E820C0D,9C86EE0C0D0DF5A85B2B93224FC0C9EA,SRR21733880
SRR21733881,2022-09-28 11:38:47,2022-09-28 04:47:04,52327,26268154,52327,502,17,NA,https://sra-downloadb.be-md.ncbi.nlm.nih.gov/sos1/sra-pub-zq-38/SRR021/21733/SRR21733881/SRR21733881.lite.1,SRX17729526,s144,AMPLICON,PCR,METAGENOMIC,PAIRED,0,0,ILLUMINA,Illumina MiSeq,SRP399952,PRJNA884872,NA,884872,SRS15258944,SAMN31057923,simple,410661,mouse gut metagenome,s144_EAU_Pectin_1wk,NA,NA,NA,NA,NA,NA,no,NA,NA,NA,NA,OREGON HEALTH & SCIENCE UNIVERSITY,SRA1508478,NA,public,F146638995B0CA376A3DB5112D26FA7F,890DF85AA690E77A1EE684F34239D9D8,SRR21733881
SRR21733882,2022-09-28 11:38:47,2022-09-28 04:47:02,39152,19654304,39152,502,12,NA,https://sra-downloadb.be-md.ncbi.nlm.nih.gov/sos1/sra-pub-zq-38/SRR021/21733/SRR21733882/SRR21733882.lite.1,SRX17729525,s012,AMPLICON,PCR,METAGENOMIC,PAIRED,0,0,ILLUMINA,Illumina MiSeq,SRP399952,PRJNA884872,NA,884872,SRS15258943,SAMN31057824,simple,410661,mouse gut metagenome,s012_EAU_Fiber_2wk,NA,NA,NA,NA,NA,NA,no,NA,NA,NA,NA,OREGON HEALTH & SCIENCE UNIVERSITY,SRA1508478,NA,public,71D015760238EE2B728F0D2666BC820E,A4DD34C0B21A3290BF6E32E3FC711E6E,SRR21733882
SRR21733883,2022-09-28 11:38:47,2022-09-28 04:47:04,61152,30698304,61152,502,20,NA,https://sra-downloadb.be-md.ncbi.nlm.nih.gov/sos1/sra-pub-zq-38/SRR021/21733/SRR21733883/SRR21733883.lite.1,SRX17729524,s143,AMPLICON,PCR,METAGENOMIC,PAIRED,0,0,ILLUMINA,Illumina MiSeq,SRP399952,PRJNA884872,NA,884872,SRS15258942,SAMN31057922,simple,410661,mouse gut metagenome,s143_EAU_NoFiber_1wk,NA,NA,NA,NA,NA,NA,no,NA,NA,NA,NA,OREGON HEALTH & SCIENCE UNIVERSITY,SRA1508478,NA,public,58F3FCB08FB7187569804D6B5DF9A6EE,2C3F7F05D304EB16BFB4A139B597ADFA,SRR21733883
SRR21733884,2022-09-28 11:38:47,2022-09-28 04:47:08,58420,29326840,58420,502,19,NA,https://sra-downloadb.be-md.ncbi.nlm.nih.gov/sos1/sra-pub-zq-38/SRR021/21733/SRR21733884/SRR21733884.lite.1,SRX17729523,s142,AMPLICON,PCR,METAGENOMIC,PAIRED,0,0,ILLUMINA,Illumina MiSeq,SRP399952,PRJNA884872,NA,884872,SRS15258941,SAMN31057921,simple,410661,mouse gut metagenome,s142_EAU_NoFiber_1wk,NA,NA,NA,NA,NA,NA,no,NA,NA,NA,NA,OREGON HEALTH & SCIENCE UNIVERSITY,SRA1508478,NA,public,C7A2D24E6A5A033A2165F59643E87D98,2A7610C05B14F509DFF35BBC7ABDB8FD,SRR21733884
SRR21733885,2022-09-28 11:38:47,2022-09-28 04:47:06,65721,32991942,65721,502,22,NA,https://sra-downloadb.be-md.ncbi.nlm.nih.gov/sos1/sra-pub-zq-38/SRR021/21733/SRR21733885/SRR21733885.lite.1,SRX17729522,s141,AMPLICON,PCR,METAGENOMIC,PAIRED,0,0,ILLUMINA,Illumina MiSeq,SRP399952,PRJNA884872,NA,884872,SRS15258940,SAMN31057920,simple,410661,mouse gut metagenome,s141_EAU_NoFiber_1wk,NA,NA,NA,NA,NA,NA,no,NA,NA,NA,NA,OREGON HEALTH & SCIENCE UNIVERSITY,SRA1508478,NA,public,E54C1F0765201BDFC67EA7B9B60E7579,411FC29D5186D9E7EA636C173CB1685E,SRR21733885
SRR21733886,2022-09-28 11:38:47,2022-09-28 04:47:03,44770,22474540,44770,502,15,NA,https://sra-downloadb.be-md.ncbi.nlm.nih.gov/sos1/sra-pub-zq-38/SRR021/21733/SRR21733886/SRR21733886.lite.1,SRX17729521,s140,AMPLICON,PCR,METAGENOMIC,PAIRED,0,0,ILLUMINA,Illumina MiSeq,SRP399952,PRJNA884872,NA,884872,SRS15258939,SAMN31057919,simple,410661,mouse gut metagenome,s140_EAU_NoFiber_1wk,NA,NA,NA,NA,NA,NA,no,NA,NA,NA,NA,OREGON HEALTH & SCIENCE UNIVERSITY,SRA1508478,NA,public,C0E973D75ACCBC13B64FFEF366DB5DE2,0E70C7D0FCFB69B562085EDFC5E30B84,SRR21733886
SRR21733887,2022-09-28 11:38:47,2022-09-28 04:47:11,77082,38695164,77082,502,25,NA,https://sra-downloadb.be-md.ncbi.nlm.nih.gov/sos1/sra-pub-zq-38/SRR021/21733/SRR21733887/SRR21733887.lite.1,SRX17729520,s139,AMPLICON,PCR,METAGENOMIC,PAIRED,0,0,ILLUMINA,Illumina MiSeq,SRP399952,PRJNA884872,NA,884872,SRS15258938,SAMN31057918,simple,410661,mouse gut metagenome,s139_EAU_NoFiber_1wk,NA,NA,NA,NA,NA,NA,no,NA,NA,NA,NA,OREGON HEALTH & SCIENCE UNIVERSITY,SRA1508478,NA,public,01E7C89ACC2937490DBAE05BDDF61772,B380F6ADEB509EA4C529A3596A88727E,SRR21733887
SRR21733888,2022-09-28 11:38:47,2022-09-28 04:47:07,44821,22500142,44821,502,15,NA,https://sra-downloadb.be-md.ncbi.nlm.nih.gov/sos1/sra-pub-zq-38/SRR021/21733/SRR21733888/SRR21733888.lite.1,SRX17729519,s117,AMPLICON,PCR,METAGENOMIC,PAIRED,0,0,ILLUMINA,Illumina MiSeq,SRP399952,PRJNA884872,NA,884872,SRS15258937,SAMN31057917,simple,410661,mouse gut metagenome,s117_EAU_Pectin_1wk,NA,NA,NA,NA,NA,NA,no,NA,NA,NA,NA,OREGON HEALTH & SCIENCE UNIVERSITY,SRA1508478,NA,public,DF93CEBBCA06586DC0AC230B609CCCED,81D4B7B0CA13662674F358E7F4027E03,SRR21733888
SRR21733889,2022-09-28 11:38:47,2022-09-28 04:47:06,57687,28958874,57687,502,19,NA,https://sra-downloadb.be-md.ncbi.nlm.nih.gov/sos1/sra-pub-zq-38/SRR021/21733/SRR21733889/SRR21733889.lite.1,SRX17729518,s116,AMPLICON,PCR,METAGENOMIC,PAIRED,0,0,ILLUMINA,Illumina MiSeq,SRP399952,PRJNA884872,NA,884872,SRS15258936,SAMN31057916,simple,410661,mouse gut metagenome,s116_EAU_Pectin_1wk,NA,NA,NA,NA,NA,NA,no,NA,NA,NA,NA,OREGON HEALTH & SCIENCE UNIVERSITY,SRA1508478,NA,public,23A73BF01DF1F130426363C68451D57D,D806C607BF5A7B9AAFA5D2D6079858DA,SRR21733889
SRR21733890,2022-09-28 11:38:47,2022-09-28 04:47:02,52081,26144662,52081,502,17,NA,https://sra-downloadb.be-md.ncbi.nlm.nih.gov/sos1/sra-pub-zq-38/SRR021/21733/SRR21733890/SRR21733890.lite.1,SRX17729517,s115,AMPLICON,PCR,METAGENOMIC,PAIRED,0,0,ILLUMINA,Illumina MiSeq,SRP399952,PRJNA884872,NA,884872,SRS15258935,SAMN31057915,simple,410661,mouse gut metagenome,s115_EAU_Pectin_1wk,NA,NA,NA,NA,NA,NA,no,NA,NA,NA,NA,OREGON HEALTH & SCIENCE UNIVERSITY,SRA1508478,NA,public,B2B3FD6A199DE2B0ABCEAC88742C1790,2E3064DB7471AAC03A151062EB26737F,SRR21733890
SRR21733891,2022-09-28 11:38:47,2022-09-28 04:47:06,69828,35053656,69828,502,23,NA,https://sra-downloadb.be-md.ncbi.nlm.nih.gov/sos1/sra-pub-zq-38/SRR021/21733/SRR21733891/SRR21733891.lite.1,SRX17729516,s114,AMPLICON,PCR,METAGENOMIC,PAIRED,0,0,ILLUMINA,Illumina MiSeq,SRP399952,PRJNA884872,NA,884872,SRS15258934,SAMN31057914,simple,410661,mouse gut metagenome,s114_EAU_Pectin_1wk,NA,NA,NA,NA,NA,NA,no,NA,NA,NA,NA,OREGON HEALTH & SCIENCE UNIVERSITY,SRA1508478,NA,public,1CF97485D415523C702F31B357629B17,8A3FADC889AFAE86BBDBA226BFFB709F,SRR21733891
SRR21733892,2022-09-28 11:38:47,2022-09-28 04:47:12,59629,29933758,59629,502,20,NA,https://sra-downloadb.be-md.ncbi.nlm.nih.gov/sos1/sra-pub-zq-38/SRR021/21733/SRR21733892/SRR21733892.lite.1,SRX17729515,s113,AMPLICON,PCR,METAGENOMIC,PAIRED,0,0,ILLUMINA,Illumina MiSeq,SRP399952,PRJNA884872,NA,884872,SRS15258933,SAMN31057913,simple,410661,mouse gut metagenome,s113_EAU_Pectin_1wk,NA,NA,NA,NA,NA,NA,no,NA,NA,NA,NA,OREGON HEALTH & SCIENCE UNIVERSITY,SRA1508478,NA,public,1A94C376A11CAD24177485002FB05C9E,1C0EFD94299124CFFACC596D35FCF3AF,SRR21733892
SRR21733893,2022-09-28 11:38:47,2022-09-28 04:47:08,51270,25737540,51270,502,16,NA,https://sra-downloadb.be-md.ncbi.nlm.nih.gov/sos1/sra-pub-zq-38/SRR021/21733/SRR21733893/SRR21733893.lite.1,SRX17729514,s011,AMPLICON,PCR,METAGENOMIC,PAIRED,0,0,ILLUMINA,Illumina MiSeq,SRP399952,PRJNA884872,NA,884872,SRS15258932,SAMN31057823,simple,410661,mouse gut metagenome,s011_EAU_Fiber_2wk,NA,NA,NA,NA,NA,NA,no,NA,NA,NA,NA,OREGON HEALTH & SCIENCE UNIVERSITY,SRA1508478,NA,public,D81B507D1D8610C11ACFE98CCCF09D7C,622119BC214CD1290C88AEDE446AF798,SRR21733893
SRR21733894,2022-09-28 11:38:47,2022-09-28 04:47:10,39133,19644766,39133,502,13,NA,https://sra-downloadb.be-md.ncbi.nlm.nih.gov/sos1/sra-pub-zq-38/SRR021/21733/SRR21733894/SRR21733894.lite.1,SRX17729513,s002,AMPLICON,PCR,METAGENOMIC,PAIRED,0,0,ILLUMINA,Illumina MiSeq,SRP399952,PRJNA884872,NA,884872,SRS15258931,SAMN31057814,simple,410661,mouse gut metagenome,s002_EAU_Fat_2wk,NA,NA,NA,NA,NA,NA,no,NA,NA,NA,NA,OREGON HEALTH & SCIENCE UNIVERSITY,SRA1508478,NA,public,1690C4B5386E14A3C6ADCEB744222364,89BBA94332DFF8AA1348819A1080102B,SRR21733894
SRR21733895,2022-09-28 11:38:47,2022-09-28 04:47:10,33051,16591602,33051,502,11,NA,https://sra-downloadb.be-md.ncbi.nlm.nih.gov/sos1/sra-pub-zq-38/SRR021/21733/SRR21733895/SRR21733895.lite.1,SRX17729512,s001,AMPLICON,PCR,METAGENOMIC,PAIRED,0,0,ILLUMINA,Illumina MiSeq,SRP399952,PRJNA884872,NA,884872,SRS15258930,SAMN31057813,simple,410661,mouse gut metagenome,s001_EAU_Fat_2wk,NA,NA,NA,NA,NA,NA,no,NA,NA,NA,NA,OREGON HEALTH & SCIENCE UNIVERSITY,SRA1508478,NA,public,CCEB8B69B38768A8A21C042D02E9C230,F97B9E2224EA7376382D95E049C3EEDB,SRR21733895
SRR24437457,2024-05-31 01:08:09,2023-05-04 17:02:18,70100,42200200,70100,602,23,NA,https://sra-downloadb.be-md.ncbi.nlm.nih.gov/sos6/sra-pub-zq-40/SRR024/24437/SRR24437457/SRR24437457.lite.1,SRX20225033,AGGCAGAAAAGGAGTA,AMPLICON,PCR,METAGENOMIC,PAIRED,0,0,ILLUMINA,Illumina MiSeq,SRP435971,PRJNA967360,NA,967360,SRS17545693,SAMN34588617,simple,749906,gut metagenome,NAMS.fasting.d0.52,NA,NA,NA,NA,NA,NA,no,NA,NA,NA,NA,UBC,SRA1632765,NA,public,05CAEC35B6D687F6BA1687D20386ABF2,F22442332BFDEFB38DB8CA844ED44E04,SRR24437457
SRR24437458,2024-05-31 01:08:06,2023-05-04 17:02:22,74094,44604588,74094,602,24,NA,https://sra-downloadb.be-md.ncbi.nlm.nih.gov/sos6/sra-pub-zq-40/SRR024/24437/SRR24437458/SRR24437458.lite.1,SRX20224935,ATGCGCAGCGTCTAAT,AMPLICON,PCR,METAGENOMIC,PAIRED,0,0,ILLUMINA,Illumina MiSeq,SRP435971,PRJNA967360,NA,967360,SRS17545596,SAMN34588690,simple,749906,gut metagenome,T1DM.pat.d0.13,NA,NA,NA,NA,NA,NA,no,NA,NA,NA,NA,UBC,SRA1632765,NA,public,63CE58440FC7569C0AA381B6CFCE0436,F98479A33E9724C4D9D979DDCA4E7E3E,SRR24437458
SRR24437459,2024-05-31 01:08:06,2023-05-04 17:02:26,38184,22986768,38184,602,12,NA,https://sra-downloadb.be-md.ncbi.nlm.nih.gov/sos6/sra-pub-zq-40/SRR024/24437/SRR24437459/SRR24437459.lite.1,SRX20224937,TAGCGCTCCTCTCTAT,AMPLICON,PCR,METAGENOMIC,PAIRED,0,0,ILLUMINA,Illumina MiSeq,SRP435971,PRJNA967360,NA,967360,SRS17545597,SAMN34588692,simple,749906,gut metagenome,T1DM.pat.d0.15,NA,NA,NA,NA,NA,NA,no,NA,NA,NA,NA,UBC,SRA1632765,NA,public,3793A8046E44B862F81082ABF503669A,936997F56B6062AD82B833932890F7EA,SRR24437459
SRR24437460,2024-05-31 01:08:06,2023-05-04 17:02:27,90103,54242006,90103,602,28,NA,https://sra-downloadb.be-md.ncbi.nlm.nih.gov/sos6/sra-pub-zq-40/SRR024/24437/SRR24437460/SRR24437460.lite.1,SRX20224939,TAGCGCTCGTAAGGAG,AMPLICON,PCR,METAGENOMIC,PAIRED,0,0,ILLUMINA,Illumina MiSeq,SRP435971,PRJNA967360,NA,967360,SRS17545599,SAMN34588694,simple,749906,gut metagenome,T1DM.ctrl.d0.17,NA,NA,NA,NA,NA,NA,no,NA,NA,NA,NA,UBC,SRA1632765,NA,public,5CE12588EF44A91B42B0B9EFF679DB62,9DCA5630AD80D1F789559863204960D4,SRR24437460
SRR24437461,2024-05-31 01:08:09,2023-05-04 17:02:26,74072,44591344,74072,602,24,NA,https://sra-downloadb.be-md.ncbi.nlm.nih.gov/sos6/sra-pub-zq-40/SRR024/24437/SRR24437461/SRR24437461.lite.1,SRX20225032,ATGCGCAGAAGGAGTA,AMPLICON,PCR,METAGENOMIC,PAIRED,0,0,ILLUMINA,Illumina MiSeq,SRP435971,PRJNA967360,NA,967360,SRS17545692,SAMN34588688,simple,749906,gut metagenome,T1DM.pat.d0.10,NA,NA,NA,NA,NA,NA,no,NA,NA,NA,NA,UBC,SRA1632765,NA,public,84683B3AA8CFE7685026D232196C3148,CEED5C680A48C51F1D53041EBB21F4EB,SRR24437461
SRR24437462,2024-05-31 01:08:09,2023-05-04 17:02:18,46494,27989388,46494,602,15,NA,https://sra-downloadb.be-md.ncbi.nlm.nih.gov/sos6/sra-pub-zq-40/SRR024/24437/SRR24437462/SRR24437462.lite.1,SRX20225031,ATGCGCAGACTGCATA,AMPLICON,PCR,METAGENOMIC,PAIRED,0,0,ILLUMINA,Illumina MiSeq,SRP435971,PRJNA967360,NA,967360,SRS17545691,SAMN34588687,simple,749906,gut metagenome,T1DM.pat.d0.09,NA,NA,NA,NA,NA,NA,no,NA,NA,NA,NA,UBC,SRA1632765,NA,public,2D331512660360961C215F87A52C0F29,358A9BFD5EC345B9E59F81A82B1BDCBD,SRR24437462
SRR24437463,2024-05-31 01:08:09,2023-05-04 17:02:20,53981,32496562,53981,602,17,NA,https://sra-downloadb.be-md.ncbi.nlm.nih.gov/sos6/sra-pub-zq-40/SRR024/24437/SRR24437463/SRR24437463.lite.1,SRX20225029,ATGCGCAGTATCCTCT,AMPLICON,PCR,METAGENOMIC,PAIRED,0,0,ILLUMINA,Illumina MiSeq,SRP435971,PRJNA967360,NA,967360,SRS17545690,SAMN34588685,simple,749906,gut metagenome,T1DM.pat.d0.07,NA,NA,NA,NA,NA,NA,no,NA,NA,NA,NA,UBC,SRA1632765,NA,public,D5FC97363469BBE58B0357C39F674C27,4BB0888EFC6EBFE4558C73E9BFDC7062,SRR24437463
SRR24437464,2024-05-31 01:08:08,2023-05-04 17:02:25,49688,29912176,49688,602,16,NA,https://sra-downloadb.be-md.ncbi.nlm.nih.gov/sos6/sra-pub-zq-40/SRR024/24437/SRR24437464/SRR24437464.lite.1,SRX20225027,TACGCTGCTCTCTCCG,AMPLICON,PCR,METAGENOMIC,PAIRED,0,0,ILLUMINA,Illumina MiSeq,SRP435971,PRJNA967360,NA,967360,SRS17545686,SAMN34588683,simple,749906,gut metagenome,T1DM.pat.d0.05,NA,NA,NA,NA,NA,NA,no,NA,NA,NA,NA,UBC,SRA1632765,NA,public,71A42C315CAE3E2E6E00532852DC6D96,DC974B2C6C3C3B5B4B13EF220A6CA1DF,SRR24437464
SRR24437465,2024-05-31 01:08:08,2023-05-04 17:02:22,68302,41117804,68302,602,22,NA,https://sra-downloadb.be-md.ncbi.nlm.nih.gov/sos6/sra-pub-zq-40/SRR024/24437/SRR24437465/SRR24437465.lite.1,SRX20225025,TACGCTGCCTAAGCCT,AMPLICON,PCR,METAGENOMIC,PAIRED,0,0,ILLUMINA,Illumina MiSeq,SRP435971,PRJNA967360,NA,967360,SRS17545684,SAMN34588681,simple,749906,gut metagenome,T1DM.pat.d0.03,NA,NA,NA,NA,NA,NA,no,NA,NA,NA,NA,UBC,SRA1632765,NA,public,D8033670FCEA9C346D9A1D078AC5DA84,9E7652F153EC549E126C9E4C96CB4FD3,SRR24437465
SRR24437466,2024-05-31 01:08:08,2023-05-04 17:02:17,69350,41748700,69350,602,22,NA,https://sra-downloadb.be-md.ncbi.nlm.nih.gov/sos6/sra-pub-zq-40/SRR024/24437/SRR24437466/SRR24437466.lite.1,SRX20225024,TACGCTGCGTAAGGAG,AMPLICON,PCR,METAGENOMIC,PAIRED,0,0,ILLUMINA,Illumina MiSeq,SRP435971,PRJNA967360,NA,967360,SRS17545685,SAMN34588679,simple,749906,gut metagenome,T1DM.ctrl.d0.01,NA,NA,NA,NA,NA,NA,no,NA,NA,NA,NA,UBC,SRA1632765,NA,public,23D7F836CBC049E48F678509E1ACB07C,A3D6F310DBC71167FE4673117D630741,SRR24437466
SRR24437467,2024-05-31 01:08:08,2023-05-04 17:02:24,54899,33049198,54899,602,18,NA,https://sra-downloadb.be-md.ncbi.nlm.nih.gov/sos6/sra-pub-zq-40/SRR024/24437/SRR24437467/SRR24437467.lite.1,SRX20225023,TACGCTGCAAGGAGTA,AMPLICON,PCR,METAGENOMIC,PAIRED,0,0,ILLUMINA,Illumina MiSeq,SRP435971,PRJNA967360,NA,967360,SRS17545683,SAMN34588680,simple,749906,gut metagenome,T1DM.ctrl.d0.02,NA,NA,NA,NA,NA,NA,no,NA,NA,NA,NA,UBC,SRA1632765,NA,public,DF2F600E7ADBF0387806486B42AEA64E,5DB1DB0EE393FF852E5EA3D447FE3934,SRR24437467
SRR24437468,2024-05-31 01:08:08,2023-05-04 17:02:30,45989,27685378,45989,602,14,NA,https://sra-downloadb.be-md.ncbi.nlm.nih.gov/sos6/sra-pub-zq-40/SRR024/24437/SRR24437468/SRR24437468.lite.1,SRX20225026,TACGCTGCCGTCTAAT,AMPLICON,PCR,METAGENOMIC,PAIRED,0,0,ILLUMINA,Illumina MiSeq,SRP435971,PRJNA967360,NA,967360,SRS17545687,SAMN34588682,simple,749906,gut metagenome,T1DM.pat.d0.04,NA,NA,NA,NA,NA,NA,no,NA,NA,NA,NA,UBC,SRA1632765,NA,public,F11B8A198DDD23269881BE0FC7EF4ADD,BAB77DBE5008B858B13C9A415246010D,SRR24437468
SRR24437469,2024-05-31 01:08:09,2023-05-04 17:02:25,56709,34138818,56709,602,18,NA,https://sra-downloadb.be-md.ncbi.nlm.nih.gov/sos6/sra-pub-zq-40/SRR024/24437/SRR24437469/SRR24437469.lite.1,SRX20225028,ATGCGCAGCTCTCTAT,AMPLICON,PCR,METAGENOMIC,PAIRED,0,0,ILLUMINA,Illumina MiSeq,SRP435971,PRJNA967360,NA,967360,SRS17545689,SAMN34588684,simple,749906,gut metagenome,T1DM.pat.d0.06,NA,NA,NA,NA,NA,NA,no,NA,NA,NA,NA,UBC,SRA1632765,NA,public,43305F771CEEAEC90DFB57782217D4E1,E8FC6FC9D8B09AA388FC2B72B9373A01,SRR24437469
SRR24437470,2024-05-31 01:08:09,2023-05-04 17:02:23,62077,37370354,62077,602,20,NA,https://sra-downloadb.be-md.ncbi.nlm.nih.gov/sos6/sra-pub-zq-40/SRR024/24437/SRR24437470/SRR24437470.lite.1,SRX20225030,ATGCGCAGGTAAGGAG,AMPLICON,PCR,METAGENOMIC,PAIRED,0,0,ILLUMINA,Illumina MiSeq,SRP435971,PRJNA967360,NA,967360,SRS17545688,SAMN34588686,simple,749906,gut metagenome,T1DM.pat.d0.08,NA,NA,NA,NA,NA,NA,no,NA,NA,NA,NA,UBC,SRA1632765,NA,public,2007E505D008D3C58CB3B95FEF8BA65F,AD59C2771A8541033021593A311BACEB,SRR24437470
SRR24437471,2024-05-31 01:08:08,2023-05-04 17:02:25,32003,19265806,32003,602,11,NA,https://sra-downloadb.be-md.ncbi.nlm.nih.gov/sos6/sra-pub-zq-40/SRR024/24437/SRR24437471/SRR24437471.lite.1,SRX20225022,AGGCAGAAACTGCATA,AMPLICON,PCR,METAGENOMIC,PAIRED,0,0,ILLUMINA,Illumina MiSeq,SRP435971,PRJNA967360,NA,967360,SRS17545681,SAMN34588616,simple,749906,gut metagenome,NAMS.fasting.d0.49,NA,NA,NA,NA,NA,NA,no,NA,NA,NA,NA,UBC,SRA1632765,NA,public,9BA62E35E68073D8C0A7E34CD849E24C,9595202EE97A34477C829C68DCCE7BB4,SRR24437471
SRR24437472,2024-05-31 01:08:08,2023-05-04 17:02:33,28597,17215394,28597,602,10,NA,https://sra-downloadb.be-md.ncbi.nlm.nih.gov/sos6/sra-pub-zq-40/SRR024/24437/SRR24437472/SRR24437472.lite.1,SRX20225020,CGAGGCTGCTAAGCCT,AMPLICON,PCR,METAGENOMIC,PAIRED,0,0,ILLUMINA,Illumina MiSeq,SRP435971,PRJNA967360,NA,967360,SRS17545680,SAMN34588677,simple,749906,gut metagenome,NAMS.fasting.d187.70,NA,NA,NA,NA,NA,NA,no,NA,NA,NA,NA,UBC,SRA1632765,NA,public,0E13AE57D952BA7B5893366158F96282,9CA222A3546BB8B2AB87F445F008C3D6,SRR24437472
SRR24437473,2024-05-31 01:08:08,2023-05-04 17:02:30,79989,48153378,79989,602,25,NA,https://sra-downloadb.be-md.ncbi.nlm.nih.gov/sos6/sra-pub-zq-40/SRR024/24437/SRR24437473/SRR24437473.lite.1,SRX20225019,ATCTCAGGTCTCTCCG,AMPLICON,PCR,METAGENOMIC,PAIRED,0,0,ILLUMINA,Illumina MiSeq,SRP435971,PRJNA967360,NA,967360,SRS17545679,SAMN34588650,simple,749906,gut metagenome,NAMS.ctrl.dfg.d180.74,NA,NA,NA,NA,NA,NA,no,NA,NA,NA,NA,UBC,SRA1632765,NA,public,593949EB8F8118CC10AF0BA538658BEE,13E73BBC7B1774BB4E4B5852116EB00A,SRR24437473
SRR24437474,2024-05-31 01:08:08,2023-05-04 17:03:01,95680,57599360,95680,602,30,NA,https://sra-downloadb.be-md.ncbi.nlm.nih.gov/sos6/sra-pub-zq-40/SRR024/24437/SRR24437474/SRR24437474.lite.1,SRX20225018,ATCTCAGGCGTCTAAT,AMPLICON,PCR,METAGENOMIC,PAIRED,0,0,ILLUMINA,Illumina MiSeq,SRP435971,PRJNA967360,NA,967360,SRS17545678,SAMN34588649,simple,749906,gut metagenome,NAMS.ctrl.dfg.d180.63,NA,NA,NA,NA,NA,NA,no,NA,NA,NA,NA,UBC,SRA1632765,NA,public,BB7C919A2EA88C683E4D402C4A5BB03D,741D7EAACBA12AFB49F8CD8FBCC694AB,SRR24437474
SRR24437475,2024-05-31 01:08:08,2023-05-04 17:03:01,94655,56982310,94655,602,31,NA,https://sra-downloadb.be-md.ncbi.nlm.nih.gov/sos6/sra-pub-zq-40/SRR024/24437/SRR24437475/SRR24437475.lite.1,SRX20225017,GCTCATGACTAAGCCT,AMPLICON,PCR,METAGENOMIC,PAIRED,0,0,ILLUMINA,Illumina MiSeq,SRP435971,PRJNA967360,NA,967360,SRS17545677,SAMN34588613,simple,749906,gut metagenome,NAMS.ctrl.dfg.d0.62,NA,NA,NA,NA,NA,NA,no,NA,NA,NA,NA,UBC,SRA1632765,NA,public,324127550FD6B835100E042D6DF8C97D,FFD296454B04242CE3CF9F9ABFEE5BCF,SRR24437475
SRR24437476,2024-05-31 01:08:08,2023-05-04 17:03:04,105093,63265986,105093,602,34,NA,https://sra-downloadb.be-md.ncbi.nlm.nih.gov/sos6/sra-pub-zq-40/SRR024/24437/SRR24437476/SRR24437476.lite.1,SRX20225016,ATCTCAGGCTAAGCCT,AMPLICON,PCR,METAGENOMIC,PAIRED,0,0,ILLUMINA,Illumina MiSeq,SRP435971,PRJNA967360,NA,967360,SRS17545676,SAMN34588648,simple,749906,gut metagenome,NAMS.ctrl.dfg.d180.62,NA,NA,NA,NA,NA,NA,no,NA,NA,NA,NA,UBC,SRA1632765,NA,public,5B2F589EC44259E2F5BF7E9CBA15529D,7FE56435B21EE917671758DEA01C494C,SRR24437476
SRR24437477,2024-05-31 01:08:08,2023-05-04 17:03:11,71262,42899724,71262,602,23,NA,https://sra-downloadb.be-md.ncbi.nlm.nih.gov/sos6/sra-pub-zq-40/SRR024/24437/SRR24437477/SRR24437477.lite.1,SRX20225015,ATCTCAGGACTGCATA,AMPLICON,PCR,METAGENOMIC,PAIRED,0,0,ILLUMINA,Illumina MiSeq,SRP435971,PRJNA967360,NA,967360,SRS17545675,SAMN34588647,simple,749906,gut metagenome,NAMS.ctrl.dfg.d180.60,NA,NA,NA,NA,NA,NA,no,NA,NA,NA,NA,UBC,SRA1632765,NA,public,F6FE37EAF0DD7ADCDF02EE828135A6DE,A8390DFAD8D7E1E8A67F05A6E6255232,SRR24437477
SRR24437478,2024-05-31 01:08:08,2023-05-04 17:02:58,20044,12066488,20044,602,6,NA,https://sra-downloadb.be-md.ncbi.nlm.nih.gov/sos6/sra-pub-zq-40/SRR024/24437/SRR24437478/SRR24437478.lite.1,SRX20225014,ATCTCAGGGTAAGGAG,AMPLICON,PCR,METAGENOMIC,PAIRED,0,0,ILLUMINA,Illumina MiSeq,SRP435971,PRJNA967360,NA,967360,SRS17545674,SAMN34588646,simple,749906,gut metagenome,NAMS.ctrl.dfg.d180.56,NA,NA,NA,NA,NA,NA,no,NA,NA,NA,NA,UBC,SRA1632765,NA,public,30DA88473158D8E85BB56D71B6DBA003,07DF454C8085E0E5D91A26653A3100E3,SRR24437478
SRR24437479,2024-05-31 01:08:08,2023-05-04 17:03:08,70717,42571634,70717,602,23,NA,https://sra-downloadb.be-md.ncbi.nlm.nih.gov/sos6/sra-pub-zq-40/SRR024/24437/SRR24437479/SRR24437479.lite.1,SRX20225012,ATCTCAGGCTCTCTAT,AMPLICON,PCR,METAGENOMIC,PAIRED,0,0,ILLUMINA,Illumina MiSeq,SRP435971,PRJNA967360,NA,967360,SRS17545673,SAMN34588644,simple,749906,gut metagenome,NAMS.ctrl.dfg.d180.51,NA,NA,NA,NA,NA,NA,no,NA,NA,NA,NA,UBC,SRA1632765,NA,public,F87A72E527A3A098F6E8716F6805A762,25451AEDFB7E8D43A4375215637AA860,SRR24437479
SRR24437480,2024-05-31 01:08:08,2023-05-04 17:03:15,83499,50266398,83499,602,27,NA,https://sra-downloadb.be-md.ncbi.nlm.nih.gov/sos6/sra-pub-zq-40/SRR024/24437/SRR24437480/SRR24437480.lite.1,SRX20225010,TAGGCATGCTCTCTAT,AMPLICON,PCR,METAGENOMIC,PAIRED,0,0,ILLUMINA,Illumina MiSeq,SRP435971,PRJNA967360,NA,967360,SRS17545670,SAMN34588642,simple,749906,gut metagenome,NAMS.fasting.d7.70,NA,NA,NA,NA,NA,NA,no,NA,NA,NA,NA,UBC,SRA1632765,NA,public,64B117CA5350CB05BF960532579EDC7B,84C41B1FA07B17C12D9183707BF0DBF5,SRR24437480
SRR24437481,2024-05-31 01:08:08,2023-05-04 17:03:10,82134,49444668,82134,602,27,NA,https://sra-downloadb.be-md.ncbi.nlm.nih.gov/sos6/sra-pub-zq-40/SRR024/24437/SRR24437481/SRR24437481.lite.1,SRX20225009,GGACTCCTTCTCTCCG,AMPLICON,PCR,METAGENOMIC,PAIRED,0,0,ILLUMINA,Illumina MiSeq,SRP435971,PRJNA967360,NA,967360,SRS17545667,SAMN34588641,simple,749906,gut metagenome,NAMS.fasting.d7.69,NA,NA,NA,NA,NA,NA,no,NA,NA,NA,NA,UBC,SRA1632765,NA,public,EE63364C3C436D96A0024DA4BA91F05A,EABD1A38277B46819B3BCA73B8F63B0C,SRR24437481
SRR24437482,2024-05-31 01:08:08,2023-05-04 17:03:07,28446,17124492,28446,602,9,NA,https://sra-downloadb.be-md.ncbi.nlm.nih.gov/sos6/sra-pub-zq-40/SRR024/24437/SRR24437482/SRR24437482.lite.1,SRX20225011,TAGGCATGTATCCTCT,AMPLICON,PCR,METAGENOMIC,PAIRED,0,0,ILLUMINA,Illumina MiSeq,SRP435971,PRJNA967360,NA,967360,SRS17545671,SAMN34588643,simple,749906,gut metagenome,NAMS.fasting.d7.76,NA,NA,NA,NA,NA,NA,no,NA,NA,NA,NA,UBC,SRA1632765,NA,public,DB5B06C7F54238D14B0620F23D022B15,24099B6F4CBF8521FF721BBD6F348DDB,SRR24437482
SRR24437483,2024-05-31 01:08:08,2023-05-04 17:03:11,102971,61988542,102971,602,33,NA,https://sra-downloadb.be-md.ncbi.nlm.nih.gov/sos6/sra-pub-zq-40/SRR024/24437/SRR24437483/SRR24437483.lite.1,SRX20225013,ATCTCAGGTATCCTCT,AMPLICON,PCR,METAGENOMIC,PAIRED,0,0,ILLUMINA,Illumina MiSeq,SRP435971,PRJNA967360,NA,967360,SRS17545672,SAMN34588645,simple,749906,gut metagenome,NAMS.ctrl.dfg.d180.53,NA,NA,NA,NA,NA,NA,no,NA,NA,NA,NA,UBC,SRA1632765,NA,public,D0E9E3A672653400F8BD385FCAB0B587,C4255811C8DAE9EDA3A9249F610C4B10,SRR24437483
SRR24437484,2024-05-31 01:08:08,2023-05-04 17:03:17,83361,50183322,83361,602,27,NA,https://sra-downloadb.be-md.ncbi.nlm.nih.gov/sos6/sra-pub-zq-40/SRR024/24437/SRR24437484/SRR24437484.lite.1,SRX20225008,GGACTCCTCGTCTAAT,AMPLICON,PCR,METAGENOMIC,PAIRED,0,0,ILLUMINA,Illumina MiSeq,SRP435971,PRJNA967360,NA,967360,SRS17545669,SAMN34588640,simple,749906,gut metagenome,NAMS.fasting.d7.67,NA,NA,NA,NA,NA,NA,no,NA,NA,NA,NA,UBC,SRA1632765,NA,public,7ED81B2ABAE940D27759D162AD0BA7C1,56BC25E3651F6888FBCBB8924B3AA805,SRR24437484
SRR24437485,2024-05-31 01:08:08,2023-05-04 17:03:18,86088,51824976,86088,602,28,NA,https://sra-downloadb.be-md.ncbi.nlm.nih.gov/sos6/sra-pub-zq-40/SRR024/24437/SRR24437485/SRR24437485.lite.1,SRX20225007,GGACTCCTCTAAGCCT,AMPLICON,PCR,METAGENOMIC,PAIRED,0,0,ILLUMINA,Illumina MiSeq,SRP435971,PRJNA967360,NA,967360,SRS17545668,SAMN34588639,simple,749906,gut metagenome,NAMS.fasting.d7.65,NA,NA,NA,NA,NA,NA,no,NA,NA,NA,NA,UBC,SRA1632765,NA,public,24AF58F9688EFB3C7E471AF9D82ADE52,6D1B2BBC39E726E7979D31F16A3AC954,SRR24437485
SRR24437486,2024-05-31 01:08:08,2023-05-04 17:03:19,81294,48938988,81294,602,26,NA,https://sra-downloadb.be-md.ncbi.nlm.nih.gov/sos6/sra-pub-zq-40/SRR024/24437/SRR24437486/SRR24437486.lite.1,SRX20225005,TCCTGAGCCGTCTAAT,AMPLICON,PCR,METAGENOMIC,PAIRED,0,0,ILLUMINA,Illumina MiSeq,SRP435971,PRJNA967360,NA,967360,SRS17545665,SAMN34588625,simple,749906,gut metagenome,NAMS.fasting.d0.76,NA,NA,NA,NA,NA,NA,no,NA,NA,NA,NA,UBC,SRA1632765,NA,public,D36DC7B505E0CB660E4CF3A5EB36A647,E7057488BFF27E41A1854C2071CE324D,SRR24437486
SRR24437487,2024-05-31 01:08:08,2023-05-04 17:03:23,82021,49376642,82021,602,27,NA,https://sra-downloadb.be-md.ncbi.nlm.nih.gov/sos6/sra-pub-zq-40/SRR024/24437/SRR24437487/SRR24437487.lite.1,SRX20225003,AGGCAGAAGTAAGGAG,AMPLICON,PCR,METAGENOMIC,PAIRED,0,0,ILLUMINA,Illumina MiSeq,SRP435971,PRJNA967360,NA,967360,SRS17545664,SAMN34588753,simple,749906,gut metagenome,T1DM.ctrl.d150.29,NA,NA,NA,NA,NA,NA,no,NA,NA,NA,NA,UBC,SRA1632765,NA,public,F26653FA17ABE31FD0E42A57451AE066,70949E729959AB7FC1CFF53E18D9E7A5,SRR24437487
SRR24437488,2024-05-31 01:08:08,2023-05-04 17:03:18,38344,23083088,38344,602,13,NA,https://sra-downloadb.be-md.ncbi.nlm.nih.gov/sos6/sra-pub-zq-40/SRR024/24437/SRR24437488/SRR24437488.lite.1,SRX20225002,AGGCAGAATATCCTCT,AMPLICON,PCR,METAGENOMIC,PAIRED,0,0,ILLUMINA,Illumina MiSeq,SRP435971,PRJNA967360,NA,967360,SRS17545663,SAMN34588752,simple,749906,gut metagenome,T1DM.ctrl.d150.27,NA,NA,NA,NA,NA,NA,no,NA,NA,NA,NA,UBC,SRA1632765,NA,public,A8D7687BE6F8EE6FFB643647A1C730A7,68AD177A03D8B1C487D8EA6EAFD3B1AC,SRR24437488
SRR24437489,2024-05-31 01:08:08,2023-05-04 17:02:59,84937,51132074,84937,602,27,NA,https://sra-downloadb.be-md.ncbi.nlm.nih.gov/sos6/sra-pub-zq-40/SRR024/24437/SRR24437489/SRR24437489.lite.1,SRX20225004,TCCTGAGCCTAAGCCT,AMPLICON,PCR,METAGENOMIC,PAIRED,0,0,ILLUMINA,Illumina MiSeq,SRP435971,PRJNA967360,NA,967360,SRS17545662,SAMN34588624,simple,749906,gut metagenome,NAMS.fasting.d0.70,NA,NA,NA,NA,NA,NA,no,NA,NA,NA,NA,UBC,SRA1632765,NA,public,F068FEAFEE09A046E33BD5CFC7591797,6E63D06E6E006FBFDAFF72A499287A1D,SRR24437489
SRR24437490,2024-05-31 01:08:08,2023-05-04 17:03:18,63274,38090948,63274,602,20,NA,https://sra-downloadb.be-md.ncbi.nlm.nih.gov/sos6/sra-pub-zq-40/SRR024/24437/SRR24437490/SRR24437490.lite.1,SRX20225006,CGAGGCTGTCTCTCCG,AMPLICON,PCR,METAGENOMIC,PAIRED,0,0,ILLUMINA,Illumina MiSeq,SRP435971,PRJNA967360,NA,967360,SRS17545666,SAMN34588626,simple,749906,gut metagenome,NAMS.keto.d0.48,NA,NA,NA,NA,NA,NA,no,NA,NA,NA,NA,UBC,SRA1632765,NA,public,AB616E21B3172798AE7BBA0EB62FC9E7,EE53C04B7D604583ED8667B5A2C0967C,SRR24437490
SRR24437491,2024-05-31 01:08:07,2023-05-04 17:03:19,91277,54948754,91277,602,30,NA,https://sra-downloadb.be-md.ncbi.nlm.nih.gov/sos6/sra-pub-zq-40/SRR024/24437/SRR24437491/SRR24437491.lite.1,SRX20224963,AAGAGGCATATCCTCT,AMPLICON,PCR,METAGENOMIC,PAIRED,0,0,ILLUMINA,Illumina MiSeq,SRP435971,PRJNA967360,NA,967360,SRS17545623,SAMN34588628,simple,749906,gut metagenome,NAMS.keto.d0.57,NA,NA,NA,NA,NA,NA,no,NA,NA,NA,NA,UBC,SRA1632765,NA,public,A8CA799DB2A8940AC3177F28C8CB09F0,D0AC56CD922190E5BA28035854B058D3,SRR24437491
SRR24437492,2024-05-31 01:08:08,2023-05-04 17:02:58,63359,38142118,63359,602,20,NA,https://sra-downloadb.be-md.ncbi.nlm.nih.gov/sos6/sra-pub-zq-40/SRR024/24437/SRR24437492/SRR24437492.lite.1,SRX20225001,AGGCAGAACTCTCTAT,AMPLICON,PCR,METAGENOMIC,PAIRED,0,0,ILLUMINA,Illumina MiSeq,SRP435971,PRJNA967360,NA,967360,SRS17545661,SAMN34588751,simple,749906,gut metagenome,T1DM.ctrl.d150.26,NA,NA,NA,NA,NA,NA,no,NA,NA,NA,NA,UBC,SRA1632765,NA,public,EF56836FC2A3AFACF7DB54829D8143C9,38CE129648C9D255A286C4DA0AEA0128,SRR24437492
SRR24437493,2024-05-31 01:08:08,2023-05-04 17:03:19,60290,36294580,60290,602,19,NA,https://sra-downloadb.be-md.ncbi.nlm.nih.gov/sos6/sra-pub-zq-40/SRR024/24437/SRR24437493/SRR24437493.lite.1,SRX20225000,CGTACTAGTCTCTCCG,AMPLICON,PCR,METAGENOMIC,PAIRED,0,0,ILLUMINA,Illumina MiSeq,SRP435971,PRJNA967360,NA,967360,SRS17545660,SAMN34588750,simple,749906,gut metagenome,T1DM.pat.d150.25,NA,NA,NA,NA,NA,NA,no,NA,NA,NA,NA,UBC,SRA1632765,NA,public,11595818B15C2E421E5B51BB45051421,0D03D30DA6806BA8FF9A856114E86F54,SRR24437493
SRR24437494,2024-05-31 01:08:08,2023-05-04 17:03:24,20778,12508356,20778,602,7,NA,https://sra-downloadb.be-md.ncbi.nlm.nih.gov/sos6/sra-pub-zq-40/SRR024/24437/SRR24437494/SRR24437494.lite.1,SRX20224999,CGTACTAGCGTCTAAT,AMPLICON,PCR,METAGENOMIC,PAIRED,0,0,ILLUMINA,Illumina MiSeq,SRP435971,PRJNA967360,NA,967360,SRS17545659,SAMN34588749,simple,749906,gut metagenome,T1DM.ctrl.d150.24,NA,NA,NA,NA,NA,NA,no,NA,NA,NA,NA,UBC,SRA1632765,NA,public,C7B6EF466E2CE74C848ED2D6EEA90AD5,5872B65D2F88EB8E8087D18C0E5B5097,SRR24437494
SRR24437495,2024-05-31 01:08:08,2023-05-04 17:03:19,44188,26601176,44188,602,17,NA,https://sra-downloadb.be-md.ncbi.nlm.nih.gov/sos6/sra-pub-zq-40/SRR024/24437/SRR24437495/SRR24437495.lite.1,SRX20224998,TCCTGAGCAAGGAGTA,AMPLICON,PCR,METAGENOMIC,PAIRED,0,0,ILLUMINA,Illumina MiSeq,SRP435971,PRJNA967360,NA,967360,SRS17545658,SAMN34588623,simple,749906,gut metagenome,NAMS.fasting.d0.69,NA,NA,NA,NA,NA,NA,no,NA,NA,NA,NA,UBC,SRA1632765,NA,public,02AA4CD77792ADF3D3218BF321411FE3,18063F98AB2FCFDCC4ED203A73A48F11,SRR24437495
SRR24437496,2024-05-31 01:08:08,2023-05-04 17:03:21,33377,20092954,33377,602,11,NA,https://sra-downloadb.be-md.ncbi.nlm.nih.gov/sos6/sra-pub-zq-40/SRR024/24437/SRR24437496/SRR24437496.lite.1,SRX20224997,CGTACTAGCTAAGCCT,AMPLICON,PCR,METAGENOMIC,PAIRED,0,0,ILLUMINA,Illumina MiSeq,SRP435971,PRJNA967360,NA,967360,SRS17545657,SAMN34588748,simple,749906,gut metagenome,T1DM.pat.d150.22,NA,NA,NA,NA,NA,NA,no,NA,NA,NA,NA,UBC,SRA1632765,NA,public,669F675479914073E64B9EA7D7C4EE99,3788335AF3A8B1D47A36E716EA00CA54,SRR24437496
SRR24437497,2024-05-31 01:08:08,2023-05-04 17:03:06,49722,29932644,49722,602,16,NA,https://sra-downloadb.be-md.ncbi.nlm.nih.gov/sos6/sra-pub-zq-40/SRR024/24437/SRR24437497/SRR24437497.lite.1,SRX20224996,CGTACTAGAAGGAGTA,AMPLICON,PCR,METAGENOMIC,PAIRED,0,0,ILLUMINA,Illumina MiSeq,SRP435971,PRJNA967360,NA,967360,SRS17545656,SAMN34588747,simple,749906,gut metagenome,T1DM.pat.d150.21,NA,NA,NA,NA,NA,NA,no,NA,NA,NA,NA,UBC,SRA1632765,NA,public,FAFCC30C3BF8BD9200CF413829622105,DC28EBE598B8A0BE74912102C94F92C1,SRR24437497
SRR24437498,2024-05-31 01:08:08,2023-05-04 17:03:10,74549,44878498,74549,602,24,NA,https://sra-downloadb.be-md.ncbi.nlm.nih.gov/sos6/sra-pub-zq-40/SRR024/24437/SRR24437498/SRR24437498.lite.1,SRX20224995,CGTACTAGACTGCATA,AMPLICON,PCR,METAGENOMIC,PAIRED,0,0,ILLUMINA,Illumina MiSeq,SRP435971,PRJNA967360,NA,967360,SRS17545653,SAMN34588746,simple,749906,gut metagenome,T1DM.pat.d150.19,NA,NA,NA,NA,NA,NA,no,NA,NA,NA,NA,UBC,SRA1632765,NA,public,DD4364327D8BF51625CB1AE8764221F0,EC420129C352067ABFCFF09B9B0BB3FB,SRR24437498
SRR24437499,2024-05-31 01:08:08,2023-05-04 17:03:29,63569,38268538,63569,602,20,NA,https://sra-downloadb.be-md.ncbi.nlm.nih.gov/sos6/sra-pub-zq-40/SRR024/24437/SRR24437499/SRR24437499.lite.1,SRX20224994,CGTACTAGGTAAGGAG,AMPLICON,PCR,METAGENOMIC,PAIRED,0,0,ILLUMINA,Illumina MiSeq,SRP435971,PRJNA967360,NA,967360,SRS17545654,SAMN34588745,simple,749906,gut metagenome,T1DM.pat.d150.18,NA,NA,NA,NA,NA,NA,no,NA,NA,NA,NA,UBC,SRA1632765,NA,public,E86CA982C68168D3AA583AE0BFDAE11F,A2D21C787AACB103E1B2F82A477FEA09,SRR24437499
SRR24437500,2024-05-31 01:08:08,2023-05-04 17:03:23,69718,41970236,69718,602,23,NA,https://sra-downloadb.be-md.ncbi.nlm.nih.gov/sos6/sra-pub-zq-40/SRR024/24437/SRR24437500/SRR24437500.lite.1,SRX20224993,CCTAAGACTATCCTCT,AMPLICON,PCR,METAGENOMIC,PAIRED,0,0,ILLUMINA,Illumina MiSeq,SRP435971,PRJNA967360,NA,967360,SRS17545655,SAMN34588708,simple,749906,gut metagenome,T1DM.pat.d8.05,NA,NA,NA,NA,NA,NA,no,NA,NA,NA,NA,UBC,SRA1632765,NA,public,927D7AF4770B8A2574DFE72016C6908C,A95EFB35785749E2DCDCC7A0D670E9EE,SRR24437500
SRR24437501,2024-05-31 01:08:08,2023-05-04 17:03:19,18347,11044894,18347,602,6,NA,https://sra-downloadb.be-md.ncbi.nlm.nih.gov/sos6/sra-pub-zq-40/SRR024/24437/SRR24437501/SRR24437501.lite.1,SRX20224991,ACTGAGCGTCTCTCCG,AMPLICON,PCR,METAGENOMIC,PAIRED,0,0,ILLUMINA,Illumina MiSeq,SRP435971,PRJNA967360,NA,967360,SRS17545651,SAMN34588706,simple,749906,gut metagenome,T1DM.pat.d8.03,NA,NA,NA,NA,NA,NA,no,NA,NA,NA,NA,UBC,SRA1632765,NA,public,336D16C85A8DAEE24DABA65795AC0828,BADB8E9597811AEEA4D899461F0276D0,SRR24437501
SRR24437502,2024-05-31 01:08:08,2023-05-04 17:03:27,78268,47117336,78268,602,25,NA,https://sra-downloadb.be-md.ncbi.nlm.nih.gov/sos6/sra-pub-zq-40/SRR024/24437/SRR24437502/SRR24437502.lite.1,SRX20224990,ACTGAGCGCGTCTAAT,AMPLICON,PCR,METAGENOMIC,PAIRED,0,0,ILLUMINA,Illumina MiSeq,SRP435971,PRJNA967360,NA,967360,SRS17545648,SAMN34588705,simple,749906,gut metagenome,T1DM.ctrl.d8.02,NA,NA,NA,NA,NA,NA,no,NA,NA,NA,NA,UBC,SRA1632765,NA,public,34B58ED40DA1173453C7825624BCDE4B,A301B6762C49E659E211CACB1F5A1BE7,SRR24437502
SRR24437503,2024-05-31 01:08:08,2023-05-04 17:03:09,9388,5651576,9388,602,3,NA,https://sra-downloadb.be-md.ncbi.nlm.nih.gov/sos6/sra-pub-zq-40/SRR024/24437/SRR24437503/SRR24437503.lite.1,SRX20224992,CCTAAGACCTCTCTAT,AMPLICON,PCR,METAGENOMIC,PAIRED,0,0,ILLUMINA,Illumina MiSeq,SRP435971,PRJNA967360,NA,967360,SRS17545652,SAMN34588707,simple,749906,gut metagenome,T1DM.pat.d8.04,NA,NA,NA,NA,NA,NA,no,NA,NA,NA,NA,UBC,SRA1632765,NA,public,4694A24014AC621FC5F48037FC5F0FED,6987B4BD55B4CC3DC1B1282FAE28D509,SRR24437503
SRR24437504,2024-05-31 01:08:07,2023-05-04 17:03:29,63135,38007270,63135,602,20,NA,https://sra-downloadb.be-md.ncbi.nlm.nih.gov/sos6/sra-pub-zq-40/SRR024/24437/SRR24437504/SRR24437504.lite.1,SRX20224948,ACTGAGCGCTAAGCCT,AMPLICON,PCR,METAGENOMIC,PAIRED,0,0,ILLUMINA,Illumina MiSeq,SRP435971,PRJNA967360,NA,967360,SRS17545609,SAMN34588704,simple,749906,gut metagenome,T1DM.ctrl.d8.01,NA,NA,NA,NA,NA,NA,no,NA,NA,NA,NA,UBC,SRA1632765,NA,public,8CDC0A8740A449453E4D423F565BD6E0,791A373D9BC8D3A0FEE70AFD315E6F49,SRR24437504
SRR24437505,2024-05-31 01:08:08,2023-05-04 17:03:29,70684,42551768,70684,602,23,NA,https://sra-downloadb.be-md.ncbi.nlm.nih.gov/sos6/sra-pub-zq-40/SRR024/24437/SRR24437505/SRR24437505.lite.1,SRX20224988,CGAGGCTGACTGCATA,AMPLICON,PCR,METAGENOMIC,PAIRED,0,0,ILLUMINA,Illumina MiSeq,SRP435971,PRJNA967360,NA,967360,SRS17545650,SAMN34588675,simple,749906,gut metagenome,NAMS.fasting.d187.67,NA,NA,NA,NA,NA,NA,no,NA,NA,NA,NA,UBC,SRA1632765,NA,public,EAF5C1C2B1177007877E9FF28EDFE894,D2A7392FC64BFFD7185A63D29B4E90A1,SRR24437505
SRR24437506,2024-05-31 01:08:08,2023-05-04 17:03:00,12274,7388948,12274,602,4,NA,https://sra-downloadb.be-md.ncbi.nlm.nih.gov/sos6/sra-pub-zq-40/SRR024/24437/SRR24437506/SRR24437506.lite.1,SRX20224987,CGAGGCTGTATCCTCT,AMPLICON,PCR,METAGENOMIC,PAIRED,0,0,ILLUMINA,Illumina MiSeq,SRP435971,PRJNA967360,NA,967360,SRS17545647,SAMN34588673,simple,749906,gut metagenome,NAMS.fasting.d187.59,NA,NA,NA,NA,NA,NA,no,NA,NA,NA,NA,UBC,SRA1632765,NA,public,D17D48D551EDCD9C06AB88610803C24D,4BEEE12CC30A5F43656BA11271A9DDAF,SRR24437506
SRR24437507,2024-05-31 01:08:08,2023-05-04 17:03:17,78433,47216666,78433,602,26,NA,https://sra-downloadb.be-md.ncbi.nlm.nih.gov/sos6/sra-pub-zq-40/SRR024/24437/SRR24437507/SRR24437507.lite.1,SRX20224986,CGAGGCTGGTAAGGAG,AMPLICON,PCR,METAGENOMIC,PAIRED,0,0,ILLUMINA,Illumina MiSeq,SRP435971,PRJNA967360,NA,967360,SRS17545646,SAMN34588674,simple,749906,gut metagenome,NAMS.fasting.d187.65,NA,NA,NA,NA,NA,NA,no,NA,NA,NA,NA,UBC,SRA1632765,NA,public,52E1E5F23039FADF2D7E45479A3A589A,C194260E9B1BD8B5777438C4B3FC7659,SRR24437507
SRR24437508,2024-05-31 01:08:08,2023-05-04 17:03:29,65871,39654342,65871,602,22,NA,https://sra-downloadb.be-md.ncbi.nlm.nih.gov/sos6/sra-pub-zq-40/SRR024/24437/SRR24437508/SRR24437508.lite.1,SRX20224989,CGAGGCTGAAGGAGTA,AMPLICON,PCR,METAGENOMIC,PAIRED,0,0,ILLUMINA,Illumina MiSeq,SRP435971,PRJNA967360,NA,967360,SRS17545649,SAMN34588676,simple,749906,gut metagenome,NAMS.fasting.d187.69,NA,NA,NA,NA,NA,NA,no,NA,NA,NA,NA,UBC,SRA1632765,NA,public,8691FC41E4FF118C967DC8686C56A926,0C906528A45F214E10CB9693257CEC15,SRR24437508
SRR24437509,2024-05-31 01:08:08,2023-05-04 17:03:22,80196,48277992,80196,602,26,NA,https://sra-downloadb.be-md.ncbi.nlm.nih.gov/sos6/sra-pub-zq-40/SRR024/24437/SRR24437509/SRR24437509.lite.1,SRX20225021,CGAGGCTGCGTCTAAT,AMPLICON,PCR,METAGENOMIC,PAIRED,0,0,ILLUMINA,Illumina MiSeq,SRP435971,PRJNA967360,NA,967360,SRS17545682,SAMN34588678,simple,749906,gut metagenome,NAMS.fasting.d187.76,NA,NA,NA,NA,NA,NA,no,NA,NA,NA,NA,UBC,SRA1632765,NA,public,3669EC5EAE7205C6A688A6CCA3B46707,24E285B1A1C032D082AA7F34FD8FAEE1,SRR24437509
SRR24437510,2024-05-31 01:08:08,2023-05-04 17:03:21,23728,14284256,23728,602,7,NA,https://sra-downloadb.be-md.ncbi.nlm.nih.gov/sos6/sra-pub-zq-40/SRR024/24437/SRR24437510/SRR24437510.lite.1,SRX20224985,CGAGGCTGCTCTCTAT,AMPLICON,PCR,METAGENOMIC,PAIRED,0,0,ILLUMINA,Illumina MiSeq,SRP435971,PRJNA967360,NA,967360,SRS17545645,SAMN34588672,simple,749906,gut metagenome,NAMS.fasting.d187.58,NA,NA,NA,NA,NA,NA,no,NA,NA,NA,NA,UBC,SRA1632765,NA,public,A78AE8D0FA99957EE01BB3FC788DAC7B,F3094E88455F08DEC0808776C9ABDBB4,SRR24437510
SRR24437511,2024-05-31 01:08:08,2023-05-04 17:03:30,91926,55339452,91926,602,29,NA,https://sra-downloadb.be-md.ncbi.nlm.nih.gov/sos6/sra-pub-zq-40/SRR024/24437/SRR24437511/SRR24437511.lite.1,SRX20224983,CTCTCTACCGTCTAAT,AMPLICON,PCR,METAGENOMIC,PAIRED,0,0,ILLUMINA,Illumina MiSeq,SRP435971,PRJNA967360,NA,967360,SRS17545643,SAMN34588670,simple,749906,gut metagenome,NAMS.fasting.d187.52,NA,NA,NA,NA,NA,NA,no,NA,NA,NA,NA,UBC,SRA1632765,NA,public,D182514C0B3B707C5A7DE5859EC6DBD7,3A3D9A236E26E96282C54C856E03926B,SRR24437511
SRR24437512,2024-05-31 01:08:08,2023-05-04 17:03:25,57073,34357946,57073,602,18,NA,https://sra-downloadb.be-md.ncbi.nlm.nih.gov/sos6/sra-pub-zq-40/SRR024/24437/SRR24437512/SRR24437512.lite.1,SRX20224981,GCTCATGATCTCTCCG,AMPLICON,PCR,METAGENOMIC,PAIRED,0,0,ILLUMINA,Illumina MiSeq,SRP435971,PRJNA967360,NA,967360,SRS17545641,SAMN34588615,simple,749906,gut metagenome,NAMS.ctrl.dfg.d0.74,NA,NA,NA,NA,NA,NA,no,NA,NA,NA,NA,UBC,SRA1632765,NA,public,2808E83BD2271D6439B5B999A184AE4E,90C1EC9CFF757DC677CDA685BD24E153,SRR24437512
SRR24437513,2024-05-31 01:08:08,2023-05-04 17:03:34,75932,45711064,75932,602,24,NA,https://sra-downloadb.be-md.ncbi.nlm.nih.gov/sos6/sra-pub-zq-40/SRR024/24437/SRR24437513/SRR24437513.lite.1,SRX20224979,GTAGAGGACGTCTAAT,AMPLICON,PCR,METAGENOMIC,PAIRED,0,0,ILLUMINA,Illumina MiSeq,SRP435971,PRJNA967360,NA,967360,SRS17545639,SAMN34588667,simple,749906,gut metagenome,NAMS.keto.d180.71,NA,NA,NA,NA,NA,NA,no,NA,NA,NA,NA,UBC,SRA1632765,NA,public,5A5E7292F8DE9B7DA0885148EC9BA93D,DEDE72E462790C57C765BEE7E961F547,SRR24437513
SRR24437514,2024-05-31 01:08:07,2023-05-04 17:03:34,99784,60069968,99784,602,32,NA,https://sra-downloadb.be-md.ncbi.nlm.nih.gov/sos6/sra-pub-zq-40/SRR024/24437/SRR24437514/SRR24437514.lite.1,SRX20224978,GTAGAGGACTAAGCCT,AMPLICON,PCR,METAGENOMIC,PAIRED,0,0,ILLUMINA,Illumina MiSeq,SRP435971,PRJNA967360,NA,967360,SRS17545638,SAMN34588666,simple,749906,gut metagenome,NAMS.keto.d180.68,NA,NA,NA,NA,NA,NA,no,NA,NA,NA,NA,UBC,SRA1632765,NA,public,2F70C6DB52D333A68A1AF3599CF421B2,9B05EE935200828A5F44AFD02E5CBC06,SRR24437514
SRR24437515,2024-05-31 01:08:08,2023-05-04 17:03:10,52346,31512292,52346,602,17,NA,https://sra-downloadb.be-md.ncbi.nlm.nih.gov/sos6/sra-pub-zq-40/SRR024/24437/SRR24437515/SRR24437515.lite.1,SRX20224980,GCTCATGACTCTCTAT,AMPLICON,PCR,METAGENOMIC,PAIRED,0,0,ILLUMINA,Illumina MiSeq,SRP435971,PRJNA967360,NA,967360,SRS17545640,SAMN34588668,simple,749906,gut metagenome,NAMS.keto.d180.73,NA,NA,NA,NA,NA,NA,no,NA,NA,NA,NA,UBC,SRA1632765,NA,public,DF6E6E393C169C3C4E194A841092755F,DDB52B15DC1C9E1853C5AC42BFD629DB,SRR24437515
SRR24437516,2024-05-31 01:08:08,2023-05-04 17:03:12,87813,52863426,87813,602,28,NA,https://sra-downloadb.be-md.ncbi.nlm.nih.gov/sos6/sra-pub-zq-40/SRR024/24437/SRR24437516/SRR24437516.lite.1,SRX20224982,CTCTCTACCTAAGCCT,AMPLICON,PCR,METAGENOMIC,PAIRED,0,0,ILLUMINA,Illumina MiSeq,SRP435971,PRJNA967360,NA,967360,SRS17545642,SAMN34588669,simple,749906,gut metagenome,NAMS.fasting.d187.49,NA,NA,NA,NA,NA,NA,no,NA,NA,NA,NA,UBC,SRA1632765,NA,public,34F5F13988CDD699667EE3C0FF7D18C7,06FEFA4E66D82C90F3AC979E785BED42,SRR24437516
SRR24437517,2024-05-31 01:08:08,2023-05-04 17:03:08,47451,28565502,47451,602,15,NA,https://sra-downloadb.be-md.ncbi.nlm.nih.gov/sos6/sra-pub-zq-40/SRR024/24437/SRR24437517/SRR24437517.lite.1,SRX20224984,CTCTCTACTCTCTCCG,AMPLICON,PCR,METAGENOMIC,PAIRED,0,0,ILLUMINA,Illumina MiSeq,SRP435971,PRJNA967360,NA,967360,SRS17545644,SAMN34588671,simple,749906,gut metagenome,NAMS.fasting.d187.54,NA,NA,NA,NA,NA,NA,no,NA,NA,NA,NA,UBC,SRA1632765,NA,public,41A6F7C36320CC9C9C876EF7DCF1B4D8,E2BFEAEEADC17B5F61E9F86EEC0699A5,SRR24437517
SRR24437518,2024-05-31 01:08:07,2023-05-04 17:03:26,23846,14355292,23846,602,7,NA,https://sra-downloadb.be-md.ncbi.nlm.nih.gov/sos6/sra-pub-zq-40/SRR024/24437/SRR24437518/SRR24437518.lite.1,SRX20224977,GTAGAGGAAAGGAGTA,AMPLICON,PCR,METAGENOMIC,PAIRED,0,0,ILLUMINA,Illumina MiSeq,SRP435971,PRJNA967360,NA,967360,SRS17545635,SAMN34588665,simple,749906,gut metagenome,NAMS.keto.d180.64,NA,NA,NA,NA,NA,NA,no,NA,NA,NA,NA,UBC,SRA1632765,NA,public,4D10779AE49CB69564DAE5F5EF55C1A9,E1F2BD303AE4B3EBCE3DBA1E0E3EC0A4,SRR24437518
SRR24437519,2024-05-31 01:08:07,2023-05-04 17:03:27,97496,58692592,97496,602,32,NA,https://sra-downloadb.be-md.ncbi.nlm.nih.gov/sos6/sra-pub-zq-40/SRR024/24437/SRR24437519/SRR24437519.lite.1,SRX20224976,GTAGAGGAACTGCATA,AMPLICON,PCR,METAGENOMIC,PAIRED,0,0,ILLUMINA,Illumina MiSeq,SRP435971,PRJNA967360,NA,967360,SRS17545634,SAMN34588664,simple,749906,gut metagenome,NAMS.keto.d180.61,NA,NA,NA,NA,NA,NA,no,NA,NA,NA,NA,UBC,SRA1632765,NA,public,5C5FC5456C69438012CE28CF82BE6AF9,94FCD9C3DF0A12F1F4201B98FF1EED98,SRR24437519
SRR24437520,2024-05-31 01:08:07,2023-05-04 17:03:29,82371,49587342,82371,602,27,NA,https://sra-downloadb.be-md.ncbi.nlm.nih.gov/sos6/sra-pub-zq-40/SRR024/24437/SRR24437520/SRR24437520.lite.1,SRX20224974,GGACTCCTAAGGAGTA,AMPLICON,PCR,METAGENOMIC,PAIRED,0,0,ILLUMINA,Illumina MiSeq,SRP435971,PRJNA967360,NA,967360,SRS17545636,SAMN34588638,simple,749906,gut metagenome,NAMS.fasting.d7.59,NA,NA,NA,NA,NA,NA,no,NA,NA,NA,NA,UBC,SRA1632765,NA,public,D869A751A0D8D3CF339EF55A94611E7D,8BB9C43BC5D0D2496A951BE9BB22AC8F,SRR24437520
SRR24437521,2024-05-31 01:08:07,2023-05-04 17:03:20,31200,18782400,31200,602,10,NA,https://sra-downloadb.be-md.ncbi.nlm.nih.gov/sos6/sra-pub-zq-40/SRR024/24437/SRR24437521/SRR24437521.lite.1,SRX20224972,GGACTCCTTATCCTCT,AMPLICON,PCR,METAGENOMIC,PAIRED,0,0,ILLUMINA,Illumina MiSeq,SRP435971,PRJNA967360,NA,967360,SRS17545632,SAMN34588636,simple,749906,gut metagenome,NAMS.fasting.d7.54,NA,NA,NA,NA,NA,NA,no,NA,NA,NA,NA,UBC,SRA1632765,NA,public,CE7DFA0BFF15E140CB28F180384DB1A5,D009C58CCCB0D75405F04779C49117F5,SRR24437521
SRR24437522,2024-05-31 01:08:07,2023-05-04 17:03:21,19907,11984014,19907,602,6,NA,https://sra-downloadb.be-md.ncbi.nlm.nih.gov/sos6/sra-pub-zq-40/SRR024/24437/SRR24437522/SRR24437522.lite.1,SRX20224970,TCCTGAGCTCTCTCCG,AMPLICON,PCR,METAGENOMIC,PAIRED,0,0,ILLUMINA,Illumina MiSeq,SRP435971,PRJNA967360,NA,967360,SRS17545630,SAMN34588634,simple,749906,gut metagenome,NAMS.fasting.d7.49,NA,NA,NA,NA,NA,NA,no,NA,NA,NA,NA,UBC,SRA1632765,NA,public,B165EAD82AE750C7B3358F04E2DD0D1B,0540F0E4E89650797D35A1549D3AD2CF,SRR24437522
SRR24437523,2024-05-31 01:08:07,2023-05-04 17:03:12,86042,51797284,86042,602,27,NA,https://sra-downloadb.be-md.ncbi.nlm.nih.gov/sos6/sra-pub-zq-40/SRR024/24437/SRR24437523/SRR24437523.lite.1,SRX20224969,AAGAGGCACGTCTAAT,AMPLICON,PCR,METAGENOMIC,PAIRED,0,0,ILLUMINA,Illumina MiSeq,SRP435971,PRJNA967360,NA,967360,SRS17545629,SAMN34588632,simple,749906,gut metagenome,NAMS.keto.d0.71,NA,NA,NA,NA,NA,NA,no,NA,NA,NA,NA,UBC,SRA1632765,NA,public,408C3F4C8BF607259532F0972DBCC42D,69D753319B2D40D53EEFEDC2B2C38827,SRR24437523
SRR24437524,2024-05-31 01:08:07,2023-05-04 17:03:31,70890,42675780,70890,602,23,NA,https://sra-downloadb.be-md.ncbi.nlm.nih.gov/sos6/sra-pub-zq-40/SRR024/24437/SRR24437524/SRR24437524.lite.1,SRX20224968,AAGAGGCATCTCTCCG,AMPLICON,PCR,METAGENOMIC,PAIRED,0,0,ILLUMINA,Illumina MiSeq,SRP435971,PRJNA967360,NA,967360,SRS17545628,SAMN34588633,simple,749906,gut metagenome,NAMS.keto.d0.73,NA,NA,NA,NA,NA,NA,no,NA,NA,NA,NA,UBC,SRA1632765,NA,public,DDAE9F18BED654088B7693CA6B0DB49B,B51A5D3144E500AD369403E2CE71DF4B,SRR24437524
SRR24437525,2024-05-31 01:08:07,2023-05-04 17:03:20,48142,28981484,48142,602,15,NA,https://sra-downloadb.be-md.ncbi.nlm.nih.gov/sos6/sra-pub-zq-40/SRR024/24437/SRR24437525/SRR24437525.lite.1,SRX20224971,GGACTCCTCTCTCTAT,AMPLICON,PCR,METAGENOMIC,PAIRED,0,0,ILLUMINA,Illumina MiSeq,SRP435971,PRJNA967360,NA,967360,SRS17545631,SAMN34588635,simple,749906,gut metagenome,NAMS.fasting.d7.52,NA,NA,NA,NA,NA,NA,no,NA,NA,NA,NA,UBC,SRA1632765,NA,public,40ABE9D256863E07387AF3B38389BE53,E0A6EEE281C333551D322649E0D33F4D,SRR24437525
SRR24437526,2024-05-31 01:08:07,2023-05-04 17:03:12,88755,53430510,88755,602,29,NA,https://sra-downloadb.be-md.ncbi.nlm.nih.gov/sos6/sra-pub-zq-40/SRR024/24437/SRR24437526/SRR24437526.lite.1,SRX20224973,GGACTCCTGTAAGGAG,AMPLICON,PCR,METAGENOMIC,PAIRED,0,0,ILLUMINA,Illumina MiSeq,SRP435971,PRJNA967360,NA,967360,SRS17545633,SAMN34588637,simple,749906,gut metagenome,NAMS.fasting.d7.58,NA,NA,NA,NA,NA,NA,no,NA,NA,NA,NA,UBC,SRA1632765,NA,public,AD50005B19E9A6B3468C1B1EE6843115,041B01BFD61A87F1EC7928BCAE2E96B9,SRR24437526
SRR24437527,2024-05-31 01:08:07,2023-05-04 17:03:35,75115,45219230,75115,602,24,NA,https://sra-downloadb.be-md.ncbi.nlm.nih.gov/sos6/sra-pub-zq-40/SRR024/24437/SRR24437527/SRR24437527.lite.1,SRX20224975,GCTCATGAAAGGAGTA,AMPLICON,PCR,METAGENOMIC,PAIRED,0,0,ILLUMINA,Illumina MiSeq,SRP435971,PRJNA967360,NA,967360,SRS17545637,SAMN34588612,simple,749906,gut metagenome,NAMS.ctrl.dfg.d0.60,NA,NA,NA,NA,NA,NA,no,NA,NA,NA,NA,UBC,SRA1632765,NA,public,9A74D8F13E67DD76035A22BA31169D3C,B1D7167C7E3E8E9FA0E41DDDED662205,SRR24437527
SRR24437528,2024-05-31 01:08:07,2023-05-04 17:03:33,88435,53237870,88435,602,29,NA,https://sra-downloadb.be-md.ncbi.nlm.nih.gov/sos6/sra-pub-zq-40/SRR024/24437/SRR24437528/SRR24437528.lite.1,SRX20224967,AAGAGGCACTAAGCCT,AMPLICON,PCR,METAGENOMIC,PAIRED,0,0,ILLUMINA,Illumina MiSeq,SRP435971,PRJNA967360,NA,967360,SRS17545625,SAMN34588631,simple,749906,gut metagenome,NAMS.keto.d0.68,NA,NA,NA,NA,NA,NA,no,NA,NA,NA,NA,UBC,SRA1632765,NA,public,DF130A79821EC8FB897E414F45630F40,4986524B1261F2B3F8C4839D208EF804,SRR24437528
SRR24437529,2024-05-31 01:08:07,2023-05-04 17:03:21,68895,41474790,68895,602,22,NA,https://sra-downloadb.be-md.ncbi.nlm.nih.gov/sos6/sra-pub-zq-40/SRR024/24437/SRR24437529/SRR24437529.lite.1,SRX20224966,AAGAGGCAAAGGAGTA,AMPLICON,PCR,METAGENOMIC,PAIRED,0,0,ILLUMINA,Illumina MiSeq,SRP435971,PRJNA967360,NA,967360,SRS17545626,SAMN34588630,simple,749906,gut metagenome,NAMS.keto.d0.64,NA,NA,NA,NA,NA,NA,no,NA,NA,NA,NA,UBC,SRA1632765,NA,public,5431A1A9712BF757841BDAEE9929F285,B25E9EF68B0F730E51579C11FEFF53F6,SRR24437529
SRR24437530,2024-05-31 01:08:07,2023-05-04 17:03:29,50059,30135518,50059,602,17,NA,https://sra-downloadb.be-md.ncbi.nlm.nih.gov/sos6/sra-pub-zq-40/SRR024/24437/SRR24437530/SRR24437530.lite.1,SRX20224965,AAGAGGCAACTGCATA,AMPLICON,PCR,METAGENOMIC,PAIRED,0,0,ILLUMINA,Illumina MiSeq,SRP435971,PRJNA967360,NA,967360,SRS17545627,SAMN34588629,simple,749906,gut metagenome,NAMS.keto.d0.61,NA,NA,NA,NA,NA,NA,no,NA,NA,NA,NA,UBC,SRA1632765,NA,public,84A6B8F73CC3936061B250F3CFE0CB12,ADAD285BEB40B7E7137C5221474B0C92,SRR24437530
SRR24437531,2024-05-31 01:08:07,2023-05-04 17:03:25,71463,43020726,71463,602,23,NA,https://sra-downloadb.be-md.ncbi.nlm.nih.gov/sos6/sra-pub-zq-40/SRR024/24437/SRR24437531/SRR24437531.lite.1,SRX20224964,GCTCATGAACTGCATA,AMPLICON,PCR,METAGENOMIC,PAIRED,0,0,ILLUMINA,Illumina MiSeq,SRP435971,PRJNA967360,NA,967360,SRS17545624,SAMN34588611,simple,749906,gut metagenome,NAMS.ctrl.dfg.d0.56,NA,NA,NA,NA,NA,NA,no,NA,NA,NA,NA,UBC,SRA1632765,NA,public,77D8678913F5993EAFCAD3230190468B,75BD20FDC5BA2AE39C00F89B450A5A1F,SRR24437531
SRR24437532,2024-05-31 01:08:07,2023-05-04 17:03:41,82685,49776370,82685,602,27,NA,https://sra-downloadb.be-md.ncbi.nlm.nih.gov/sos6/sra-pub-zq-40/SRR024/24437/SRR24437532/SRR24437532.lite.1,SRX20224962,AAGAGGCACTCTCTAT,AMPLICON,PCR,METAGENOMIC,PAIRED,0,0,ILLUMINA,Illumina MiSeq,SRP435971,PRJNA967360,NA,967360,SRS17545620,SAMN34588627,simple,749906,gut metagenome,NAMS.keto.d0.50,NA,NA,NA,NA,NA,NA,no,NA,NA,NA,NA,UBC,SRA1632765,NA,public,8ED0F7E3B1C9138EC16B62666E2B1E14,ACDBA7F22237A15743C655B8D8C913BB,SRR24437532
SRR24437533,2024-05-31 01:08:07,2023-05-04 17:03:32,85064,51208528,85064,602,26,NA,https://sra-downloadb.be-md.ncbi.nlm.nih.gov/sos6/sra-pub-zq-40/SRR024/24437/SRR24437533/SRR24437533.lite.1,SRX20224961,TCGACGTCCTCTCTAT,AMPLICON,PCR,METAGENOMIC,PAIRED,0,0,ILLUMINA,Illumina MiSeq,SRP435971,PRJNA967360,NA,967360,SRS17545622,SAMN34588729,simple,749906,gut metagenome,T1DM.ctrl.d150.01,NA,NA,NA,NA,NA,NA,no,NA,NA,NA,NA,UBC,SRA1632765,NA,public,803FB2426C2AD6C44F668009DD4B45AE,D6A0F701483CEAB08ACE5D9572122AED,SRR24437533
SRR24437534,2024-05-31 01:08:07,2023-05-04 17:03:13,80737,48603674,80737,602,26,NA,https://sra-downloadb.be-md.ncbi.nlm.nih.gov/sos6/sra-pub-zq-40/SRR024/24437/SRR24437534/SRR24437534.lite.1,SRX20224960,TCGACGTCTATCCTCT,AMPLICON,PCR,METAGENOMIC,PAIRED,0,0,ILLUMINA,Illumina MiSeq,SRP435971,PRJNA967360,NA,967360,SRS17545621,SAMN34588730,simple,749906,gut metagenome,T1DM.ctrl.d150.02,NA,NA,NA,NA,NA,NA,no,NA,NA,NA,NA,UBC,SRA1632765,NA,public,7D991D4DF1B7F76A9EEF93A7A4DAEA52,18F6FF3D63ED03B7AB132A97D9BC7DB3,SRR24437534
SRR24437535,2024-05-31 01:08:05,2023-05-04 17:03:33,102904,61948208,102904,602,33,NA,https://sra-downloadb.be-md.ncbi.nlm.nih.gov/sos6/sra-pub-zq-40/SRR024/24437/SRR24437535/SRR24437535.lite.1,SRX20224906,TCGACGTCACTGCATA,AMPLICON,PCR,METAGENOMIC,PAIRED,0,0,ILLUMINA,Illumina MiSeq,SRP435971,PRJNA967360,NA,967360,SRS17545567,SAMN34588732,simple,749906,gut metagenome,T1DM.pat.d150.04,NA,NA,NA,NA,NA,NA,no,NA,NA,NA,NA,UBC,SRA1632765,NA,public,6994F1F632F5A93CD703327C5C1BC0B6,5411DC4E530D036C987381D4EC5739E9,SRR24437535
SRR24437536,2024-05-31 01:08:05,2023-05-04 17:03:04,18711,11264022,18711,602,6,NA,https://sra-downloadb.be-md.ncbi.nlm.nih.gov/sos6/sra-pub-zq-40/SRR024/24437/SRR24437536/SRR24437536.lite.1,SRX20224908,TCGACGTCCGTCTAAT,AMPLICON,PCR,METAGENOMIC,PAIRED,0,0,ILLUMINA,Illumina MiSeq,SRP435971,PRJNA967360,NA,967360,SRS17545570,SAMN34588734,simple,749906,gut metagenome,T1DM.pat.d150.06,NA,NA,NA,NA,NA,NA,no,NA,NA,NA,NA,UBC,SRA1632765,NA,public,9411A8FFBEA99DCB8B3297F0F2CCAD09,2C296169D0A600E9E7FD30BE78B907C7,SRR24437536
SRR24437537,2024-05-31 01:08:05,2023-05-04 17:03:27,92879,55913158,92879,602,30,NA,https://sra-downloadb.be-md.ncbi.nlm.nih.gov/sos6/sra-pub-zq-40/SRR024/24437/SRR24437537/SRR24437537.lite.1,SRX20224910,TAAGGCGACTCTCTAT,AMPLICON,PCR,METAGENOMIC,PAIRED,0,0,ILLUMINA,Illumina MiSeq,SRP435971,PRJNA967360,NA,967360,SRS17545569,SAMN34588736,simple,749906,gut metagenome,T1DM.pat.d150.08,NA,NA,NA,NA,NA,NA,no,NA,NA,NA,NA,UBC,SRA1632765,NA,public,8CE0A2F620D4B1522DB84B30253E6B5F,F210FEE5CEC14C82A2D4F7827B204039,SRR24437537
SRR24437538,2024-05-31 01:08:07,2023-05-04 17:02:59,135,81270,135,602,0,NA,https://sra-downloadb.be-md.ncbi.nlm.nih.gov/sos6/sra-pub-zq-40/SRR024/24437/SRR24437538/SRR24437538.lite.1,SRX20224959,TCCTGAGCGTAAGGAG,AMPLICON,PCR,METAGENOMIC,PAIRED,0,0,ILLUMINA,Illumina MiSeq,SRP435971,PRJNA967360,NA,967360,SRS17545619,SAMN34588621,simple,749906,gut metagenome,NAMS.fasting.d0.65,NA,NA,NA,NA,NA,NA,no,NA,NA,NA,NA,UBC,SRA1632765,NA,public,7598ED135AC21E1D5CBFD7A7CAF8B8BB,3442E537ED17ACF87B21F5CBE60F501C,SRR24437538
SRR24437539,2024-05-31 01:08:07,2023-05-04 17:03:01,654,393708,654,602,0,NA,https://sra-downloadb.be-md.ncbi.nlm.nih.gov/sos6/sra-pub-zq-40/SRR024/24437/SRR24437539/SRR24437539.lite.1,SRX20224958,TGCAGCTATCTCTCCG,AMPLICON,PCR,METAGENOMIC,PAIRED,0,0,ILLUMINA,Illumina MiSeq,SRP435971,PRJNA967360,NA,967360,SRS17545617,SAMN34588728,simple,749906,gut metagenome,T1DM.ctrl.d8.29,NA,NA,NA,NA,NA,NA,no,NA,NA,NA,NA,UBC,SRA1632765,NA,public,2AFAC117875CB9DF2167D64B45343169,3086F4BC02BB72139CBA32ABC96C2FEC,SRR24437539
SRR24437540,2024-05-31 01:08:07,2023-05-04 17:03:30,71384,42973168,71384,602,22,NA,https://sra-downloadb.be-md.ncbi.nlm.nih.gov/sos6/sra-pub-zq-40/SRR024/24437/SRR24437540/SRR24437540.lite.1,SRX20224957,TGCAGCTACGTCTAAT,AMPLICON,PCR,METAGENOMIC,PAIRED,0,0,ILLUMINA,Illumina MiSeq,SRP435971,PRJNA967360,NA,967360,SRS17545618,SAMN34588727,simple,749906,gut metagenome,T1DM.ctrl.d8.27,NA,NA,NA,NA,NA,NA,no,NA,NA,NA,NA,UBC,SRA1632765,NA,public,87F27DE36A495FD528AE843AD11568FD,26B4EA0E8EF49425D6B7ED96CBF82625,SRR24437540
SRR24437541,2024-05-31 01:08:07,2023-05-04 17:03:33,80688,48574176,80688,602,27,NA,https://sra-downloadb.be-md.ncbi.nlm.nih.gov/sos6/sra-pub-zq-40/SRR024/24437/SRR24437541/SRR24437541.lite.1,SRX20224956,TGCAGCTACTAAGCCT,AMPLICON,PCR,METAGENOMIC,PAIRED,0,0,ILLUMINA,Illumina MiSeq,SRP435971,PRJNA967360,NA,967360,SRS17545616,SAMN34588726,simple,749906,gut metagenome,T1DM.ctrl.d8.26,NA,NA,NA,NA,NA,NA,no,NA,NA,NA,NA,UBC,SRA1632765,NA,public,DF33B21732A8CC02A1D8F85A208EEC0F,2F6712EE84D5D765503BA132B2167836,SRR24437541
SRR24437542,2024-05-31 01:08:07,2023-05-04 17:03:29,68181,41044962,68181,602,22,NA,https://sra-downloadb.be-md.ncbi.nlm.nih.gov/sos6/sra-pub-zq-40/SRR024/24437/SRR24437542/SRR24437542.lite.1,SRX20224955,TGCAGCTAAAGGAGTA,AMPLICON,PCR,METAGENOMIC,PAIRED,0,0,ILLUMINA,Illumina MiSeq,SRP435971,PRJNA967360,NA,967360,SRS17545614,SAMN34588725,simple,749906,gut metagenome,T1DM.pat.d8.25,NA,NA,NA,NA,NA,NA,no,NA,NA,NA,NA,UBC,SRA1632765,NA,public,A3C949D85C5AEA781EEC4955331543DD,0F5E0510A180B18A219AC83E749D8AF3,SRR24437542
SRR24437543,2024-05-31 01:08:07,2023-05-04 17:03:00,2014,1212428,2014,602,0,NA,https://sra-downloadb.be-md.ncbi.nlm.nih.gov/sos6/sra-pub-zq-40/SRR024/24437/SRR24437543/SRR24437543.lite.1,SRX20224954,TGCAGCTAACTGCATA,AMPLICON,PCR,METAGENOMIC,PAIRED,0,0,ILLUMINA,Illumina MiSeq,SRP435971,PRJNA967360,NA,967360,SRS17545615,SAMN34588724,simple,749906,gut metagenome,T1DM.ctrl.d8.24,NA,NA,NA,NA,NA,NA,no,NA,NA,NA,NA,UBC,SRA1632765,NA,public,274B6ACAB86D4D46509F95C4E6BA0858,D46D89355EC30645BA376B785A93F53E,SRR24437543
SRR24437544,2024-05-31 01:08:07,2023-05-04 17:03:42,85668,51572136,85668,602,27,NA,https://sra-downloadb.be-md.ncbi.nlm.nih.gov/sos6/sra-pub-zq-40/SRR024/24437/SRR24437544/SRR24437544.lite.1,SRX20224953,TGCAGCTAGTAAGGAG,AMPLICON,PCR,METAGENOMIC,PAIRED,0,0,ILLUMINA,Illumina MiSeq,SRP435971,PRJNA967360,NA,967360,SRS17545613,SAMN34588723,simple,749906,gut metagenome,T1DM.pat.d8.22,NA,NA,NA,NA,NA,NA,no,NA,NA,NA,NA,UBC,SRA1632765,NA,public,D1124AE1053C915BA91F0DDC37965A44,3AD3826A2245134B8ECA0869F6D900E0,SRR24437544
SRR24437545,2024-05-31 01:08:07,2023-05-04 17:03:11,16300,9812600,16300,602,5,NA,https://sra-downloadb.be-md.ncbi.nlm.nih.gov/sos6/sra-pub-zq-40/SRR024/24437/SRR24437545/SRR24437545.lite.1,SRX20224951,TGCAGCTACTCTCTAT,AMPLICON,PCR,METAGENOMIC,PAIRED,0,0,ILLUMINA,Illumina MiSeq,SRP435971,PRJNA967360,NA,967360,SRS17545612,SAMN34588721,simple,749906,gut metagenome,T1DM.pat.d8.19,NA,NA,NA,NA,NA,NA,no,NA,NA,NA,NA,UBC,SRA1632765,NA,public,4626CA85D351EC5D1BADD7D7EE33A6DD,455B61AA0E74038290211D531623E6CF,SRR24437545
SRR24437546,2024-05-31 01:08:07,2023-05-04 17:03:29,43696,26304992,43696,602,14,NA,https://sra-downloadb.be-md.ncbi.nlm.nih.gov/sos6/sra-pub-zq-40/SRR024/24437/SRR24437546/SRR24437546.lite.1,SRX20224949,CGATCAGTCTAAGCCT,AMPLICON,PCR,METAGENOMIC,PAIRED,0,0,ILLUMINA,Illumina MiSeq,SRP435971,PRJNA967360,NA,967360,SRS17545608,SAMN34588719,simple,749906,gut metagenome,T1DM.ctrl.d8.17,NA,NA,NA,NA,NA,NA,no,NA,NA,NA,NA,UBC,SRA1632765,NA,public,5681A637DFC4ED0FBA4651887FEA1982,6EDB5CE1D46212673DC5F330B7782434,SRR24437546
SRR24437547,2024-05-31 01:08:07,2023-05-04 17:03:26,53845,32414690,53845,602,17,NA,https://sra-downloadb.be-md.ncbi.nlm.nih.gov/sos6/sra-pub-zq-40/SRR024/24437/SRR24437547/SRR24437547.lite.1,SRX20224947,ACTGAGCGAAGGAGTA,AMPLICON,PCR,METAGENOMIC,PAIRED,0,0,ILLUMINA,Illumina MiSeq,SRP435971,PRJNA967360,NA,967360,SRS17545605,SAMN34588703,simple,749906,gut metagenome,T1DM.ctrl.d0.29,NA,NA,NA,NA,NA,NA,no,NA,NA,NA,NA,UBC,SRA1632765,NA,public,8A9757FFD879608A8166BF3675F58EDF,A0267A03D1B962F20F52DACD34542159,SRR24437547
SRR24437548,2024-05-31 01:08:07,2023-05-04 17:03:13,82317,49554834,82317,602,27,NA,https://sra-downloadb.be-md.ncbi.nlm.nih.gov/sos6/sra-pub-zq-40/SRR024/24437/SRR24437548/SRR24437548.lite.1,SRX20224945,ACTGAGCGGTAAGGAG,AMPLICON,PCR,METAGENOMIC,PAIRED,0,0,ILLUMINA,Illumina MiSeq,SRP435971,PRJNA967360,NA,967360,SRS17545607,SAMN34588701,simple,749906,gut metagenome,T1DM.ctrl.d0.26,NA,NA,NA,NA,NA,NA,no,NA,NA,NA,NA,UBC,SRA1632765,NA,public,FF67BC39A90C6FA51168830D180580E7,982A12D4B11A2D74FA286545C973D065,SRR24437548
SRR24437549,2024-05-31 01:08:07,2023-05-04 17:03:15,60110,36186220,60110,602,19,NA,https://sra-downloadb.be-md.ncbi.nlm.nih.gov/sos6/sra-pub-zq-40/SRR024/24437/SRR24437549/SRR24437549.lite.1,SRX20224943,ACTGAGCGCTCTCTAT,AMPLICON,PCR,METAGENOMIC,PAIRED,0,0,ILLUMINA,Illumina MiSeq,SRP435971,PRJNA967360,NA,967360,SRS17545603,SAMN34588699,simple,749906,gut metagenome,T1DM.ctrl.d0.24,NA,NA,NA,NA,NA,NA,no,NA,NA,NA,NA,UBC,SRA1632765,NA,public,30DF7DE453BEF31B981F06B506D572E4,80C2368AC5265CF4F3F2A93BD353122F,SRR24437549
SRR24437550,2024-05-31 01:08:06,2023-05-04 17:03:29,38412,23124024,38412,602,12,NA,https://sra-downloadb.be-md.ncbi.nlm.nih.gov/sos6/sra-pub-zq-40/SRR024/24437/SRR24437550/SRR24437550.lite.1,SRX20224942,TAGCGCTCCGTCTAAT,AMPLICON,PCR,METAGENOMIC,PAIRED,0,0,ILLUMINA,Illumina MiSeq,SRP435971,PRJNA967360,NA,967360,SRS17545602,SAMN34588697,simple,749906,gut metagenome,T1DM.pat.d0.21,NA,NA,NA,NA,NA,NA,no,NA,NA,NA,NA,UBC,SRA1632765,NA,public,39A89AE142CEE8FC9BBB135C921AD8AA,FE08FE04C16F1AE136559DE71FD2F63A,SRR24437550
SRR24437551,2024-05-31 01:08:05,2023-05-04 17:03:32,90010,54186020,90010,602,30,NA,https://sra-downloadb.be-md.ncbi.nlm.nih.gov/sos6/sra-pub-zq-40/SRR024/24437/SRR24437551/SRR24437551.lite.1,SRX20224890,AGGCAGAACTAAGCCT,AMPLICON,PCR,METAGENOMIC,PAIRED,0,0,ILLUMINA,Illumina MiSeq,SRP435971,PRJNA967360,NA,967360,SRS17545550,SAMN34588618,simple,749906,gut metagenome,NAMS.fasting.d0.54,NA,NA,NA,NA,NA,NA,no,NA,NA,NA,NA,UBC,SRA1632765,NA,public,4824248E7520E910C0A6239891966E3D,AE646D1E21621AB7A51BB6DA6E6E8B7D,SRR24437551
SRR24437552,2024-05-31 01:08:07,2023-05-04 17:03:25,29174,17562748,29174,602,9,NA,https://sra-downloadb.be-md.ncbi.nlm.nih.gov/sos6/sra-pub-zq-40/SRR024/24437/SRR24437552/SRR24437552.lite.1,SRX20224944,ACTGAGCGTATCCTCT,AMPLICON,PCR,METAGENOMIC,PAIRED,0,0,ILLUMINA,Illumina MiSeq,SRP435971,PRJNA967360,NA,967360,SRS17545604,SAMN34588700,simple,749906,gut metagenome,T1DM.pat.d0.25,NA,NA,NA,NA,NA,NA,no,NA,NA,NA,NA,UBC,SRA1632765,NA,public,008D985506167C49CD7FE948F56FA4DB,04868611E47644D5D79D8D21C5F605FD,SRR24437552
SRR24437553,2024-05-31 01:08:07,2023-05-04 17:03:49,24352,14659904,24352,602,8,NA,https://sra-downloadb.be-md.ncbi.nlm.nih.gov/sos6/sra-pub-zq-40/SRR024/24437/SRR24437553/SRR24437553.lite.1,SRX20224946,ACTGAGCGACTGCATA,AMPLICON,PCR,METAGENOMIC,PAIRED,0,0,ILLUMINA,Illumina MiSeq,SRP435971,PRJNA967360,NA,967360,SRS17545606,SAMN34588702,simple,749906,gut metagenome,T1DM.ctrl.d0.27,NA,NA,NA,NA,NA,NA,no,NA,NA,NA,NA,UBC,SRA1632765,NA,public,49EBB14CE938D6A152D542EE46B5E952,A65AEF30FA49842888D309196F0B3275,SRR24437553
SRR24437554,2024-05-31 01:08:06,2023-05-04 17:03:29,40125,24155250,40125,602,13,NA,https://sra-downloadb.be-md.ncbi.nlm.nih.gov/sos6/sra-pub-zq-40/SRR024/24437/SRR24437554/SRR24437554.lite.1,SRX20224941,TAGCGCTCCTAAGCCT,AMPLICON,PCR,METAGENOMIC,PAIRED,0,0,ILLUMINA,Illumina MiSeq,SRP435971,PRJNA967360,NA,967360,SRS17545600,SAMN34588696,simple,749906,gut metagenome,T1DM.pat.d0.19,NA,NA,NA,NA,NA,NA,no,NA,NA,NA,NA,UBC,SRA1632765,NA,public,464984B11ED6DC93C0A8132E778C72C0,ED7E1C1B667DE302544E4BD4E6C2867B,SRR24437554
SRR24437555,2024-05-31 01:08:06,2023-05-04 17:03:34,80006,48163612,80006,602,25,NA,https://sra-downloadb.be-md.ncbi.nlm.nih.gov/sos6/sra-pub-zq-40/SRR024/24437/SRR24437555/SRR24437555.lite.1,SRX20224940,TAGCGCTCACTGCATA,AMPLICON,PCR,METAGENOMIC,PAIRED,0,0,ILLUMINA,Illumina MiSeq,SRP435971,PRJNA967360,NA,967360,SRS17545601,SAMN34588695,simple,749906,gut metagenome,T1DM.pat.d0.18,NA,NA,NA,NA,NA,NA,no,NA,NA,NA,NA,UBC,SRA1632765,NA,public,4A684921E5EFCB0F93EC19F99856D44A,11C55CB11A23A679409B970FA088C2F2,SRR24437555
SRR24437556,2024-05-31 01:08:06,2023-05-04 17:03:02,14574,8773548,14574,602,4,NA,https://sra-downloadb.be-md.ncbi.nlm.nih.gov/sos6/sra-pub-zq-40/SRR024/24437/SRR24437556/SRR24437556.lite.1,SRX20224938,TAGCGCTCTATCCTCT,AMPLICON,PCR,METAGENOMIC,PAIRED,0,0,ILLUMINA,Illumina MiSeq,SRP435971,PRJNA967360,NA,967360,SRS17545598,SAMN34588693,simple,749906,gut metagenome,T1DM.pat.d0.16,NA,NA,NA,NA,NA,NA,no,NA,NA,NA,NA,UBC,SRA1632765,NA,public,92B59749B29E8BAF12712960BE5305D4,E2F687CF6E52CF743EC8FF58A0077A19,SRR24437556
SRR24437557,2024-05-31 01:08:06,2023-05-04 17:03:23,71356,42956312,71356,602,23,NA,https://sra-downloadb.be-md.ncbi.nlm.nih.gov/sos6/sra-pub-zq-40/SRR024/24437/SRR24437557/SRR24437557.lite.1,SRX20224936,ATGCGCAGTCTCTCCG,AMPLICON,PCR,METAGENOMIC,PAIRED,0,0,ILLUMINA,Illumina MiSeq,SRP435971,PRJNA967360,NA,967360,SRS17545595,SAMN34588691,simple,749906,gut metagenome,T1DM.pat.d0.14,NA,NA,NA,NA,NA,NA,no,NA,NA,NA,NA,UBC,SRA1632765,NA,public,EBAF49F6D9C36B232C2345CF91F531D6,526442AF45D5FAE686C961B886DBA5A4,SRR24437557
SRR24437558,2024-05-31 01:08:06,2023-05-04 17:03:28,18105,10899210,18105,602,6,NA,https://sra-downloadb.be-md.ncbi.nlm.nih.gov/sos6/sra-pub-zq-40/SRR024/24437/SRR24437558/SRR24437558.lite.1,SRX20224934,ATGCGCAGCTAAGCCT,AMPLICON,PCR,METAGENOMIC,PAIRED,0,0,ILLUMINA,Illumina MiSeq,SRP435971,PRJNA967360,NA,967360,SRS17545592,SAMN34588689,simple,749906,gut metagenome,T1DM.pat.d0.12,NA,NA,NA,NA,NA,NA,no,NA,NA,NA,NA,UBC,SRA1632765,NA,public,4425EA05AA2FD98553F2991EA8D39432,D4A4ED0D35C0FE72FD10085EB3FF2312,SRR24437558
SRR24437559,2024-05-31 01:08:06,2023-05-04 17:03:32,99680,60007360,99680,602,33,NA,https://sra-downloadb.be-md.ncbi.nlm.nih.gov/sos6/sra-pub-zq-40/SRR024/24437/SRR24437559/SRR24437559.lite.1,SRX20224932,GTAGAGGATATCCTCT,AMPLICON,PCR,METAGENOMIC,PAIRED,0,0,ILLUMINA,Illumina MiSeq,SRP435971,PRJNA967360,NA,967360,SRS17545593,SAMN34588662,simple,749906,gut metagenome,NAMS.keto.d180.50,NA,NA,NA,NA,NA,NA,no,NA,NA,NA,NA,UBC,SRA1632765,NA,public,F12ADFA09091BEDD5D854E340B250678,E8848CF8FEB61AB9DAE98B60C32AE7FD,SRR24437559
SRR24437560,2024-05-31 01:08:06,2023-05-04 17:03:24,100354,60413108,100354,602,33,NA,https://sra-downloadb.be-md.ncbi.nlm.nih.gov/sos6/sra-pub-zq-40/SRR024/24437/SRR24437560/SRR24437560.lite.1,SRX20224930,CTCTCTACACTGCATA,AMPLICON,PCR,METAGENOMIC,PAIRED,0,0,ILLUMINA,Illumina MiSeq,SRP435971,PRJNA967360,NA,967360,SRS17545591,SAMN34588660,simple,749906,gut metagenome,NAMS.fasting.d180.76,NA,NA,NA,NA,NA,NA,no,NA,NA,NA,NA,UBC,SRA1632765,NA,public,8A2C3C60639933BCD164A4CEE7B28492,3E859192AB2183C87853188445D6D4F7,SRR24437560
SRR24437561,2024-05-31 01:08:06,2023-05-04 17:03:34,71914,43292228,71914,602,23,NA,https://sra-downloadb.be-md.ncbi.nlm.nih.gov/sos6/sra-pub-zq-40/SRR024/24437/SRR24437561/SRR24437561.lite.1,SRX20224929,GCTCATGACGTCTAAT,AMPLICON,PCR,METAGENOMIC,PAIRED,0,0,ILLUMINA,Illumina MiSeq,SRP435971,PRJNA967360,NA,967360,SRS17545589,SAMN34588614,simple,749906,gut metagenome,NAMS.ctrl.dfg.d0.63,NA,NA,NA,NA,NA,NA,no,NA,NA,NA,NA,UBC,SRA1632765,NA,public,5B9091177BE6EF7E4B3E72855F56E7FA,F7297DE3CDA363A3517B78035EB3CEE8,SRR24437561
SRR24437562,2024-05-31 01:08:06,2023-05-04 17:03:38,99325,59793650,99325,602,32,NA,https://sra-downloadb.be-md.ncbi.nlm.nih.gov/sos6/sra-pub-zq-40/SRR024/24437/SRR24437562/SRR24437562.lite.1,SRX20224928,CTCTCTACGTAAGGAG,AMPLICON,PCR,METAGENOMIC,PAIRED,0,0,ILLUMINA,Illumina MiSeq,SRP435971,PRJNA967360,NA,967360,SRS17545588,SAMN34588659,simple,749906,gut metagenome,NAMS.fasting.d180.70,NA,NA,NA,NA,NA,NA,no,NA,NA,NA,NA,UBC,SRA1632765,NA,public,2F40E6402CEF5F5E9BC7AF134B2203CD,E0F9D54ECF246E971849356E39A73D99,SRR24437562
SRR24437563,2024-05-31 01:08:06,2023-05-04 17:03:27,97965,58974930,97965,602,32,NA,https://sra-downloadb.be-md.ncbi.nlm.nih.gov/sos6/sra-pub-zq-40/SRR024/24437/SRR24437563/SRR24437563.lite.1,SRX20224931,GTAGAGGACTCTCTAT,AMPLICON,PCR,METAGENOMIC,PAIRED,0,0,ILLUMINA,Illumina MiSeq,SRP435971,PRJNA967360,NA,967360,SRS17545590,SAMN34588661,simple,749906,gut metagenome,NAMS.keto.d180.48,NA,NA,NA,NA,NA,NA,no,NA,NA,NA,NA,UBC,SRA1632765,NA,public,B4D4915D0603ADD80C4E5165892387E4,41C3C58BD44ED10484E5D9DC68DD0596,SRR24437563
SRR24437564,2024-05-31 01:08:06,2023-05-04 17:03:23,106635,64194270,106635,602,34,NA,https://sra-downloadb.be-md.ncbi.nlm.nih.gov/sos6/sra-pub-zq-40/SRR024/24437/SRR24437564/SRR24437564.lite.1,SRX20224933,GTAGAGGAGTAAGGAG,AMPLICON,PCR,METAGENOMIC,PAIRED,0,0,ILLUMINA,Illumina MiSeq,SRP435971,PRJNA967360,NA,967360,SRS17545594,SAMN34588663,simple,749906,gut metagenome,NAMS.keto.d180.57,NA,NA,NA,NA,NA,NA,no,NA,NA,NA,NA,UBC,SRA1632765,NA,public,2D8CE4AF1ECC126097D7F24C31EC24BE,4C29C40FF785AF7F71DEEE1BC43B74FD,SRR24437564
SRR24437565,2024-05-31 01:08:06,2023-05-04 17:03:29,111281,66991162,111281,602,35,NA,https://sra-downloadb.be-md.ncbi.nlm.nih.gov/sos6/sra-pub-zq-40/SRR024/24437/SRR24437565/SRR24437565.lite.1,SRX20224927,CTCTCTACTATCCTCT,AMPLICON,PCR,METAGENOMIC,PAIRED,0,0,ILLUMINA,Illumina MiSeq,SRP435971,PRJNA967360,NA,967360,SRS17545587,SAMN34588658,simple,749906,gut metagenome,NAMS.fasting.d180.69,NA,NA,NA,NA,NA,NA,no,NA,NA,NA,NA,UBC,SRA1632765,NA,public,DBB31600685645C232626919F9D118C0,787EE9205AB1744CB9375C33E6391792,SRR24437565
SRR24437566,2024-05-31 01:08:06,2023-05-04 17:03:31,82354,49577108,82354,602,27,NA,https://sra-downloadb.be-md.ncbi.nlm.nih.gov/sos6/sra-pub-zq-40/SRR024/24437/SRR24437566/SRR24437566.lite.1,SRX20224925,TAGGCATGTCTCTCCG,AMPLICON,PCR,METAGENOMIC,PAIRED,0,0,ILLUMINA,Illumina MiSeq,SRP435971,PRJNA967360,NA,967360,SRS17545585,SAMN34588656,simple,749906,gut metagenome,NAMS.fasting.d180.65,NA,NA,NA,NA,NA,NA,no,NA,NA,NA,NA,UBC,SRA1632765,NA,public,105102FAC0A7738FF481A5AF8BB0103C,4D8ED1C7C173E5708DF4CE4CAC896439,SRR24437566
SRR24437567,2024-05-31 01:08:06,2023-05-04 17:03:25,77458,46629716,77458,602,26,NA,https://sra-downloadb.be-md.ncbi.nlm.nih.gov/sos6/sra-pub-zq-40/SRR024/24437/SRR24437567/SRR24437567.lite.1,SRX20224923,TAGGCATGCTAAGCCT,AMPLICON,PCR,METAGENOMIC,PAIRED,0,0,ILLUMINA,Illumina MiSeq,SRP435971,PRJNA967360,NA,967360,SRS17545584,SAMN34588654,simple,749906,gut metagenome,NAMS.fasting.d180.58,NA,NA,NA,NA,NA,NA,no,NA,NA,NA,NA,UBC,SRA1632765,NA,public,744CD47D4F894186AC464606F8BDCC94,A618767E8713DB6456E2367E8757A886,SRR24437567
SRR24437568,2024-05-31 01:08:06,2023-05-04 17:03:23,71279,42909958,71279,602,24,NA,https://sra-downloadb.be-md.ncbi.nlm.nih.gov/sos6/sra-pub-zq-40/SRR024/24437/SRR24437568/SRR24437568.lite.1,SRX20224922,TAGGCATGACTGCATA,AMPLICON,PCR,METAGENOMIC,PAIRED,0,0,ILLUMINA,Illumina MiSeq,SRP435971,PRJNA967360,NA,967360,SRS17545582,SAMN34588652,simple,749906,gut metagenome,NAMS.fasting.d180.52,NA,NA,NA,NA,NA,NA,no,NA,NA,NA,NA,UBC,SRA1632765,NA,public,6004E204CB48BBD8023C80277037EF61,F285EC67F5606B03C425603AA9F7301B,SRR24437568
SRR24437569,2024-05-31 01:08:06,2023-05-04 17:03:23,76557,46087314,76557,602,25,NA,https://sra-downloadb.be-md.ncbi.nlm.nih.gov/sos6/sra-pub-zq-40/SRR024/24437/SRR24437569/SRR24437569.lite.1,SRX20224921,TAGGCATGAAGGAGTA,AMPLICON,PCR,METAGENOMIC,PAIRED,0,0,ILLUMINA,Illumina MiSeq,SRP435971,PRJNA967360,NA,967360,SRS17545581,SAMN34588653,simple,749906,gut metagenome,NAMS.fasting.d180.54,NA,NA,NA,NA,NA,NA,no,NA,NA,NA,NA,UBC,SRA1632765,NA,public,9119AA34ED86F9C4490247F8E32536FF,6410336BD469F0C2DB4FB33AD2BA7325,SRR24437569
SRR24437570,2024-05-31 01:08:06,2023-05-04 17:03:32,95815,57680630,95815,602,31,NA,https://sra-downloadb.be-md.ncbi.nlm.nih.gov/sos6/sra-pub-zq-40/SRR024/24437/SRR24437570/SRR24437570.lite.1,SRX20224924,TAGGCATGCGTCTAAT,AMPLICON,PCR,METAGENOMIC,PAIRED,0,0,ILLUMINA,Illumina MiSeq,SRP435971,PRJNA967360,NA,967360,SRS17545586,SAMN34588655,simple,749906,gut metagenome,NAMS.fasting.d180.59,NA,NA,NA,NA,NA,NA,no,NA,NA,NA,NA,UBC,SRA1632765,NA,public,34391104E83C05B67AFE56D6A6AED8D7,6EA8E9C027087C9056F2D13DFC3FB760,SRR24437570
SRR24437571,2024-05-31 01:08:06,2023-05-04 17:03:24,77367,46574934,77367,602,25,NA,https://sra-downloadb.be-md.ncbi.nlm.nih.gov/sos6/sra-pub-zq-40/SRR024/24437/SRR24437571/SRR24437571.lite.1,SRX20224926,CTCTCTACCTCTCTAT,AMPLICON,PCR,METAGENOMIC,PAIRED,0,0,ILLUMINA,Illumina MiSeq,SRP435971,PRJNA967360,NA,967360,SRS17545583,SAMN34588657,simple,749906,gut metagenome,NAMS.fasting.d180.67,NA,NA,NA,NA,NA,NA,no,NA,NA,NA,NA,UBC,SRA1632765,NA,public,5F932370DF4F9862F12D7518CEB0B6DC,A56BF19A54DC64D7C3CC464D89BBAA78,SRR24437571
SRR24437572,2024-05-31 01:08:06,2023-05-04 17:03:30,29745,17906490,29745,602,10,NA,https://sra-downloadb.be-md.ncbi.nlm.nih.gov/sos6/sra-pub-zq-40/SRR024/24437/SRR24437572/SRR24437572.lite.1,SRX20224920,TAGGCATGGTAAGGAG,AMPLICON,PCR,METAGENOMIC,PAIRED,0,0,ILLUMINA,Illumina MiSeq,SRP435971,PRJNA967360,NA,967360,SRS17545579,SAMN34588651,simple,749906,gut metagenome,NAMS.fasting.d180.49,NA,NA,NA,NA,NA,NA,no,NA,NA,NA,NA,UBC,SRA1632765,NA,public,8AC45326DB33054C281D5A6CD946D005,5A625657B065D61662FC50A06F895CEC,SRR24437572
SRR24437573,2024-05-31 01:08:06,2023-05-04 17:03:31,68277,41102754,68277,602,21,NA,https://sra-downloadb.be-md.ncbi.nlm.nih.gov/sos6/sra-pub-zq-40/SRR024/24437/SRR24437573/SRR24437573.lite.1,SRX20224918,CGTACTAGCTCTCTAT,AMPLICON,PCR,METAGENOMIC,PAIRED,0,0,ILLUMINA,Illumina MiSeq,SRP435971,PRJNA967360,NA,967360,SRS17545578,SAMN34588743,simple,749906,gut metagenome,T1DM.pat.d150.16,NA,NA,NA,NA,NA,NA,no,NA,NA,NA,NA,UBC,SRA1632765,NA,public,5A7FE392E5CEF8A7B4D73A3F0745CD9A,1031C2D84596F4E36321EE24CB357CAF,SRR24437573
SRR24437574,2024-05-31 01:08:06,2023-05-04 17:03:42,88950,53547900,88950,602,30,NA,https://sra-downloadb.be-md.ncbi.nlm.nih.gov/sos6/sra-pub-zq-40/SRR024/24437/SRR24437574/SRR24437574.lite.1,SRX20224916,TAAGGCGACTAAGCCT,AMPLICON,PCR,METAGENOMIC,PAIRED,0,0,ILLUMINA,Illumina MiSeq,SRP435971,PRJNA967360,NA,967360,SRS17545576,SAMN34588741,simple,749906,gut metagenome,T1DM.pat.d150.14,NA,NA,NA,NA,NA,NA,no,NA,NA,NA,NA,UBC,SRA1632765,NA,public,185A09DE0843D05816267B116F823641,A995A44F05100FF276BA70120D19CA96,SRR24437574
SRR24437575,2024-05-31 01:08:06,2023-05-04 17:03:27,35063,21107926,35063,602,11,NA,https://sra-downloadb.be-md.ncbi.nlm.nih.gov/sos6/sra-pub-zq-40/SRR024/24437/SRR24437575/SRR24437575.lite.1,SRX20224914,TAAGGCGAACTGCATA,AMPLICON,PCR,METAGENOMIC,PAIRED,0,0,ILLUMINA,Illumina MiSeq,SRP435971,PRJNA967360,NA,967360,SRS17545575,SAMN34588739,simple,749906,gut metagenome,T1DM.pat.d150.12,NA,NA,NA,NA,NA,NA,no,NA,NA,NA,NA,UBC,SRA1632765,NA,public,02228690A7A5F74D2B52B3DF78551FF4,C884FE3B008A8EBE70D304E9F363BDA0,SRR24437575
SRR24437576,2024-05-31 01:08:05,2023-05-04 17:03:16,75907,45696014,75907,602,24,NA,https://sra-downloadb.be-md.ncbi.nlm.nih.gov/sos6/sra-pub-zq-40/SRR024/24437/SRR24437576/SRR24437576.lite.1,SRX20224913,TCCTGAGCACTGCATA,AMPLICON,PCR,METAGENOMIC,PAIRED,0,0,ILLUMINA,Illumina MiSeq,SRP435971,PRJNA967360,NA,967360,SRS17545572,SAMN34588622,simple,749906,gut metagenome,NAMS.fasting.d0.67,NA,NA,NA,NA,NA,NA,no,NA,NA,NA,NA,UBC,SRA1632765,NA,public,12B1A2475C78A8FF9C63E907252E903C,25BA75100A3E7E15EEC2F09275313E2A,SRR24437576
SRR24437577,2024-05-31 01:08:06,2023-05-04 17:03:26,72973,43929746,72973,602,24,NA,https://sra-downloadb.be-md.ncbi.nlm.nih.gov/sos6/sra-pub-zq-40/SRR024/24437/SRR24437577/SRR24437577.lite.1,SRX20224915,TAAGGCGAAAGGAGTA,AMPLICON,PCR,METAGENOMIC,PAIRED,0,0,ILLUMINA,Illumina MiSeq,SRP435971,PRJNA967360,NA,967360,SRS17545574,SAMN34588740,simple,749906,gut metagenome,T1DM.pat.d150.13,NA,NA,NA,NA,NA,NA,no,NA,NA,NA,NA,UBC,SRA1632765,NA,public,FBC3AE1192F8B0224C2A9B6385374F07,63F5475616AF833230AFAA2BCFA58E73,SRR24437577
SRR24437578,2024-05-31 01:08:06,2023-05-04 17:03:33,77954,46928308,77954,602,25,NA,https://sra-downloadb.be-md.ncbi.nlm.nih.gov/sos6/sra-pub-zq-40/SRR024/24437/SRR24437578/SRR24437578.lite.1,SRX20224917,TAAGGCGATCTCTCCG,AMPLICON,PCR,METAGENOMIC,PAIRED,0,0,ILLUMINA,Illumina MiSeq,SRP435971,PRJNA967360,NA,967360,SRS17545577,SAMN34588742,simple,749906,gut metagenome,T1DM.pat.d150.15,NA,NA,NA,NA,NA,NA,no,NA,NA,NA,NA,UBC,SRA1632765,NA,public,B0724914BDD747377EA5029DF3CEE866,40A86A28FEDF2C2A10B35A05D10A9E28,SRR24437578
SRR24437579,2024-05-31 01:08:06,2023-05-04 17:03:25,74854,45062108,74854,602,23,NA,https://sra-downloadb.be-md.ncbi.nlm.nih.gov/sos6/sra-pub-zq-40/SRR024/24437/SRR24437579/SRR24437579.lite.1,SRX20224919,CGTACTAGTATCCTCT,AMPLICON,PCR,METAGENOMIC,PAIRED,0,0,ILLUMINA,Illumina MiSeq,SRP435971,PRJNA967360,NA,967360,SRS17545580,SAMN34588744,simple,749906,gut metagenome,T1DM.ctrl.d150.17,NA,NA,NA,NA,NA,NA,no,NA,NA,NA,NA,UBC,SRA1632765,NA,public,2F62772CB6F589E5D9D115C822B590E1,6D0879D6432032F88A42EDC3AAE257EF,SRR24437579
SRR24437580,2024-05-31 01:08:05,2023-05-04 17:03:43,94734,57029868,94734,602,30,NA,https://sra-downloadb.be-md.ncbi.nlm.nih.gov/sos6/sra-pub-zq-40/SRR024/24437/SRR24437580/SRR24437580.lite.1,SRX20224912,TAAGGCGAGTAAGGAG,AMPLICON,PCR,METAGENOMIC,PAIRED,0,0,ILLUMINA,Illumina MiSeq,SRP435971,PRJNA967360,NA,967360,SRS17545573,SAMN34588738,simple,749906,gut metagenome,T1DM.pat.d150.10,NA,NA,NA,NA,NA,NA,no,NA,NA,NA,NA,UBC,SRA1632765,NA,public,12E40609A6778BCB8E328B007F556D4B,A8052384728D73B4786DF52711E836AE,SRR24437580
SRR24437581,2024-05-31 01:08:05,2023-05-04 17:03:34,54551,32839702,54551,602,17,NA,https://sra-downloadb.be-md.ncbi.nlm.nih.gov/sos6/sra-pub-zq-40/SRR024/24437/SRR24437581/SRR24437581.lite.1,SRX20224911,TAAGGCGATATCCTCT,AMPLICON,PCR,METAGENOMIC,PAIRED,0,0,ILLUMINA,Illumina MiSeq,SRP435971,PRJNA967360,NA,967360,SRS17545571,SAMN34588737,simple,749906,gut metagenome,T1DM.pat.d150.09,NA,NA,NA,NA,NA,NA,no,NA,NA,NA,NA,UBC,SRA1632765,NA,public,8F6C1A5EC8BD17E4CFB61B86D074137B,06EBA1FA9D95050470D4B349D3F50359,SRR24437581
SRR24437582,2024-05-31 01:08:05,2023-05-04 17:03:28,27104,16316608,27104,602,8,NA,https://sra-downloadb.be-md.ncbi.nlm.nih.gov/sos6/sra-pub-zq-40/SRR024/24437/SRR24437582/SRR24437582.lite.1,SRX20224909,TCGACGTCTCTCTCCG,AMPLICON,PCR,METAGENOMIC,PAIRED,0,0,ILLUMINA,Illumina MiSeq,SRP435971,PRJNA967360,NA,967360,SRS17545568,SAMN34588735,simple,749906,gut metagenome,T1DM.pat.d150.07,NA,NA,NA,NA,NA,NA,no,NA,NA,NA,NA,UBC,SRA1632765,NA,public,5D247FBF6BEB5DB64DDC2CFEC74664D2,A0393984AE13475DE0D81BD75C9309A6,SRR24437582
SRR24437583,2024-05-31 01:08:05,2023-05-04 17:03:30,31851,19174302,31851,602,10,NA,https://sra-downloadb.be-md.ncbi.nlm.nih.gov/sos6/sra-pub-zq-40/SRR024/24437/SRR24437583/SRR24437583.lite.1,SRX20224907,TCGACGTCCTAAGCCT,AMPLICON,PCR,METAGENOMIC,PAIRED,0,0,ILLUMINA,Illumina MiSeq,SRP435971,PRJNA967360,NA,967360,SRS17545566,SAMN34588733,simple,749906,gut metagenome,T1DM.pat.d150.05,NA,NA,NA,NA,NA,NA,no,NA,NA,NA,NA,UBC,SRA1632765,NA,public,BA30CAD0831B333E55A9D70C765B7033,950B8E691E8D6D2DDFB31BCD1AE58AA8,SRR24437583
SRR24437584,2024-05-31 01:08:05,2023-05-04 17:03:29,43982,26477164,43982,602,14,NA,https://sra-downloadb.be-md.ncbi.nlm.nih.gov/sos6/sra-pub-zq-40/SRR024/24437/SRR24437584/SRR24437584.lite.1,SRX20224905,TCGACGTCGTAAGGAG,AMPLICON,PCR,METAGENOMIC,PAIRED,0,0,ILLUMINA,Illumina MiSeq,SRP435971,PRJNA967360,NA,967360,SRS17545563,SAMN34588731,simple,749906,gut metagenome,T1DM.pat.d150.03,NA,NA,NA,NA,NA,NA,no,NA,NA,NA,NA,UBC,SRA1632765,NA,public,38C7C05DF0CD32B41BA6D9DA3CBE5E2A,48E74A6095A8D9068D973880CA55BE7D,SRR24437584
SRR24437585,2024-05-31 01:08:05,2023-05-04 17:03:28,24396,14686392,24396,602,8,NA,https://sra-downloadb.be-md.ncbi.nlm.nih.gov/sos6/sra-pub-zq-40/SRR024/24437/SRR24437585/SRR24437585.lite.1,SRX20224903,CGATCAGTAAGGAGTA,AMPLICON,PCR,METAGENOMIC,PAIRED,0,0,ILLUMINA,Illumina MiSeq,SRP435971,PRJNA967360,NA,967360,SRS17545562,SAMN34588718,simple,749906,gut metagenome,T1DM.pat.d8.16,NA,NA,NA,NA,NA,NA,no,NA,NA,NA,NA,UBC,SRA1632765,NA,public,E8C5EA5BB085FCBF5F993020971153AC,C641E84EFF7E12691B216569B8F37231,SRR24437585
SRR24437586,2024-05-31 01:08:05,2023-05-04 17:03:17,43358,26101516,43358,602,14,NA,https://sra-downloadb.be-md.ncbi.nlm.nih.gov/sos6/sra-pub-zq-40/SRR024/24437/SRR24437586/SRR24437586.lite.1,SRX20224902,CGATCAGTACTGCATA,AMPLICON,PCR,METAGENOMIC,PAIRED,0,0,ILLUMINA,Illumina MiSeq,SRP435971,PRJNA967360,NA,967360,SRS17545561,SAMN34588717,simple,749906,gut metagenome,T1DM.pat.d8.15,NA,NA,NA,NA,NA,NA,no,NA,NA,NA,NA,UBC,SRA1632765,NA,public,CBC69660575E3C7E72F5AD078E915E74,3F5BF6F1E47ABE7F438C79594461EA1B,SRR24437586
SRR24437587,2024-05-31 01:08:05,2023-05-04 17:03:30,60019,36131438,60019,602,19,NA,https://sra-downloadb.be-md.ncbi.nlm.nih.gov/sos6/sra-pub-zq-40/SRR024/24437/SRR24437587/SRR24437587.lite.1,SRX20224904,TCCTGAGCTATCCTCT,AMPLICON,PCR,METAGENOMIC,PAIRED,0,0,ILLUMINA,Illumina MiSeq,SRP435971,PRJNA967360,NA,967360,SRS17545565,SAMN34588620,simple,749906,gut metagenome,NAMS.fasting.d0.59,NA,NA,NA,NA,NA,NA,no,NA,NA,NA,NA,UBC,SRA1632765,NA,public,94D7A8EC30AE47E28498FA27A49A4F9B,5743249943E969A976F1AA6C150A818A,SRR24437587
SRR24437588,2024-05-31 01:08:07,2023-05-04 17:03:21,70193,42256186,70193,602,22,NA,https://sra-downloadb.be-md.ncbi.nlm.nih.gov/sos6/sra-pub-zq-40/SRR024/24437/SRR24437588/SRR24437588.lite.1,SRX20224950,CGATCAGTCGTCTAAT,AMPLICON,PCR,METAGENOMIC,PAIRED,0,0,ILLUMINA,Illumina MiSeq,SRP435971,PRJNA967360,NA,967360,SRS17545610,SAMN34588720,simple,749906,gut metagenome,T1DM.pat.d8.18,NA,NA,NA,NA,NA,NA,no,NA,NA,NA,NA,UBC,SRA1632765,NA,public,DDD730A54949834529E08263C0395911,F4346214DFB31BBC6EFB0D327070043F,SRR24437588
SRR24437589,2024-05-31 01:08:07,2023-05-04 17:04:29,90300,54360600,90300,602,28,NA,https://sra-downloadb.be-md.ncbi.nlm.nih.gov/sos6/sra-pub-zq-40/SRR024/24437/SRR24437589/SRR24437589.lite.1,SRX20224952,TGCAGCTATATCCTCT,AMPLICON,PCR,METAGENOMIC,PAIRED,0,0,ILLUMINA,Illumina MiSeq,SRP435971,PRJNA967360,NA,967360,SRS17545611,SAMN34588722,simple,749906,gut metagenome,T1DM.pat.d8.21,NA,NA,NA,NA,NA,NA,no,NA,NA,NA,NA,UBC,SRA1632765,NA,public,B3DD42D2CE13220615D1752D0ED69404,95F78253EA89B0145EC5A5E81B9233E4,SRR24437589
SRR24437590,2024-05-31 01:08:05,2023-05-04 17:03:42,68695,41354390,68695,602,22,NA,https://sra-downloadb.be-md.ncbi.nlm.nih.gov/sos6/sra-pub-zq-40/SRR024/24437/SRR24437590/SRR24437590.lite.1,SRX20224901,CGATCAGTGTAAGGAG,AMPLICON,PCR,METAGENOMIC,PAIRED,0,0,ILLUMINA,Illumina MiSeq,SRP435971,PRJNA967360,NA,967360,SRS17545564,SAMN34588716,simple,749906,gut metagenome,T1DM.pat.d8.14,NA,NA,NA,NA,NA,NA,no,NA,NA,NA,NA,UBC,SRA1632765,NA,public,96518437216D2CC6C555B449859EAB31,327E60D8603B1F36327504E29D719DFA,SRR24437590
SRR24437591,2024-05-31 01:08:05,2023-05-04 17:03:37,62132,37403464,62132,602,20,NA,https://sra-downloadb.be-md.ncbi.nlm.nih.gov/sos6/sra-pub-zq-40/SRR024/24437/SRR24437591/SRR24437591.lite.1,SRX20224900,CGATCAGTTATCCTCT,AMPLICON,PCR,METAGENOMIC,PAIRED,0,0,ILLUMINA,Illumina MiSeq,SRP435971,PRJNA967360,NA,967360,SRS17545560,SAMN34588715,simple,749906,gut metagenome,T1DM.pat.d8.13,NA,NA,NA,NA,NA,NA,no,NA,NA,NA,NA,UBC,SRA1632765,NA,public,EDAF47C38FAD4F87117836C8331BAFB3,5F95CC07963D5CC8EE2BC45C8EDFC5CD,SRR24437591
SRR24437592,2024-05-31 01:08:05,2023-05-04 17:03:31,61271,36885142,61271,602,20,NA,https://sra-downloadb.be-md.ncbi.nlm.nih.gov/sos6/sra-pub-zq-40/SRR024/24437/SRR24437592/SRR24437592.lite.1,SRX20224898,CCTAAGACTCTCTCCG,AMPLICON,PCR,METAGENOMIC,PAIRED,0,0,ILLUMINA,Illumina MiSeq,SRP435971,PRJNA967360,NA,967360,SRS17545559,SAMN34588713,simple,749906,gut metagenome,T1DM.pat.d8.10,NA,NA,NA,NA,NA,NA,no,NA,NA,NA,NA,UBC,SRA1632765,NA,public,DE1BE6CD90E50FD7EE5B2659A125306C,91A575BFF0A153B0548A03B1D1C18F50,SRR24437592
SRR24437593,2024-05-31 01:08:05,2023-05-04 17:03:41,93894,56524188,93894,602,31,NA,https://sra-downloadb.be-md.ncbi.nlm.nih.gov/sos6/sra-pub-zq-40/SRR024/24437/SRR24437593/SRR24437593.lite.1,SRX20224896,CCTAAGACCTAAGCCT,AMPLICON,PCR,METAGENOMIC,PAIRED,0,0,ILLUMINA,Illumina MiSeq,SRP435971,PRJNA967360,NA,967360,SRS17545557,SAMN34588711,simple,749906,gut metagenome,T1DM.pat.d8.08,NA,NA,NA,NA,NA,NA,no,NA,NA,NA,NA,UBC,SRA1632765,NA,public,986CD4BDB399A9AFEB16F3E75C2E93ED,3F64A56CC9FE4EE0BE087E33FCD09CCF,SRR24437593
SRR24437594,2024-05-31 01:08:05,2023-05-04 17:03:30,20303,12222406,20303,602,7,NA,https://sra-downloadb.be-md.ncbi.nlm.nih.gov/sos6/sra-pub-zq-40/SRR024/24437/SRR24437594/SRR24437594.lite.1,SRX20224894,CCTAAGACACTGCATA,AMPLICON,PCR,METAGENOMIC,PAIRED,0,0,ILLUMINA,Illumina MiSeq,SRP435971,PRJNA967360,NA,967360,SRS17545554,SAMN34588709,simple,749906,gut metagenome,T1DM.pat.d8.06,NA,NA,NA,NA,NA,NA,no,NA,NA,NA,NA,UBC,SRA1632765,NA,public,AC148280CE8E837AC78361DBBCAC7E50,BC400677086B815E14BA07AC63DD00F4,SRR24437594
SRR24437595,2024-05-31 01:08:05,2023-05-04 17:03:34,100688,60614176,100688,602,32,NA,https://sra-downloadb.be-md.ncbi.nlm.nih.gov/sos6/sra-pub-zq-40/SRR024/24437/SRR24437595/SRR24437595.lite.1,SRX20224893,GCTCATGAGTAAGGAG,AMPLICON,PCR,METAGENOMIC,PAIRED,0,0,ILLUMINA,Illumina MiSeq,SRP435971,PRJNA967360,NA,967360,SRS17545553,SAMN34588610,simple,749906,gut metagenome,NAMS.ctrl.dfg.d0.53,NA,NA,NA,NA,NA,NA,no,NA,NA,NA,NA,UBC,SRA1632765,NA,public,BFAC31BC3A76192C65A2D610E34EEC45,FF58D784B7D877387BC0CAFEE9D3A187,SRR24437595
SRR24437596,2024-05-31 01:08:05,2023-05-04 17:03:40,76265,45911530,76265,602,25,NA,https://sra-downloadb.be-md.ncbi.nlm.nih.gov/sos6/sra-pub-zq-40/SRR024/24437/SRR24437596/SRR24437596.lite.1,SRX20224892,AGGCAGAATCTCTCCG,AMPLICON,PCR,METAGENOMIC,PAIRED,0,0,ILLUMINA,Illumina MiSeq,SRP435971,PRJNA967360,NA,967360,SRS17545549,SAMN34588619,simple,749906,gut metagenome,NAMS.fasting.d0.58,NA,NA,NA,NA,NA,NA,no,NA,NA,NA,NA,UBC,SRA1632765,NA,public,4EDB9B1D37F455ED180595EA395FA87B,04A0690003C0B7D025D1EE6BCE24D95F,SRR24437596
SRR24437597,2024-05-31 01:08:05,2023-05-04 17:03:18,11875,7148750,11875,602,4,NA,https://sra-downloadb.be-md.ncbi.nlm.nih.gov/sos6/sra-pub-zq-40/SRR024/24437/SRR24437597/SRR24437597.lite.1,SRX20224895,CCTAAGACAAGGAGTA,AMPLICON,PCR,METAGENOMIC,PAIRED,0,0,ILLUMINA,Illumina MiSeq,SRP435971,PRJNA967360,NA,967360,SRS17545555,SAMN34588710,simple,749906,gut metagenome,T1DM.pat.d8.07,NA,NA,NA,NA,NA,NA,no,NA,NA,NA,NA,UBC,SRA1632765,NA,public,97029DA2B3D86C98293CD872BF6DC1D6,00B7A7C69A9F98ACBB024F26DB9C33CD,SRR24437597
SRR24437598,2024-05-31 01:08:05,2023-05-04 17:03:42,76858,46268516,76858,602,24,NA,https://sra-downloadb.be-md.ncbi.nlm.nih.gov/sos6/sra-pub-zq-40/SRR024/24437/SRR24437598/SRR24437598.lite.1,SRX20224897,CCTAAGACCGTCTAAT,AMPLICON,PCR,METAGENOMIC,PAIRED,0,0,ILLUMINA,Illumina MiSeq,SRP435971,PRJNA967360,NA,967360,SRS17545556,SAMN34588712,simple,749906,gut metagenome,T1DM.pat.d8.09,NA,NA,NA,NA,NA,NA,no,NA,NA,NA,NA,UBC,SRA1632765,NA,public,DB64E371B00744399B1A171F8F875EBB,E6D9BC64328EB3B1531D9EB5E90C8732,SRR24437598
SRR24437599,2024-05-31 01:08:05,2023-05-04 17:03:39,67394,40571188,67394,602,21,NA,https://sra-downloadb.be-md.ncbi.nlm.nih.gov/sos6/sra-pub-zq-40/SRR024/24437/SRR24437599/SRR24437599.lite.1,SRX20224899,CGATCAGTCTCTCTAT,AMPLICON,PCR,METAGENOMIC,PAIRED,0,0,ILLUMINA,Illumina MiSeq,SRP435971,PRJNA967360,NA,967360,SRS17545558,SAMN34588714,simple,749906,gut metagenome,T1DM.pat.d8.12,NA,NA,NA,NA,NA,NA,no,NA,NA,NA,NA,UBC,SRA1632765,NA,public,247E46A1240E7CCA9DA6062BC8121ECA,0A9378039AA3723D4934F4F628E723C4,SRR24437599
SRR24437600,2024-05-31 01:08:05,2023-05-04 17:03:42,100732,60640664,100732,602,32,NA,https://sra-downloadb.be-md.ncbi.nlm.nih.gov/sos6/sra-pub-zq-40/SRR024/24437/SRR24437600/SRR24437600.lite.1,SRX20224891,GCTCATGATATCCTCT,AMPLICON,PCR,METAGENOMIC,PAIRED,0,0,ILLUMINA,Illumina MiSeq,SRP435971,PRJNA967360,NA,967360,SRS17545552,SAMN34588609,simple,749906,gut metagenome,NAMS.ctrl.dfg.d0.51,NA,NA,NA,NA,NA,NA,no,NA,NA,NA,NA,UBC,SRA1632765,NA,public,0909E2B536E516B9E4CC5B420941A03D,08E71EED59D5AB084C061D746DB34278,SRR24437600
SRR24437601,2024-05-31 01:08:05,2023-05-04 17:03:31,23184,13956768,23184,602,7,NA,https://sra-downloadb.be-md.ncbi.nlm.nih.gov/sos6/sra-pub-zq-40/SRR024/24437/SRR24437601/SRR24437601.lite.1,SRX20224889,TAGCGCTCTCTCTCCG,AMPLICON,PCR,METAGENOMIC,PAIRED,0,0,ILLUMINA,Illumina MiSeq,SRP435971,PRJNA967360,NA,967360,SRS17545551,SAMN34588698,simple,749906,gut metagenome,T1DM.pat.d0.22,NA,NA,NA,NA,NA,NA,no,NA,NA,NA,NA,UBC,SRA1632765,NA,public,BE7D0347DFE9F57DBFB9B0978CE640F7,7828DD41D859E039DE3B74F623E81CE0,SRR24437601
SRR24897942,2024-01-18 11:48:42,2023-06-12 16:34:26,18476566,2272617618,0,123,744,NA,https://sra-downloadb.be-md.ncbi.nlm.nih.gov/sos9/sra-pub-zq-922/SRR024/24897/SRR24897942/SRR24897942.lite.1,SRX20660155,GSM7473559,RNA-Seq,cDNA,TRANSCRIPTOMIC,PAIRED,0,0,ILLUMINA,Illumina NovaSeq 6000,SRP442889,PRJNA982793,3,982793,SRS17957452,SAMN35715210,simple,10090,Mus musculus,GSM7473559,NA,NA,NA,NA,NA,NA,no,NA,NA,NA,NA,"SIGNAL TRANSDUCTION AND METABOLISM LABORATORY, UNIVERSITÉ LIBRE DE BRUXELLES",SRA1653697,NA,public,D206FEA21D7D1DC418076F5D0D2F788C,40AE2955561A21BC8E2DA813D739A1F8,SRR24897942
SRR24897943,2024-01-18 11:48:42,2023-06-12 16:38:46,17942400,2206915200,0,123,727,NA,https://sra-downloadb.be-md.ncbi.nlm.nih.gov/sos9/sra-pub-zq-922/SRR024/24897/SRR24897943/SRR24897943.lite.1,SRX20660155,GSM7473559,RNA-Seq,cDNA,TRANSCRIPTOMIC,PAIRED,0,0,ILLUMINA,Illumina NovaSeq 6000,SRP442889,PRJNA982793,3,982793,SRS17957452,SAMN35715210,simple,10090,Mus musculus,GSM7473559,NA,NA,NA,NA,NA,NA,no,NA,NA,NA,NA,"SIGNAL TRANSDUCTION AND METABOLISM LABORATORY, UNIVERSITÉ LIBRE DE BRUXELLES",SRA1653697,NA,public,4757932701C08009F8E64BB225AEFB10,EACF13604859411C167D39196BE2D8B1,SRR24897943
SRR24897944,2024-01-18 11:48:42,2023-06-12 16:42:57,24099958,2964294834,0,123,969,NA,https://sra-downloadb.be-md.ncbi.nlm.nih.gov/sos9/sra-pub-zq-922/SRR024/24897/SRR24897944/SRR24897944.lite.1,SRX20660155,GSM7473559,RNA-Seq,cDNA,TRANSCRIPTOMIC,PAIRED,0,0,ILLUMINA,Illumina NovaSeq 6000,SRP442889,PRJNA982793,3,982793,SRS17957452,SAMN35715210,simple,10090,Mus musculus,GSM7473559,NA,NA,NA,NA,NA,NA,no,NA,NA,NA,NA,"SIGNAL TRANSDUCTION AND METABOLISM LABORATORY, UNIVERSITÉ LIBRE DE BRUXELLES",SRA1653697,NA,public,114EF784AC8E72CD62FE8ED9053D3B9A,8EA98D21EE03605270D6182E980E3FE2,SRR24897944
SRR24897945,2024-01-18 11:48:42,2023-06-12 16:42:52,23328482,2869403286,0,123,944,NA,https://sra-downloadb.be-md.ncbi.nlm.nih.gov/sos9/sra-pub-zq-922/SRR024/24897/SRR24897945/SRR24897945.lite.1,SRX20660155,GSM7473559,RNA-Seq,cDNA,TRANSCRIPTOMIC,PAIRED,0,0,ILLUMINA,Illumina NovaSeq 6000,SRP442889,PRJNA982793,3,982793,SRS17957452,SAMN35715210,simple,10090,Mus musculus,GSM7473559,NA,NA,NA,NA,NA,NA,no,NA,NA,NA,NA,"SIGNAL TRANSDUCTION AND METABOLISM LABORATORY, UNIVERSITÉ LIBRE DE BRUXELLES",SRA1653697,NA,public,78FEACA0449C2F618466B3316E4A1D7E,A22FFA18A9AEF417F08C49FD102DF6D2,SRR24897945
SRR24897946,2024-01-18 11:48:42,2023-06-12 16:41:51,25078369,3084639387,0,123,1002,NA,https://sra-downloadb.be-md.ncbi.nlm.nih.gov/sos9/sra-pub-zq-922/SRR024/24897/SRR24897946/SRR24897946.lite.1,SRX20660155,GSM7473559,RNA-Seq,cDNA,TRANSCRIPTOMIC,PAIRED,0,0,ILLUMINA,Illumina NovaSeq 6000,SRP442889,PRJNA982793,3,982793,SRS17957452,SAMN35715210,simple,10090,Mus musculus,GSM7473559,NA,NA,NA,NA,NA,NA,no,NA,NA,NA,NA,"SIGNAL TRANSDUCTION AND METABOLISM LABORATORY, UNIVERSITÉ LIBRE DE BRUXELLES",SRA1653697,NA,public,983982BFEF2B8EDC296E9CCA97C6769E,5D208B31B4723F3E6FFA61F9E3C67356,SRR24897946
SRR24897947,2024-01-18 11:48:42,2023-06-12 16:43:16,24386788,2999574924,0,123,981,NA,https://sra-downloadb.be-md.ncbi.nlm.nih.gov/sos9/sra-pub-zq-922/SRR024/24897/SRR24897947/SRR24897947.lite.1,SRX20660155,GSM7473559,RNA-Seq,cDNA,TRANSCRIPTOMIC,PAIRED,0,0,ILLUMINA,Illumina NovaSeq 6000,SRP442889,PRJNA982793,3,982793,SRS17957452,SAMN35715210,simple,10090,Mus musculus,GSM7473559,NA,NA,NA,NA,NA,NA,no,NA,NA,NA,NA,"SIGNAL TRANSDUCTION AND METABOLISM LABORATORY, UNIVERSITÉ LIBRE DE BRUXELLES",SRA1653697,NA,public,3C0F9F54F89D897F85233CE270E36535,24348C4A677613F77CD1C59EC5063390,SRR24897947
SRR24897948,2024-01-18 11:48:42,2023-06-12 16:45:59,29625935,3643990005,0,123,1188,NA,https://sra-downloadb.be-md.ncbi.nlm.nih.gov/sos9/sra-pub-zq-922/SRR024/24897/SRR24897948/SRR24897948.lite.1,SRX20660155,GSM7473559,RNA-Seq,cDNA,TRANSCRIPTOMIC,PAIRED,0,0,ILLUMINA,Illumina NovaSeq 6000,SRP442889,PRJNA982793,3,982793,SRS17957452,SAMN35715210,simple,10090,Mus musculus,GSM7473559,NA,NA,NA,NA,NA,NA,no,NA,NA,NA,NA,"SIGNAL TRANSDUCTION AND METABOLISM LABORATORY, UNIVERSITÉ LIBRE DE BRUXELLES",SRA1653697,NA,public,8EEE7B6B6746F0EC823026750D41115D,330B12A365C01B790D4E41740A26DF38,SRR24897948
SRR24897949,2024-01-18 11:48:42,2023-06-12 16:45:21,28774061,3539209503,0,123,1161,NA,https://sra-downloadb.be-md.ncbi.nlm.nih.gov/sos9/sra-pub-zq-922/SRR024/24897/SRR24897949/SRR24897949.lite.1,SRX20660155,GSM7473559,RNA-Seq,cDNA,TRANSCRIPTOMIC,PAIRED,0,0,ILLUMINA,Illumina NovaSeq 6000,SRP442889,PRJNA982793,3,982793,SRS17957452,SAMN35715210,simple,10090,Mus musculus,GSM7473559,NA,NA,NA,NA,NA,NA,no,NA,NA,NA,NA,"SIGNAL TRANSDUCTION AND METABOLISM LABORATORY, UNIVERSITÉ LIBRE DE BRUXELLES",SRA1653697,NA,public,78515F4637AC6172D0E7A57B7908F683,31C8C0E3C99C498A237F965EABF63A48,SRR24897949
SRR24897950,2024-01-18 11:48:42,2023-06-12 16:44:17,26199703,3222563469,0,123,1047,NA,https://sra-downloadb.be-md.ncbi.nlm.nih.gov/sos9/sra-pub-zq-922/SRR024/24897/SRR24897950/SRR24897950.lite.1,SRX20660154,GSM7473558,RNA-Seq,cDNA,TRANSCRIPTOMIC,PAIRED,0,0,ILLUMINA,Illumina NovaSeq 6000,SRP442889,PRJNA982793,3,982793,SRS17957449,SAMN35715211,simple,10090,Mus musculus,GSM7473558,NA,NA,NA,NA,NA,NA,no,NA,NA,NA,NA,"SIGNAL TRANSDUCTION AND METABOLISM LABORATORY, UNIVERSITÉ LIBRE DE BRUXELLES",SRA1653697,NA,public,3BFB88E6664D644553A574FD2F383957,54CED69B167E1431D58118DFCBB14BA8,SRR24897950
SRR24897951,2024-01-18 11:48:42,2023-06-12 16:43:46,25473010,3133180230,0,123,1025,NA,https://sra-downloadb.be-md.ncbi.nlm.nih.gov/sos9/sra-pub-zq-922/SRR024/24897/SRR24897951/SRR24897951.lite.1,SRX20660154,GSM7473558,RNA-Seq,cDNA,TRANSCRIPTOMIC,PAIRED,0,0,ILLUMINA,Illumina NovaSeq 6000,SRP442889,PRJNA982793,3,982793,SRS17957449,SAMN35715211,simple,10090,Mus musculus,GSM7473558,NA,NA,NA,NA,NA,NA,no,NA,NA,NA,NA,"SIGNAL TRANSDUCTION AND METABOLISM LABORATORY, UNIVERSITÉ LIBRE DE BRUXELLES",SRA1653697,NA,public,6899B415FAE860FDEA86BE82E77B3511,6A44F8B548DAA63163E0886AD8157864,SRR24897951
SRR24897952,2024-01-18 11:48:42,2023-06-12 16:43:58,25992185,3197038755,0,123,1039,NA,https://sra-downloadb.be-md.ncbi.nlm.nih.gov/sos9/sra-pub-zq-922/SRR024/24897/SRR24897952/SRR24897952.lite.1,SRX20660154,GSM7473558,RNA-Seq,cDNA,TRANSCRIPTOMIC,PAIRED,0,0,ILLUMINA,Illumina NovaSeq 6000,SRP442889,PRJNA982793,3,982793,SRS17957449,SAMN35715211,simple,10090,Mus musculus,GSM7473558,NA,NA,NA,NA,NA,NA,no,NA,NA,NA,NA,"SIGNAL TRANSDUCTION AND METABOLISM LABORATORY, UNIVERSITÉ LIBRE DE BRUXELLES",SRA1653697,NA,public,D34B165ECC60FD3AFAF26ED144352DA1,4C707F27F842F018CA5FD023D10C99DB,SRR24897952
SRR24897953,2024-01-18 11:48:42,2023-06-12 16:43:52,25261688,3107187624,0,123,1017,NA,https://sra-downloadb.be-md.ncbi.nlm.nih.gov/sos9/sra-pub-zq-922/SRR024/24897/SRR24897953/SRR24897953.lite.1,SRX20660154,GSM7473558,RNA-Seq,cDNA,TRANSCRIPTOMIC,PAIRED,0,0,ILLUMINA,Illumina NovaSeq 6000,SRP442889,PRJNA982793,3,982793,SRS17957449,SAMN35715211,simple,10090,Mus musculus,GSM7473558,NA,NA,NA,NA,NA,NA,no,NA,NA,NA,NA,"SIGNAL TRANSDUCTION AND METABOLISM LABORATORY, UNIVERSITÉ LIBRE DE BRUXELLES",SRA1653697,NA,public,22CC35458EF9CA533FB251A8124F87FD,873D750EF9271A4A43403CA436AAF4B6,SRR24897953
SRR24897954,2024-01-18 11:48:42,2023-06-12 16:44:34,26532341,3263477943,0,123,1082,NA,https://sra-downloadb.be-md.ncbi.nlm.nih.gov/sos9/sra-pub-zq-922/SRR024/24897/SRR24897954/SRR24897954.lite.1,SRX20660154,GSM7473558,RNA-Seq,cDNA,TRANSCRIPTOMIC,PAIRED,0,0,ILLUMINA,Illumina NovaSeq 6000,SRP442889,PRJNA982793,3,982793,SRS17957449,SAMN35715211,simple,10090,Mus musculus,GSM7473558,NA,NA,NA,NA,NA,NA,no,NA,NA,NA,NA,"SIGNAL TRANSDUCTION AND METABOLISM LABORATORY, UNIVERSITÉ LIBRE DE BRUXELLES",SRA1653697,NA,public,6C84E08BC2DE5E0699B03D07CA595D6C,3DB9379F58703A83A5E2E45451FFC52A,SRR24897954
SRR24897955,2024-01-18 11:48:42,2023-06-12 16:44:26,25782603,3171260169,0,123,1058,NA,https://sra-downloadb.be-md.ncbi.nlm.nih.gov/sos9/sra-pub-zq-922/SRR024/24897/SRR24897955/SRR24897955.lite.1,SRX20660154,GSM7473558,RNA-Seq,cDNA,TRANSCRIPTOMIC,PAIRED,0,0,ILLUMINA,Illumina NovaSeq 6000,SRP442889,PRJNA982793,3,982793,SRS17957449,SAMN35715211,simple,10090,Mus musculus,GSM7473558,NA,NA,NA,NA,NA,NA,no,NA,NA,NA,NA,"SIGNAL TRANSDUCTION AND METABOLISM LABORATORY, UNIVERSITÉ LIBRE DE BRUXELLES",SRA1653697,NA,public,E57F96003EA5B0F476513DC247B114CD,7D5531B3ABCCAF388C002939DDAE27E3,SRR24897955
SRR24897956,2024-01-18 11:48:42,2023-06-12 16:44:39,26515162,3261364926,0,123,1064,NA,https://sra-downloadb.be-md.ncbi.nlm.nih.gov/sos9/sra-pub-zq-922/SRR024/24897/SRR24897956/SRR24897956.lite.1,SRX20660154,GSM7473558,RNA-Seq,cDNA,TRANSCRIPTOMIC,PAIRED,0,0,ILLUMINA,Illumina NovaSeq 6000,SRP442889,PRJNA982793,3,982793,SRS17957449,SAMN35715211,simple,10090,Mus musculus,GSM7473558,NA,NA,NA,NA,NA,NA,no,NA,NA,NA,NA,"SIGNAL TRANSDUCTION AND METABOLISM LABORATORY, UNIVERSITÉ LIBRE DE BRUXELLES",SRA1653697,NA,public,98533CB280C807BDF45D3F5743665F69,A5FE4C71329B46E930D6203AB696E915,SRR24897956
SRR24897957,2024-01-18 11:48:42,2023-06-12 16:44:04,25860884,3180888732,0,123,1044,NA,https://sra-downloadb.be-md.ncbi.nlm.nih.gov/sos9/sra-pub-zq-922/SRR024/24897/SRR24897957/SRR24897957.lite.1,SRX20660154,GSM7473558,RNA-Seq,cDNA,TRANSCRIPTOMIC,PAIRED,0,0,ILLUMINA,Illumina NovaSeq 6000,SRP442889,PRJNA982793,3,982793,SRS17957449,SAMN35715211,simple,10090,Mus musculus,GSM7473558,NA,NA,NA,NA,NA,NA,no,NA,NA,NA,NA,"SIGNAL TRANSDUCTION AND METABOLISM LABORATORY, UNIVERSITÉ LIBRE DE BRUXELLES",SRA1653697,NA,public,0364E2C61540C5F0A65F927676386999,C06077D16DF85C215D42346BEE3CBD8B,SRR24897957
SRR26442501,2024-10-02 13:22:34,2023-10-19 15:36:27,18672768,5601830400,18672768,300,1750,NA,https://sra-downloadb.be-md.ncbi.nlm.nih.gov/sos4/sra-pub-zq-7/SRR026/26442/SRR26442501/SRR26442501.lite.1,SRX22147061,GSM7849443,RNA-Seq,cDNA,TRANSCRIPTOMIC,PAIRED,0,0,ILLUMINA,Illumina NovaSeq 6000,SRP467386,PRJNA1030016,3,1030016,SRS19206782,SAMN37885545,simple,10090,Mus musculus,GSM7849443,NA,NA,NA,NA,NA,NA,no,NA,NA,NA,NA,"PATHOPHYSIOLOGY, SOUTHERN MEDICAL UNIVERSITY",SRA1735721,NA,public,827356A740AEFDEA659C541A82BC741B,5CC7FB089893815F216DFBB448764918,SRR26442501
SRR26442502,2024-10-02 13:22:34,2023-10-19 15:38:10,20946683,6284004900,20946683,300,1935,NA,https://sra-downloadb.be-md.ncbi.nlm.nih.gov/sos4/sra-pub-zq-7/SRR026/26442/SRR26442502/SRR26442502.lite.1,SRX22147060,GSM7849442,RNA-Seq,cDNA,TRANSCRIPTOMIC,PAIRED,0,0,ILLUMINA,Illumina NovaSeq 6000,SRP467386,PRJNA1030016,3,1030016,SRS19206781,SAMN37885546,simple,10090,Mus musculus,GSM7849442,NA,NA,NA,NA,NA,NA,no,NA,NA,NA,NA,"PATHOPHYSIOLOGY, SOUTHERN MEDICAL UNIVERSITY",SRA1735721,NA,public,1F633158874AC5BA0F46668156CCA2E4,6DCB84F663D6EFE5A3F229D2A7D5B319,SRR26442502
SRR26442503,2024-10-02 13:22:34,2023-10-19 15:42:37,20722479,6216743700,20722479,300,1923,NA,https://sra-downloadb.be-md.ncbi.nlm.nih.gov/sos4/sra-pub-zq-7/SRR026/26442/SRR26442503/SRR26442503.lite.1,SRX22147059,GSM7849441,RNA-Seq,cDNA,TRANSCRIPTOMIC,PAIRED,0,0,ILLUMINA,Illumina NovaSeq 6000,SRP467386,PRJNA1030016,3,1030016,SRS19206780,SAMN37885547,simple,10090,Mus musculus,GSM7849441,NA,NA,NA,NA,NA,NA,no,NA,NA,NA,NA,"PATHOPHYSIOLOGY, SOUTHERN MEDICAL UNIVERSITY",SRA1735721,NA,public,F19C298B27762DA38769F9F23EF2C172,4E858CCCC3C1798413252A33FDEC48E7,SRR26442503
SRR26442504,2024-10-02 13:22:34,2023-10-19 15:37:28,23102379,6930713700,23102379,300,2209,NA,https://sra-downloadb.be-md.ncbi.nlm.nih.gov/sos4/sra-pub-zq-7/SRR026/26442/SRR26442504/SRR26442504.lite.1,SRX22147058,GSM7849440,RNA-Seq,cDNA,TRANSCRIPTOMIC,PAIRED,0,0,ILLUMINA,Illumina NovaSeq 6000,SRP467386,PRJNA1030016,3,1030016,SRS19206779,SAMN37885548,simple,10090,Mus musculus,GSM7849440,NA,NA,NA,NA,NA,NA,no,NA,NA,NA,NA,"PATHOPHYSIOLOGY, SOUTHERN MEDICAL UNIVERSITY",SRA1735721,NA,public,B389862F4FD40F7C125A743DFB8A8E1A,BFC6821930C1EF37B3303D95B658D078,SRR26442504
SRR26442505,2024-10-02 13:22:34,2023-10-19 15:36:08,22724306,6817291800,22724306,300,2169,NA,https://sra-downloadb.be-md.ncbi.nlm.nih.gov/sos4/sra-pub-zq-7/SRR026/26442/SRR26442505/SRR26442505.lite.1,SRX22147057,GSM7849439,RNA-Seq,cDNA,TRANSCRIPTOMIC,PAIRED,0,0,ILLUMINA,Illumina NovaSeq 6000,SRP467386,PRJNA1030016,3,1030016,SRS19206778,SAMN37885549,simple,10090,Mus musculus,GSM7849439,NA,NA,NA,NA,NA,NA,no,NA,NA,NA,NA,"PATHOPHYSIOLOGY, SOUTHERN MEDICAL UNIVERSITY",SRA1735721,NA,public,C5B1B444286207F7561AF1FA211FD52C,B2387DA733CE724743F1FE917756E68E,SRR26442505
SRR26442506,2024-10-02 13:22:34,2023-10-19 15:37:19,22704955,6811486500,22704955,300,2032,NA,https://sra-downloadb.be-md.ncbi.nlm.nih.gov/sos4/sra-pub-zq-7/SRR026/26442/SRR26442506/SRR26442506.lite.1,SRX22147056,GSM7849438,RNA-Seq,cDNA,TRANSCRIPTOMIC,PAIRED,0,0,ILLUMINA,Illumina NovaSeq 6000,SRP467386,PRJNA1030016,3,1030016,SRS19206777,SAMN37885550,simple,10090,Mus musculus,GSM7849438,NA,NA,NA,NA,NA,NA,no,NA,NA,NA,NA,"PATHOPHYSIOLOGY, SOUTHERN MEDICAL UNIVERSITY",SRA1735721,NA,public,B905CF7EAF5AA4F6772F9AC2CA6C9FF2,0BB7ADA3ADE07AF9FF2FC358095F1070,SRR26442506
SRR26442507,2024-10-02 13:22:34,2023-10-19 15:47:42,23928911,7178673300,23928911,300,2151,NA,https://sra-downloadb.be-md.ncbi.nlm.nih.gov/sos4/sra-pub-zq-7/SRR026/26442/SRR26442507/SRR26442507.lite.1,SRX22147055,GSM7849437,RNA-Seq,cDNA,TRANSCRIPTOMIC,PAIRED,0,0,ILLUMINA,Illumina NovaSeq 6000,SRP467386,PRJNA1030016,3,1030016,SRS19206776,SAMN37885551,simple,10090,Mus musculus,GSM7849437,NA,NA,NA,NA,NA,NA,no,NA,NA,NA,NA,"PATHOPHYSIOLOGY, SOUTHERN MEDICAL UNIVERSITY",SRA1735721,NA,public,9EAF671FAF67A08D32645C58E7B9CD33,BC461DBFDEC92350D50D2069B95D2E2B,SRR26442507
SRR26442508,2024-10-02 13:22:34,2023-10-19 15:36:11,23521359,7056407700,23521359,300,2115,NA,https://sra-downloadb.be-md.ncbi.nlm.nih.gov/sos4/sra-pub-zq-7/SRR026/26442/SRR26442508/SRR26442508.lite.1,SRX22147054,GSM7849436,RNA-Seq,cDNA,TRANSCRIPTOMIC,PAIRED,0,0,ILLUMINA,Illumina NovaSeq 6000,SRP467386,PRJNA1030016,3,1030016,SRS19206775,SAMN37885552,simple,10090,Mus musculus,GSM7849436,NA,NA,NA,NA,NA,NA,no,NA,NA,NA,NA,"PATHOPHYSIOLOGY, SOUTHERN MEDICAL UNIVERSITY",SRA1735721,NA,public,473CE0E0B3A40AC80C6E56E2CC9778C3,8F6AEB538390C32D42359AC168B28218,SRR26442508
SRR26442509,2024-10-02 13:22:34,2023-10-19 15:36:47,22494243,6748272900,22494243,300,2084,NA,https://sra-downloadb.be-md.ncbi.nlm.nih.gov/sos4/sra-pub-zq-7/SRR026/26442/SRR26442509/SRR26442509.lite.1,SRX22147053,GSM7849435,RNA-Seq,cDNA,TRANSCRIPTOMIC,PAIRED,0,0,ILLUMINA,Illumina NovaSeq 6000,SRP467386,PRJNA1030016,3,1030016,SRS19206774,SAMN37885553,simple,10090,Mus musculus,GSM7849435,NA,NA,NA,NA,NA,NA,no,NA,NA,NA,NA,"PATHOPHYSIOLOGY, SOUTHERN MEDICAL UNIVERSITY",SRA1735721,NA,public,AA4045828F523E668B237DDC8D514602,43534B56045B84B3AC44D21F93DCB7D4,SRR26442509
SRR26442510,2024-10-02 13:22:34,2023-10-19 15:42:24,22187403,6656220900,22187403,300,2059,NA,https://sra-downloadb.be-md.ncbi.nlm.nih.gov/sos4/sra-pub-zq-7/SRR026/26442/SRR26442510/SRR26442510.lite.1,SRX22147052,GSM7849434,RNA-Seq,cDNA,TRANSCRIPTOMIC,PAIRED,0,0,ILLUMINA,Illumina NovaSeq 6000,SRP467386,PRJNA1030016,3,1030016,SRS19206773,SAMN37885554,simple,10090,Mus musculus,GSM7849434,NA,NA,NA,NA,NA,NA,no,NA,NA,NA,NA,"PATHOPHYSIOLOGY, SOUTHERN MEDICAL UNIVERSITY",SRA1735721,NA,public,E47CAFD34EFD2D66C0BDAF6B9CBD5FD8,A1763B028DDE5F07EE91B424B9D229EC,SRR26442510
SRR26442511,2024-10-02 13:22:34,2023-10-19 15:41:14,22754636,6826390800,22754636,300,2116,NA,https://sra-downloadb.be-md.ncbi.nlm.nih.gov/sos4/sra-pub-zq-7/SRR026/26442/SRR26442511/SRR26442511.lite.1,SRX22147051,GSM7849433,RNA-Seq,cDNA,TRANSCRIPTOMIC,PAIRED,0,0,ILLUMINA,Illumina NovaSeq 6000,SRP467386,PRJNA1030016,3,1030016,SRS19206772,SAMN37885555,simple,10090,Mus musculus,GSM7849433,NA,NA,NA,NA,NA,NA,no,NA,NA,NA,NA,"PATHOPHYSIOLOGY, SOUTHERN MEDICAL UNIVERSITY",SRA1735721,NA,public,2D84B57D0D219AA53BE649E0B43C557C,0D2D571CECB405F085830CE945035416,SRR26442511
SRR26442512,2024-10-02 13:22:34,2023-10-19 15:37:38,23224838,6967451400,23224838,300,2118,NA,https://sra-downloadb.be-md.ncbi.nlm.nih.gov/sos4/sra-pub-zq-7/SRR026/26442/SRR26442512/SRR26442512.lite.1,SRX22147050,GSM7849432,RNA-Seq,cDNA,TRANSCRIPTOMIC,PAIRED,0,0,ILLUMINA,Illumina NovaSeq 6000,SRP467386,PRJNA1030016,3,1030016,SRS19206771,SAMN37885556,simple,10090,Mus musculus,GSM7849432,NA,NA,NA,NA,NA,NA,no,NA,NA,NA,NA,"PATHOPHYSIOLOGY, SOUTHERN MEDICAL UNIVERSITY",SRA1735721,NA,public,843C74C19A68564CEE17E9B0A77BDA60,0A387360927067E4DB31D3CB42FAFA99,SRR26442512
SRR26442513,2024-10-02 13:22:34,2023-10-19 15:37:35,22672840,6801852000,22672840,300,2103,NA,https://sra-downloadb.be-md.ncbi.nlm.nih.gov/sos4/sra-pub-zq-7/SRR026/26442/SRR26442513/SRR26442513.lite.1,SRX22147049,GSM7849431,RNA-Seq,cDNA,TRANSCRIPTOMIC,PAIRED,0,0,ILLUMINA,Illumina NovaSeq 6000,SRP467386,PRJNA1030016,3,1030016,SRS19206770,SAMN37885557,simple,10090,Mus musculus,GSM7849431,NA,NA,NA,NA,NA,NA,no,NA,NA,NA,NA,"PATHOPHYSIOLOGY, SOUTHERN MEDICAL UNIVERSITY",SRA1735721,NA,public,785887B1793DAAC7DEF5FA58A3154CB7,ABFE40F293D60542064EE3B8227C571F,SRR26442513
SRR27989353,2024-08-28 08:46:31,2024-02-16 12:40:28,25954446,7786333800,25954446,300,2568,NA,https://sra-downloadb.be-md.ncbi.nlm.nih.gov/sos6/sra-pub-zq-40/SRR027/27989/SRR27989353/SRR27989353.lite.1,SRX23642417,GSM8083272,RIP-Seq,other,TRANSCRIPTOMIC,PAIRED,0,0,ILLUMINA,Illumina NovaSeq 6000,SRP490015,PRJNA1077285,3,1077285,SRS20477651,SAMN39964485,simple,10090,Mus musculus,GSM8083272,NA,NA,NA,NA,NA,NA,no,NA,NA,NA,NA,"MEHER LAB, EAST CAROLINA UNIVERSITY",SRA1803507,NA,public,973955B590C413F0FB158A3830790FC8,4DF40E398446E69A8930B91B0E9787B1,SRR27989353
SRR27989354,2024-08-28 08:46:31,2024-02-16 12:40:20,23186379,6955913700,23186379,300,2341,NA,https://sra-downloadb.be-md.ncbi.nlm.nih.gov/sos6/sra-pub-zq-40/SRR027/27989/SRR27989354/SRR27989354.lite.1,SRX23642416,GSM8083271,RIP-Seq,other,TRANSCRIPTOMIC,PAIRED,0,0,ILLUMINA,Illumina NovaSeq 6000,SRP490015,PRJNA1077285,3,1077285,SRS20477052,SAMN39964486,simple,10090,Mus musculus,GSM8083271,NA,NA,NA,NA,NA,NA,no,NA,NA,NA,NA,"MEHER LAB, EAST CAROLINA UNIVERSITY",SRA1803507,NA,public,B0946F596FC249FBBC913ADA268687B5,9A8601CFD44853395CEF94116F80A314,SRR27989354
SRR27989355,2024-08-28 08:46:31,2024-02-16 12:42:26,23480953,7044285900,23480953,300,2335,NA,https://sra-downloadb.be-md.ncbi.nlm.nih.gov/sos6/sra-pub-zq-40/SRR027/27989/SRR27989355/SRR27989355.lite.1,SRX23642415,GSM8083270,RIP-Seq,other,TRANSCRIPTOMIC,PAIRED,0,0,ILLUMINA,Illumina NovaSeq 6000,SRP490015,PRJNA1077285,3,1077285,SRS20477649,SAMN39964487,simple,10090,Mus musculus,GSM8083270,NA,NA,NA,NA,NA,NA,no,NA,NA,NA,NA,"MEHER LAB, EAST CAROLINA UNIVERSITY",SRA1803507,NA,public,EE9F6DFE2AC89A45ED3FF2B784C67D39,796217BD92793BB0D24026E1E5DE481B,SRR27989355
SRR27989356,2024-08-28 08:46:31,2024-02-16 12:40:37,25160546,7548163800,25160546,300,2450,NA,https://sra-downloadb.be-md.ncbi.nlm.nih.gov/sos6/sra-pub-zq-40/SRR027/27989/SRR27989356/SRR27989356.lite.1,SRX23642414,GSM8083269,RIP-Seq,other,TRANSCRIPTOMIC,PAIRED,0,0,ILLUMINA,Illumina NovaSeq 6000,SRP490015,PRJNA1077285,3,1077285,SRS20477051,SAMN39964488,simple,10090,Mus musculus,GSM8083269,NA,NA,NA,NA,NA,NA,no,NA,NA,NA,NA,"MEHER LAB, EAST CAROLINA UNIVERSITY",SRA1803507,NA,public,9A588F079D6526C08BD392AFB8347B4A,DFEE2E5A6DA1BA7F90A46E9C4E741104,SRR27989356
SRR27989357,2024-08-28 08:46:31,2024-02-16 12:41:37,19995194,5998558200,19995194,300,2001,NA,https://sra-downloadb.be-md.ncbi.nlm.nih.gov/sos6/sra-pub-zq-40/SRR027/27989/SRR27989357/SRR27989357.lite.1,SRX23642413,GSM8083268,RIP-Seq,other,TRANSCRIPTOMIC,PAIRED,0,0,ILLUMINA,Illumina NovaSeq 6000,SRP490015,PRJNA1077285,3,1077285,SRS20477648,SAMN39964489,simple,10090,Mus musculus,GSM8083268,NA,NA,NA,NA,NA,NA,no,NA,NA,NA,NA,"MEHER LAB, EAST CAROLINA UNIVERSITY",SRA1803507,NA,public,55D4B53405131C3CAF18099A27B613B7,03B48EE6AE913BABE88AAD0F570E1BB8,SRR27989357
SRR27989358,2024-08-28 08:46:31,2024-02-16 12:40:10,21708771,6512631300,21708771,300,2148,NA,https://sra-downloadb.be-md.ncbi.nlm.nih.gov/sos6/sra-pub-zq-40/SRR027/27989/SRR27989358/SRR27989358.lite.1,SRX23642412,GSM8083267,RIP-Seq,other,TRANSCRIPTOMIC,PAIRED,0,0,ILLUMINA,Illumina NovaSeq 6000,SRP490015,PRJNA1077285,3,1077285,SRS20477647,SAMN39964490,simple,10090,Mus musculus,GSM8083267,NA,NA,NA,NA,NA,NA,no,NA,NA,NA,NA,"MEHER LAB, EAST CAROLINA UNIVERSITY",SRA1803507,NA,public,DC2B91F539A0698908D8EDE3241F710E,148D70C85D4F971AB0E1928B1F1E36A6,SRR27989358
SRR27989359,2024-08-28 08:46:31,2024-02-16 12:43:13,24050755,7215226500,24050755,300,2387,NA,https://sra-downloadb.be-md.ncbi.nlm.nih.gov/sos6/sra-pub-zq-40/SRR027/27989/SRR27989359/SRR27989359.lite.1,SRX23642411,GSM8083266,RIP-Seq,other,TRANSCRIPTOMIC,PAIRED,0,0,ILLUMINA,Illumina NovaSeq 6000,SRP490015,PRJNA1077285,3,1077285,SRS20477646,SAMN39964491,simple,10090,Mus musculus,GSM8083266,NA,NA,NA,NA,NA,NA,no,NA,NA,NA,NA,"MEHER LAB, EAST CAROLINA UNIVERSITY",SRA1803507,NA,public,E53BDBD9C6C9E9A7F0249F8A65F695C1,554FDC481008CF2B1AC50A738FC4F6FD,SRR27989359
SRR27989360,2024-08-28 08:46:31,2024-02-16 12:42:20,23680009,7104002700,23680009,300,2333,NA,https://sra-downloadb.be-md.ncbi.nlm.nih.gov/sos6/sra-pub-zq-40/SRR027/27989/SRR27989360/SRR27989360.lite.1,SRX23642410,GSM8083265,RIP-Seq,other,TRANSCRIPTOMIC,PAIRED,0,0,ILLUMINA,Illumina NovaSeq 6000,SRP490015,PRJNA1077285,3,1077285,SRS20477645,SAMN39964492,simple,10090,Mus musculus,GSM8083265,NA,NA,NA,NA,NA,NA,no,NA,NA,NA,NA,"MEHER LAB, EAST CAROLINA UNIVERSITY",SRA1803507,NA,public,154CD47D8A74ADF287339E440E1229E6,B3A8EBF38EF680470387502DD75737C8,SRR27989360
SRR28493054,2025-05-28 17:51:29,2024-03-29 09:14:14,35874533,10762359900,35874533,300,3399,NA,https://sra-downloadb.be-md.ncbi.nlm.nih.gov/sos1/sra-pub-zq-38/SRR028/28493/SRR28493054/SRR28493054.lite.1,SRX24095231,GSM8178539,RNA-Seq,cDNA,TRANSCRIPTOMIC,PAIRED,0,0,ILLUMINA,Illumina NovaSeq 6000,SRP498536,PRJNA1093168,4,1093168,SRS20884506,SAMN40648997,simple,10090,Mus musculus,GSM8178539,NA,NA,NA,NA,NA,NA,no,NA,NA,NA,NA,BRIGHAM AND WOMEN'S HOPSITAL,SRA1835513,NA,public,3C22E5BB928672FC6E07744CBB99D908,3CAF966D1988A89D6B208D40CE5A9135,SRR28493054
SRR28493055,2025-05-28 17:51:29,2024-03-29 09:15:03,38903344,11671003200,38903344,300,3670,NA,https://sra-downloadb.be-md.ncbi.nlm.nih.gov/sos1/sra-pub-zq-38/SRR028/28493/SRR28493055/SRR28493055.lite.1,SRX24095230,GSM8178538,RNA-Seq,cDNA,TRANSCRIPTOMIC,PAIRED,0,0,ILLUMINA,Illumina NovaSeq 6000,SRP498536,PRJNA1093168,4,1093168,SRS20884504,SAMN40648998,simple,10090,Mus musculus,GSM8178538,NA,NA,NA,NA,NA,NA,no,NA,NA,NA,NA,BRIGHAM AND WOMEN'S HOPSITAL,SRA1835513,NA,public,4F79A9F7197FA8226A9C178744B60149,845CEC18DE5DFB9448CC388737CBE757,SRR28493055
SRR28493056,2025-05-28 17:51:29,2024-03-29 09:27:48,48676493,14602947900,48676493,300,4574,NA,https://sra-downloadb.be-md.ncbi.nlm.nih.gov/sos1/sra-pub-zq-38/SRR028/28493/SRR28493056/SRR28493056.lite.1,SRX24095229,GSM8178537,RNA-Seq,cDNA,TRANSCRIPTOMIC,PAIRED,0,0,ILLUMINA,Illumina NovaSeq 6000,SRP498536,PRJNA1093168,4,1093168,SRS20884502,SAMN40648999,simple,10090,Mus musculus,GSM8178537,NA,NA,NA,NA,NA,NA,no,NA,NA,NA,NA,BRIGHAM AND WOMEN'S HOPSITAL,SRA1835513,NA,public,CCD6D1E4D7BA74293B49E51E77507FE9,A2B9B235DDF3E01271A7EA386D7DD69E,SRR28493056
SRR28493057,2025-05-28 17:51:29,2024-03-29 09:32:59,42291923,12687576900,42291923,300,4027,NA,https://sra-downloadb.be-md.ncbi.nlm.nih.gov/sos1/sra-pub-zq-38/SRR028/28493/SRR28493057/SRR28493057.lite.1,SRX24095228,GSM8178536,RNA-Seq,cDNA,TRANSCRIPTOMIC,PAIRED,0,0,ILLUMINA,Illumina NovaSeq 6000,SRP498536,PRJNA1093168,4,1093168,SRS20884505,SAMN40649000,simple,10090,Mus musculus,GSM8178536,NA,NA,NA,NA,NA,NA,no,NA,NA,NA,NA,BRIGHAM AND WOMEN'S HOPSITAL,SRA1835513,NA,public,78CA02A62DEC94A6CF0156DB87CF28CF,2BA3739FA5074C1AB88084723FA09018,SRR28493057
SRR28493058,2025-05-28 17:51:29,2024-03-29 09:21:11,39558788,11867636400,39558788,300,3718,NA,https://sra-downloadb.be-md.ncbi.nlm.nih.gov/sos1/sra-pub-zq-38/SRR028/28493/SRR28493058/SRR28493058.lite.1,SRX24095227,GSM8178535,RNA-Seq,cDNA,TRANSCRIPTOMIC,PAIRED,0,0,ILLUMINA,Illumina NovaSeq 6000,SRP498536,PRJNA1093168,4,1093168,SRS20884503,SAMN40649001,simple,10090,Mus musculus,GSM8178535,NA,NA,NA,NA,NA,NA,no,NA,NA,NA,NA,BRIGHAM AND WOMEN'S HOPSITAL,SRA1835513,NA,public,BF96270EF48C617D1628870BD3896230,277648A1E34E9C31F0AC11FB2444536B,SRR28493058
SRR28493059,2025-05-28 17:51:28,2024-03-29 09:21:14,38191287,11457386100,38191287,300,3626,NA,https://sra-downloadb.be-md.ncbi.nlm.nih.gov/sos1/sra-pub-zq-38/SRR028/28493/SRR28493059/SRR28493059.lite.1,SRX24095226,GSM8178534,RNA-Seq,cDNA,TRANSCRIPTOMIC,PAIRED,0,0,ILLUMINA,Illumina NovaSeq 6000,SRP498536,PRJNA1093168,4,1093168,SRS20884501,SAMN40649002,simple,10090,Mus musculus,GSM8178534,NA,NA,NA,NA,NA,NA,no,NA,NA,NA,NA,BRIGHAM AND WOMEN'S HOPSITAL,SRA1835513,NA,public,0557289DD80106BA83B78D2E844EA45A,3D3A5B528C4F73A1595778FEE6649AD2,SRR28493059
SRR28493060,2025-05-28 17:51:28,2024-03-29 09:23:06,43072000,12921600000,43072000,300,4054,NA,https://sra-downloadb.be-md.ncbi.nlm.nih.gov/sos1/sra-pub-zq-38/SRR028/28493/SRR28493060/SRR28493060.lite.1,SRX24095225,GSM8178533,RNA-Seq,cDNA,TRANSCRIPTOMIC,PAIRED,0,0,ILLUMINA,Illumina NovaSeq 6000,SRP498536,PRJNA1093168,4,1093168,SRS20884500,SAMN40649003,simple,10090,Mus musculus,GSM8178533,NA,NA,NA,NA,NA,NA,no,NA,NA,NA,NA,BRIGHAM AND WOMEN'S HOPSITAL,SRA1835513,NA,public,6DDB875128A1BC5709CC58B7A082DB42,CC5B3B80260A6B0879138B8A44BEB610,SRR28493060
SRR28493061,2025-05-28 17:51:28,2024-03-29 09:15:56,51032629,15309788700,51032629,300,4804,NA,https://sra-downloadb.be-md.ncbi.nlm.nih.gov/sos1/sra-pub-zq-38/SRR028/28493/SRR28493061/SRR28493061.lite.1,SRX24095224,GSM8178532,RNA-Seq,cDNA,TRANSCRIPTOMIC,PAIRED,0,0,ILLUMINA,Illumina NovaSeq 6000,SRP498536,PRJNA1093168,4,1093168,SRS20884510,SAMN40649004,simple,10090,Mus musculus,GSM8178532,NA,NA,NA,NA,NA,NA,no,NA,NA,NA,NA,BRIGHAM AND WOMEN'S HOPSITAL,SRA1835513,NA,public,13A7F548B40D74A0C4E0395A8A435AC7,3DCAA98BCD89DBE7398F8AB455FD0E31,SRR28493061
SRR28493062,2025-05-28 17:51:28,2024-03-29 09:14:33,37386414,11215924200,37386414,300,3525,NA,https://sra-downloadb.be-md.ncbi.nlm.nih.gov/sos1/sra-pub-zq-38/SRR028/28493/SRR28493062/SRR28493062.lite.1,SRX24095223,GSM8178531,RNA-Seq,cDNA,TRANSCRIPTOMIC,PAIRED,0,0,ILLUMINA,Illumina NovaSeq 6000,SRP498536,PRJNA1093168,4,1093168,SRS20884511,SAMN40649005,simple,10090,Mus musculus,GSM8178531,NA,NA,NA,NA,NA,NA,no,NA,NA,NA,NA,BRIGHAM AND WOMEN'S HOPSITAL,SRA1835513,NA,public,7BCBA640883C12B3D0C7C6DCBB2D4DF4,44AE1EDCAE1E492A1760DD8E06109F31,SRR28493062
SRR28493063,2025-05-28 17:51:28,2024-03-29 09:17:32,36129670,10838901000,36129670,300,3445,NA,https://sra-downloadb.be-md.ncbi.nlm.nih.gov/sos1/sra-pub-zq-38/SRR028/28493/SRR28493063/SRR28493063.lite.1,SRX24095222,GSM8178530,RNA-Seq,cDNA,TRANSCRIPTOMIC,PAIRED,0,0,ILLUMINA,Illumina NovaSeq 6000,SRP498536,PRJNA1093168,4,1093168,SRS20884508,SAMN40649006,simple,10090,Mus musculus,GSM8178530,NA,NA,NA,NA,NA,NA,no,NA,NA,NA,NA,BRIGHAM AND WOMEN'S HOPSITAL,SRA1835513,NA,public,6004B0FB0C0806E2511E4020A63E83E4,0D5BC2D1B13A4B68FEE3731A38FBBA48,SRR28493063
SRR28493064,2025-05-28 17:51:28,2024-03-29 09:14:21,38412966,11523889800,38412966,300,3649,NA,https://sra-downloadb.be-md.ncbi.nlm.nih.gov/sos1/sra-pub-zq-38/SRR028/28493/SRR28493064/SRR28493064.lite.1,SRX24095221,GSM8178529,RNA-Seq,cDNA,TRANSCRIPTOMIC,PAIRED,0,0,ILLUMINA,Illumina NovaSeq 6000,SRP498536,PRJNA1093168,4,1093168,SRS20884509,SAMN40649007,simple,10090,Mus musculus,GSM8178529,NA,NA,NA,NA,NA,NA,no,NA,NA,NA,NA,BRIGHAM AND WOMEN'S HOPSITAL,SRA1835513,NA,public,F25CCB987437B84DA6967F49A5EFB9D3,7127AB323E22CB4058079800B7465746,SRR28493064
SRR28493065,2025-05-28 17:51:29,2024-03-29 09:15:28,42246520,12673956000,42246520,300,3995,NA,https://sra-downloadb.be-md.ncbi.nlm.nih.gov/sos1/sra-pub-zq-38/SRR028/28493/SRR28493065/SRR28493065.lite.1,SRX24095220,GSM8178528,RNA-Seq,cDNA,TRANSCRIPTOMIC,PAIRED,0,0,ILLUMINA,Illumina NovaSeq 6000,SRP498536,PRJNA1093168,4,1093168,SRS20884507,SAMN40649008,simple,10090,Mus musculus,GSM8178528,NA,NA,NA,NA,NA,NA,no,NA,NA,NA,NA,BRIGHAM AND WOMEN'S HOPSITAL,SRA1835513,NA,public,BAD1EC1D1A5C02C765F299FC0A2045AD,49EEC6DD25D8F662A99F39D8F200B0B2,SRR28493065
SRR28493066,2025-05-28 17:51:29,2024-03-29 09:14:12,36799570,11039871000,36799570,300,3577,NA,https://sra-downloadb.be-md.ncbi.nlm.nih.gov/sos1/sra-pub-zq-38/SRR028/28493/SRR28493066/SRR28493066.lite.1,SRX24095219,GSM8178527,RNA-Seq,cDNA,TRANSCRIPTOMIC,PAIRED,0,0,ILLUMINA,Illumina NovaSeq 6000,SRP498536,PRJNA1093168,4,1093168,SRS20884499,SAMN40649009,simple,10090,Mus musculus,GSM8178527,NA,NA,NA,NA,NA,NA,no,NA,NA,NA,NA,BRIGHAM AND WOMEN'S HOPSITAL,SRA1835513,NA,public,9FC62C8C78F11AA369A43AB30D68AACB,C168CCE21C5C128279DE502BB6595B6A,SRR28493066
SRR28493067,2025-05-28 17:51:29,2024-03-29 09:21:03,33611248,10083374400,33611248,300,3213,NA,https://sra-downloadb.be-md.ncbi.nlm.nih.gov/sos1/sra-pub-zq-38/SRR028/28493/SRR28493067/SRR28493067.lite.1,SRX24095218,GSM8178526,RNA-Seq,cDNA,TRANSCRIPTOMIC,PAIRED,0,0,ILLUMINA,Illumina NovaSeq 6000,SRP498536,PRJNA1093168,4,1093168,SRS20884498,SAMN40649010,simple,10090,Mus musculus,GSM8178526,NA,NA,NA,NA,NA,NA,no,NA,NA,NA,NA,BRIGHAM AND WOMEN'S HOPSITAL,SRA1835513,NA,public,EFDC441EC8C771D536ED089330A4B0F4,878A33A17FA967D64BBF14FF59EF5F9C,SRR28493067
SRR28493068,2025-05-28 17:51:29,2024-03-29 09:15:03,39143715,11743114500,39143715,300,3683,NA,https://sra-downloadb.be-md.ncbi.nlm.nih.gov/sos1/sra-pub-zq-38/SRR028/28493/SRR28493068/SRR28493068.lite.1,SRX24095217,GSM8178525,RNA-Seq,cDNA,TRANSCRIPTOMIC,PAIRED,0,0,ILLUMINA,Illumina NovaSeq 6000,SRP498536,PRJNA1093168,4,1093168,SRS20884492,SAMN40649011,simple,10090,Mus musculus,GSM8178525,NA,NA,NA,NA,NA,NA,no,NA,NA,NA,NA,BRIGHAM AND WOMEN'S HOPSITAL,SRA1835513,NA,public,6BB578569EE268F839D1CE5A4C6EFB53,C191604EEC46CEA093FBFCCC5A780D35,SRR28493068
SRR28493069,2025-05-28 17:51:28,2024-03-29 09:14:54,43011549,12903464700,43011549,300,4058,NA,https://sra-downloadb.be-md.ncbi.nlm.nih.gov/sos1/sra-pub-zq-38/SRR028/28493/SRR28493069/SRR28493069.lite.1,SRX24095216,GSM8178524,RNA-Seq,cDNA,TRANSCRIPTOMIC,PAIRED,0,0,ILLUMINA,Illumina NovaSeq 6000,SRP498536,PRJNA1093168,4,1093168,SRS20884493,SAMN40649012,simple,10090,Mus musculus,GSM8178524,NA,NA,NA,NA,NA,NA,no,NA,NA,NA,NA,BRIGHAM AND WOMEN'S HOPSITAL,SRA1835513,NA,public,01507CF906B4B4DC4405BF853D9616DD,546B68570B2F3FA5ADCF3BD81D3D2A9D,SRR28493069
SRR28624805,2025-05-25 14:51:32,2024-04-11 10:20:18,4411532,441153200,0,100,147,NA,https://sra-downloadb.be-md.ncbi.nlm.nih.gov/sos1/sra-pub-zq-38/SRR028/28624/SRR28624805/SRR28624805.lite.1,SRX24222827,GSM8197901,RNA-Seq,cDNA,TRANSCRIPTOMIC,SINGLE,0,0,ILLUMINA,NextSeq 2000,SRP501174,PRJNA1099171,4,1099171,SRS20992463,SAMN40928962,simple,10090,Mus musculus,GSM8197901,NA,NA,NA,NA,NA,NA,no,NA,NA,NA,NA,"SPIELMANN, HUMAN GENETICS, UKSH",SRA1843786,NA,public,76EED1E4891B6B41D703CF243CF8FAD4,D48FCCF2045B28D5F589FE3CE085A4C7,SRR28624805
SRR28624806,2025-05-25 14:51:32,2024-04-11 10:19:09,4792203,479220300,0,100,160,NA,https://sra-downloadb.be-md.ncbi.nlm.nih.gov/sos1/sra-pub-zq-38/SRR028/28624/SRR28624806/SRR28624806.lite.1,SRX24222826,GSM8197900,RNA-Seq,cDNA,TRANSCRIPTOMIC,SINGLE,0,0,ILLUMINA,NextSeq 2000,SRP501174,PRJNA1099171,4,1099171,SRS20992462,SAMN40928963,simple,10090,Mus musculus,GSM8197900,NA,NA,NA,NA,NA,NA,no,NA,NA,NA,NA,"SPIELMANN, HUMAN GENETICS, UKSH",SRA1843786,NA,public,5AC9E86CA13FB848A5B0EC65D0A11669,BAE54B2265197E7288BCECF5B37B032D,SRR28624806
SRR28624807,2025-05-25 14:51:32,2024-04-11 10:19:37,3929454,392945400,0,100,134,NA,https://sra-downloadb.be-md.ncbi.nlm.nih.gov/sos1/sra-pub-zq-38/SRR028/28624/SRR28624807/SRR28624807.lite.1,SRX24222825,GSM8197899,RNA-Seq,cDNA,TRANSCRIPTOMIC,SINGLE,0,0,ILLUMINA,NextSeq 2000,SRP501174,PRJNA1099171,4,1099171,SRS20992461,SAMN40928964,simple,10090,Mus musculus,GSM8197899,NA,NA,NA,NA,NA,NA,no,NA,NA,NA,NA,"SPIELMANN, HUMAN GENETICS, UKSH",SRA1843786,NA,public,0D4798CF059D1F0BE90CFFD8E8C28453,7A12A848780BE42C901EDE5C7FFDF4C2,SRR28624807
SRR28624808,2025-05-25 14:51:32,2024-04-11 10:20:02,4229530,422953000,0,100,142,NA,https://sra-downloadb.be-md.ncbi.nlm.nih.gov/sos1/sra-pub-zq-38/SRR028/28624/SRR28624808/SRR28624808.lite.1,SRX24222824,GSM8197898,RNA-Seq,cDNA,TRANSCRIPTOMIC,SINGLE,0,0,ILLUMINA,NextSeq 2000,SRP501174,PRJNA1099171,4,1099171,SRS20992460,SAMN40928965,simple,10090,Mus musculus,GSM8197898,NA,NA,NA,NA,NA,NA,no,NA,NA,NA,NA,"SPIELMANN, HUMAN GENETICS, UKSH",SRA1843786,NA,public,BA4875B3C884438EEE81CD92EFC10F09,A10C9B9E7C0AA9B67B92F7643DA5933E,SRR28624808
SRR28624809,2025-05-25 14:51:31,2024-04-11 10:20:07,3957956,395795600,0,100,133,NA,https://sra-downloadb.be-md.ncbi.nlm.nih.gov/sos1/sra-pub-zq-38/SRR028/28624/SRR28624809/SRR28624809.lite.1,SRX24222823,GSM8197897,RNA-Seq,cDNA,TRANSCRIPTOMIC,SINGLE,0,0,ILLUMINA,NextSeq 2000,SRP501174,PRJNA1099171,4,1099171,SRS20992459,SAMN40928966,simple,10090,Mus musculus,GSM8197897,NA,NA,NA,NA,NA,NA,no,NA,NA,NA,NA,"SPIELMANN, HUMAN GENETICS, UKSH",SRA1843786,NA,public,C77DDE4AC53AE858DF90440794C18843,F40B65A18F5D6071CEA3B69BDC4998EB,SRR28624809
SRR28624810,2025-05-25 14:51:31,2024-04-11 10:19:52,3896724,389672400,0,100,130,NA,https://sra-downloadb.be-md.ncbi.nlm.nih.gov/sos1/sra-pub-zq-38/SRR028/28624/SRR28624810/SRR28624810.lite.1,SRX24222822,GSM8197896,RNA-Seq,cDNA,TRANSCRIPTOMIC,SINGLE,0,0,ILLUMINA,NextSeq 2000,SRP501174,PRJNA1099171,4,1099171,SRS20992458,SAMN40928967,simple,10090,Mus musculus,GSM8197896,NA,NA,NA,NA,NA,NA,no,NA,NA,NA,NA,"SPIELMANN, HUMAN GENETICS, UKSH",SRA1843786,NA,public,81AB69D28E06092CE025E23560DAE4C7,A67F12903A5C3036E948CB25A4FA52C9,SRR28624810
SRR28624811,2025-05-25 14:51:31,2024-04-11 10:19:32,3859179,385917900,0,100,128,NA,https://sra-downloadb.be-md.ncbi.nlm.nih.gov/sos1/sra-pub-zq-38/SRR028/28624/SRR28624811/SRR28624811.lite.1,SRX24222821,GSM8197895,RNA-Seq,cDNA,TRANSCRIPTOMIC,SINGLE,0,0,ILLUMINA,NextSeq 2000,SRP501174,PRJNA1099171,4,1099171,SRS20992457,SAMN40928968,simple,10090,Mus musculus,GSM8197895,NA,NA,NA,NA,NA,NA,no,NA,NA,NA,NA,"SPIELMANN, HUMAN GENETICS, UKSH",SRA1843786,NA,public,2D936848EE70BE0F70BE952868914FB8,DFCDDCB614C05EBE063DD993DC81BDA9,SRR28624811
SRR28624812,2025-05-25 14:51:31,2024-04-11 10:19:04,3592867,359286700,0,100,118,NA,https://sra-downloadb.be-md.ncbi.nlm.nih.gov/sos1/sra-pub-zq-38/SRR028/28624/SRR28624812/SRR28624812.lite.1,SRX24222820,GSM8197894,RNA-Seq,cDNA,TRANSCRIPTOMIC,SINGLE,0,0,ILLUMINA,NextSeq 2000,SRP501174,PRJNA1099171,4,1099171,SRS20992456,SAMN40928969,simple,10090,Mus musculus,GSM8197894,NA,NA,NA,NA,NA,NA,no,NA,NA,NA,NA,"SPIELMANN, HUMAN GENETICS, UKSH",SRA1843786,NA,public,CC14DF8A1622794C65CF0BF731972419,D37B914DAADCAAD65715F62E4E848F64,SRR28624812
SRR28624813,2025-05-25 14:51:31,2024-04-11 10:20:07,5203531,520353100,0,100,174,NA,https://sra-downloadb.be-md.ncbi.nlm.nih.gov/sos1/sra-pub-zq-38/SRR028/28624/SRR28624813/SRR28624813.lite.1,SRX24222819,GSM8197893,RNA-Seq,cDNA,TRANSCRIPTOMIC,SINGLE,0,0,ILLUMINA,NextSeq 2000,SRP501174,PRJNA1099171,4,1099171,SRS20992455,SAMN40928970,simple,10090,Mus musculus,GSM8197893,NA,NA,NA,NA,NA,NA,no,NA,NA,NA,NA,"SPIELMANN, HUMAN GENETICS, UKSH",SRA1843786,NA,public,E6E0234122136ECA1C572D1892211DA3,52CBD19620664CC5E5C14A37F89455F2,SRR28624813
SRR28624814,2025-05-25 14:51:31,2024-04-11 10:19:46,3224290,322429000,0,100,107,NA,https://sra-downloadb.be-md.ncbi.nlm.nih.gov/sos1/sra-pub-zq-38/SRR028/28624/SRR28624814/SRR28624814.lite.1,SRX24222818,GSM8197892,RNA-Seq,cDNA,TRANSCRIPTOMIC,SINGLE,0,0,ILLUMINA,NextSeq 2000,SRP501174,PRJNA1099171,4,1099171,SRS20992454,SAMN40928971,simple,10090,Mus musculus,GSM8197892,NA,NA,NA,NA,NA,NA,no,NA,NA,NA,NA,"SPIELMANN, HUMAN GENETICS, UKSH",SRA1843786,NA,public,B9A99B69AF1C31A89428D2D8295106A2,414EC5693279DC70FB2F4ED0B36DFDB1,SRR28624814
SRR28624815,2025-05-25 14:51:30,2024-04-11 10:19:57,5073666,507366600,0,100,169,NA,https://sra-downloadb.be-md.ncbi.nlm.nih.gov/sos1/sra-pub-zq-38/SRR028/28624/SRR28624815/SRR28624815.lite.1,SRX24222817,GSM8197891,RNA-Seq,cDNA,TRANSCRIPTOMIC,SINGLE,0,0,ILLUMINA,NextSeq 2000,SRP501174,PRJNA1099171,4,1099171,SRS20992453,SAMN40928972,simple,10090,Mus musculus,GSM8197891,NA,NA,NA,NA,NA,NA,no,NA,NA,NA,NA,"SPIELMANN, HUMAN GENETICS, UKSH",SRA1843786,NA,public,53DE201388B61F72B48FCFCCA106151C,EE5A258109485EA8CB38DFB85247016C,SRR28624815
SRR28624816,2025-05-25 14:51:30,2024-04-11 10:20:04,4765146,476514600,0,100,159,NA,https://sra-downloadb.be-md.ncbi.nlm.nih.gov/sos1/sra-pub-zq-38/SRR028/28624/SRR28624816/SRR28624816.lite.1,SRX24222816,GSM8197890,RNA-Seq,cDNA,TRANSCRIPTOMIC,SINGLE,0,0,ILLUMINA,NextSeq 2000,SRP501174,PRJNA1099171,4,1099171,SRS20992452,SAMN40928973,simple,10090,Mus musculus,GSM8197890,NA,NA,NA,NA,NA,NA,no,NA,NA,NA,NA,"SPIELMANN, HUMAN GENETICS, UKSH",SRA1843786,NA,public,D0D12C598E3A4715DEC2750DFA660331,4B9B6787D886756EA73F8F644E9F9145,SRR28624816
SRR28624817,2025-05-25 14:51:30,2024-04-11 10:19:48,4494478,449447800,0,100,151,NA,https://sra-downloadb.be-md.ncbi.nlm.nih.gov/sos1/sra-pub-zq-38/SRR028/28624/SRR28624817/SRR28624817.lite.1,SRX24222815,GSM8197889,RNA-Seq,cDNA,TRANSCRIPTOMIC,SINGLE,0,0,ILLUMINA,NextSeq 2000,SRP501174,PRJNA1099171,4,1099171,SRS20992451,SAMN40928974,simple,10090,Mus musculus,GSM8197889,NA,NA,NA,NA,NA,NA,no,NA,NA,NA,NA,"SPIELMANN, HUMAN GENETICS, UKSH",SRA1843786,NA,public,2EF8F69C89E0673B810309BB9325B5A0,63EE0AB70A5235A8D345D0EB4BFE901E,SRR28624817
SRR28624818,2025-05-25 14:51:30,2024-04-11 10:20:03,5070014,507001400,0,100,171,NA,https://sra-downloadb.be-md.ncbi.nlm.nih.gov/sos1/sra-pub-zq-38/SRR028/28624/SRR28624818/SRR28624818.lite.1,SRX24222814,GSM8197888,RNA-Seq,cDNA,TRANSCRIPTOMIC,SINGLE,0,0,ILLUMINA,NextSeq 2000,SRP501174,PRJNA1099171,4,1099171,SRS20992450,SAMN40928975,simple,10090,Mus musculus,GSM8197888,NA,NA,NA,NA,NA,NA,no,NA,NA,NA,NA,"SPIELMANN, HUMAN GENETICS, UKSH",SRA1843786,NA,public,2EAF9DC101F1938C04965BDF8BAE0C4B,5EB3B8FBC4326C19C08C1CFB4AC0BE78,SRR28624818
SRR28624819,2025-05-25 14:51:30,2024-04-11 10:19:57,4413872,441387200,0,100,146,NA,https://sra-downloadb.be-md.ncbi.nlm.nih.gov/sos1/sra-pub-zq-38/SRR028/28624/SRR28624819/SRR28624819.lite.1,SRX24222813,GSM8197887,RNA-Seq,cDNA,TRANSCRIPTOMIC,SINGLE,0,0,ILLUMINA,NextSeq 2000,SRP501174,PRJNA1099171,4,1099171,SRS20992449,SAMN40928976,simple,10090,Mus musculus,GSM8197887,NA,NA,NA,NA,NA,NA,no,NA,NA,NA,NA,"SPIELMANN, HUMAN GENETICS, UKSH",SRA1843786,NA,public,CCDFA3D544E5352F99821455B27D5D21,366C5A920C58C0CFB37BB0B7FBCD0003,SRR28624819
SRR28624820,2025-05-25 14:51:30,2024-04-11 10:19:41,4330985,433098500,0,100,145,NA,https://sra-downloadb.be-md.ncbi.nlm.nih.gov/sos1/sra-pub-zq-38/SRR028/28624/SRR28624820/SRR28624820.lite.1,SRX24222812,GSM8197886,RNA-Seq,cDNA,TRANSCRIPTOMIC,SINGLE,0,0,ILLUMINA,NextSeq 2000,SRP501174,PRJNA1099171,4,1099171,SRS20992448,SAMN40928977,simple,10090,Mus musculus,GSM8197886,NA,NA,NA,NA,NA,NA,no,NA,NA,NA,NA,"SPIELMANN, HUMAN GENETICS, UKSH",SRA1843786,NA,public,F9953A14264A186F6E3B66249731E044,1CF710136C7BE8017C88EFC73F9938FC,SRR28624820
SRR28624821,2025-05-25 14:51:30,2024-04-11 10:19:47,3674710,367471000,0,100,123,NA,https://sra-downloadb.be-md.ncbi.nlm.nih.gov/sos1/sra-pub-zq-38/SRR028/28624/SRR28624821/SRR28624821.lite.1,SRX24222811,GSM8197885,RNA-Seq,cDNA,TRANSCRIPTOMIC,SINGLE,0,0,ILLUMINA,NextSeq 2000,SRP501174,PRJNA1099171,4,1099171,SRS20992447,SAMN40928978,simple,10090,Mus musculus,GSM8197885,NA,NA,NA,NA,NA,NA,no,NA,NA,NA,NA,"SPIELMANN, HUMAN GENETICS, UKSH",SRA1843786,NA,public,F3C97EC0540C0E91167222AC00FBFE43,CBA6382876D99E3D6909FA903E14D7D4,SRR28624821
SRR28624822,2025-05-25 14:51:30,2024-04-11 10:20:04,4708348,470834800,0,100,158,NA,https://sra-downloadb.be-md.ncbi.nlm.nih.gov/sos1/sra-pub-zq-38/SRR028/28624/SRR28624822/SRR28624822.lite.1,SRX24222810,GSM8197884,RNA-Seq,cDNA,TRANSCRIPTOMIC,SINGLE,0,0,ILLUMINA,NextSeq 2000,SRP501174,PRJNA1099171,4,1099171,SRS20992446,SAMN40928979,simple,10090,Mus musculus,GSM8197884,NA,NA,NA,NA,NA,NA,no,NA,NA,NA,NA,"SPIELMANN, HUMAN GENETICS, UKSH",SRA1843786,NA,public,1963366BC3C79E5CEB6991FA8470ADE8,EB2E1178ECB670DB2D119F5985DBF312,SRR28624822
SRR28624823,2025-05-25 14:51:30,2024-04-11 10:19:59,4524488,452448800,0,100,150,NA,https://sra-downloadb.be-md.ncbi.nlm.nih.gov/sos1/sra-pub-zq-38/SRR028/28624/SRR28624823/SRR28624823.lite.1,SRX24222809,GSM8197883,RNA-Seq,cDNA,TRANSCRIPTOMIC,SINGLE,0,0,ILLUMINA,NextSeq 2000,SRP501174,PRJNA1099171,4,1099171,SRS20992445,SAMN40928980,simple,10090,Mus musculus,GSM8197883,NA,NA,NA,NA,NA,NA,no,NA,NA,NA,NA,"SPIELMANN, HUMAN GENETICS, UKSH",SRA1843786,NA,public,D3DD98BFE2FA4CA3625ACD1936AD1C3F,1D545A0B590A637623F2A243B1A1D38E,SRR28624823
SRR28624824,2025-05-25 14:51:30,2024-04-11 10:20:16,3890874,389087400,0,100,130,NA,https://sra-downloadb.be-md.ncbi.nlm.nih.gov/sos1/sra-pub-zq-38/SRR028/28624/SRR28624824/SRR28624824.lite.1,SRX24222808,GSM8197882,RNA-Seq,cDNA,TRANSCRIPTOMIC,SINGLE,0,0,ILLUMINA,NextSeq 2000,SRP501174,PRJNA1099171,4,1099171,SRS20992444,SAMN40928981,simple,10090,Mus musculus,GSM8197882,NA,NA,NA,NA,NA,NA,no,NA,NA,NA,NA,"SPIELMANN, HUMAN GENETICS, UKSH",SRA1843786,NA,public,9BA2EC8E28C4C4ADDA2A2B70E9BFCC36,AC72D882A79094422EF1B050E707DD3B,SRR28624824
SRR28624825,2025-05-25 14:51:30,2024-04-11 10:19:58,4381128,438112800,0,100,147,NA,https://sra-downloadb.be-md.ncbi.nlm.nih.gov/sos1/sra-pub-zq-38/SRR028/28624/SRR28624825/SRR28624825.lite.1,SRX24222807,GSM8197881,RNA-Seq,cDNA,TRANSCRIPTOMIC,SINGLE,0,0,ILLUMINA,NextSeq 2000,SRP501174,PRJNA1099171,4,1099171,SRS20992443,SAMN40928982,simple,10090,Mus musculus,GSM8197881,NA,NA,NA,NA,NA,NA,no,NA,NA,NA,NA,"SPIELMANN, HUMAN GENETICS, UKSH",SRA1843786,NA,public,45D7F21C2A93D52882DDACE6579FEE56,1070A79E3AF45A0F7ED7FFF30AC6A4F5,SRR28624825
SRR28624826,2025-05-25 14:51:29,2024-04-11 10:19:51,4746816,474681600,0,100,160,NA,https://sra-downloadb.be-md.ncbi.nlm.nih.gov/sos1/sra-pub-zq-38/SRR028/28624/SRR28624826/SRR28624826.lite.1,SRX24222806,GSM8197880,RNA-Seq,cDNA,TRANSCRIPTOMIC,SINGLE,0,0,ILLUMINA,NextSeq 2000,SRP501174,PRJNA1099171,4,1099171,SRS20992442,SAMN40928983,simple,10090,Mus musculus,GSM8197880,NA,NA,NA,NA,NA,NA,no,NA,NA,NA,NA,"SPIELMANN, HUMAN GENETICS, UKSH",SRA1843786,NA,public,42F3422D86B494D671BF05E1E326E452,3E00ADB0EFD35F7AB1A84172FAEF0DE0,SRR28624826
SRR28624827,2025-05-25 14:51:29,2024-04-11 10:19:41,4310814,431081400,0,100,145,NA,https://sra-downloadb.be-md.ncbi.nlm.nih.gov/sos1/sra-pub-zq-38/SRR028/28624/SRR28624827/SRR28624827.lite.1,SRX24222805,GSM8197879,RNA-Seq,cDNA,TRANSCRIPTOMIC,SINGLE,0,0,ILLUMINA,NextSeq 2000,SRP501174,PRJNA1099171,4,1099171,SRS20992441,SAMN40928984,simple,10090,Mus musculus,GSM8197879,NA,NA,NA,NA,NA,NA,no,NA,NA,NA,NA,"SPIELMANN, HUMAN GENETICS, UKSH",SRA1843786,NA,public,95AEDC2BF483324A5FAF866179AFE30B,75D719E2BB8DD1750E13470F3762EBAC,SRR28624827
SRR28624828,2025-05-25 14:51:29,2024-04-11 10:19:53,5475016,547501600,0,100,190,NA,https://sra-downloadb.be-md.ncbi.nlm.nih.gov/sos1/sra-pub-zq-38/SRR028/28624/SRR28624828/SRR28624828.lite.1,SRX24222804,GSM8197878,RNA-Seq,cDNA,TRANSCRIPTOMIC,SINGLE,0,0,ILLUMINA,NextSeq 2000,SRP501174,PRJNA1099171,4,1099171,SRS20992440,SAMN40928985,simple,10090,Mus musculus,GSM8197878,NA,NA,NA,NA,NA,NA,no,NA,NA,NA,NA,"SPIELMANN, HUMAN GENETICS, UKSH",SRA1843786,NA,public,F709A2795BA582E78F73A772BAD2BC09,EA5647DC7EC1E053BC23F06EA1513EB9,SRR28624828
SRR28624829,2025-05-25 14:51:29,2024-04-11 10:19:55,5162907,516290700,0,100,175,NA,https://sra-downloadb.be-md.ncbi.nlm.nih.gov/sos1/sra-pub-zq-38/SRR028/28624/SRR28624829/SRR28624829.lite.1,SRX24222803,GSM8197877,RNA-Seq,cDNA,TRANSCRIPTOMIC,SINGLE,0,0,ILLUMINA,NextSeq 2000,SRP501174,PRJNA1099171,4,1099171,SRS20992439,SAMN40928986,simple,10090,Mus musculus,GSM8197877,NA,NA,NA,NA,NA,NA,no,NA,NA,NA,NA,"SPIELMANN, HUMAN GENETICS, UKSH",SRA1843786,NA,public,256520C63184E890D581F18E90953DE4,E620EF06E6A0513B753461EA997E4119,SRR28624829
SRR28624830,2025-05-25 14:51:32,2024-04-11 10:19:50,4488113,448811300,0,100,154,NA,https://sra-downloadb.be-md.ncbi.nlm.nih.gov/sos1/sra-pub-zq-38/SRR028/28624/SRR28624830/SRR28624830.lite.1,SRX24222802,GSM8197876,RNA-Seq,cDNA,TRANSCRIPTOMIC,SINGLE,0,0,ILLUMINA,NextSeq 2000,SRP501174,PRJNA1099171,4,1099171,SRS20992438,SAMN40928987,simple,10090,Mus musculus,GSM8197876,NA,NA,NA,NA,NA,NA,no,NA,NA,NA,NA,"SPIELMANN, HUMAN GENETICS, UKSH",SRA1843786,NA,public,006775130DBC1B4EE470835925A970A2,ADBEE00AB85FB4D72016BC24B2B71504,SRR28624830
SRR28624831,2025-05-25 14:51:32,2024-04-11 10:19:47,6579047,657904700,0,100,221,NA,https://sra-downloadb.be-md.ncbi.nlm.nih.gov/sos1/sra-pub-zq-38/SRR028/28624/SRR28624831/SRR28624831.lite.1,SRX24222801,GSM8197875,RNA-Seq,cDNA,TRANSCRIPTOMIC,SINGLE,0,0,ILLUMINA,NextSeq 2000,SRP501174,PRJNA1099171,4,1099171,SRS20992437,SAMN40928988,simple,10090,Mus musculus,GSM8197875,NA,NA,NA,NA,NA,NA,no,NA,NA,NA,NA,"SPIELMANN, HUMAN GENETICS, UKSH",SRA1843786,NA,public,5EE7BB3F80F3961183A306EE5B39B117,02B29DDE3B2B2118DC51D124DFE266A0,SRR28624831
SRR28624832,2025-05-25 14:51:31,2024-04-11 10:20:08,4448184,444818400,0,100,153,NA,https://sra-downloadb.be-md.ncbi.nlm.nih.gov/sos1/sra-pub-zq-38/SRR028/28624/SRR28624832/SRR28624832.lite.1,SRX24222800,GSM8197874,RNA-Seq,cDNA,TRANSCRIPTOMIC,SINGLE,0,0,ILLUMINA,NextSeq 2000,SRP501174,PRJNA1099171,4,1099171,SRS20992436,SAMN40928989,simple,10090,Mus musculus,GSM8197874,NA,NA,NA,NA,NA,NA,no,NA,NA,NA,NA,"SPIELMANN, HUMAN GENETICS, UKSH",SRA1843786,NA,public,B3E7522885333396FC74495AF70727E9,AB611EB55009CB2A08BCCA6FDB470BB3,SRR28624832
SRR28624833,2025-05-25 14:51:30,2024-04-11 10:20:24,5105934,510593400,0,100,174,NA,https://sra-downloadb.be-md.ncbi.nlm.nih.gov/sos1/sra-pub-zq-38/SRR028/28624/SRR28624833/SRR28624833.lite.1,SRX24222799,GSM8197873,RNA-Seq,cDNA,TRANSCRIPTOMIC,SINGLE,0,0,ILLUMINA,NextSeq 2000,SRP501174,PRJNA1099171,4,1099171,SRS20992435,SAMN40928990,simple,10090,Mus musculus,GSM8197873,NA,NA,NA,NA,NA,NA,no,NA,NA,NA,NA,"SPIELMANN, HUMAN GENETICS, UKSH",SRA1843786,NA,public,0500A7ABA2F01CF52852572E82B9367E,C8D2ABA0B0F0D260351EFB44D09A3994,SRR28624833
SRR28624834,2025-05-25 14:51:29,2024-04-11 10:20:54,4036862,403686200,0,100,137,NA,https://sra-downloadb.be-md.ncbi.nlm.nih.gov/sos1/sra-pub-zq-38/SRR028/28624/SRR28624834/SRR28624834.lite.1,SRX24222798,GSM8197872,RNA-Seq,cDNA,TRANSCRIPTOMIC,SINGLE,0,0,ILLUMINA,NextSeq 2000,SRP501174,PRJNA1099171,4,1099171,SRS20992434,SAMN40928991,simple,10090,Mus musculus,GSM8197872,NA,NA,NA,NA,NA,NA,no,NA,NA,NA,NA,"SPIELMANN, HUMAN GENETICS, UKSH",SRA1843786,NA,public,454E2EE4CD94F77D4F2F6B04CFE09025,711A58AA49A1FF3FEE3508B1349DFA39,SRR28624834
SRR28983754,2025-12-10 09:55:36,2024-05-09 20:34:25,20115929,6034778700,20115929,300,1771,NA,https://sra-downloadb.be-md.ncbi.nlm.nih.gov/sos6/sra-pub-zq-40/SRR028/28983/SRR28983754/SRR28983754.lite.1,SRX24512776,GSM8260983,RNA-Seq,cDNA,TRANSCRIPTOMIC,PAIRED,0,0,ILLUMINA,Illumina NovaSeq 6000,SRP506866,PRJNA1109868,4,1109868,SRS21260619,SAMN41301380,simple,10090,Mus musculus,GSM8260983,NA,NA,NA,NA,NA,NA,no,NA,NA,NA,NA,JINAN UNIVERSITY,SRA1863392,NA,public,A4D1872521B08CEBFAE26FEE36EB1B31,6A93F9F562898B59D43038D49365D8F4,SRR28983754
SRR28983755,2025-12-10 09:55:36,2024-05-09 20:34:18,21059970,6317991000,21059970,300,1858,NA,https://sra-downloadb.be-md.ncbi.nlm.nih.gov/sos6/sra-pub-zq-40/SRR028/28983/SRR28983755/SRR28983755.lite.1,SRX24512775,GSM8260982,RNA-Seq,cDNA,TRANSCRIPTOMIC,PAIRED,0,0,ILLUMINA,Illumina NovaSeq 6000,SRP506866,PRJNA1109868,4,1109868,SRS21260618,SAMN41301382,simple,10090,Mus musculus,GSM8260982,NA,NA,NA,NA,NA,NA,no,NA,NA,NA,NA,JINAN UNIVERSITY,SRA1863392,NA,public,A21DC4467F19377DA2B1865CE1F0E06D,511D7DBCBD10F20958BC627670B6F597,SRR28983755
SRR28983756,2025-12-10 09:55:36,2024-05-09 20:36:49,19834993,5950497900,19834993,300,1827,NA,https://sra-downloadb.be-md.ncbi.nlm.nih.gov/sos6/sra-pub-zq-40/SRR028/28983/SRR28983756/SRR28983756.lite.1,SRX24512774,GSM8260981,RNA-Seq,cDNA,TRANSCRIPTOMIC,PAIRED,0,0,ILLUMINA,Illumina NovaSeq 6000,SRP506866,PRJNA1109868,4,1109868,SRS21260617,SAMN41301383,simple,10090,Mus musculus,GSM8260981,NA,NA,NA,NA,NA,NA,no,NA,NA,NA,NA,JINAN UNIVERSITY,SRA1863392,NA,public,D3633118AD0E749240D059D2CC91FB22,39A085C9B16E6B1FAB43FAD3E511A167,SRR28983756
SRR28983757,2025-12-10 09:55:36,2024-05-09 20:37:56,21533569,6460070700,21533569,300,1969,NA,https://sra-downloadb.be-md.ncbi.nlm.nih.gov/sos6/sra-pub-zq-40/SRR028/28983/SRR28983757/SRR28983757.lite.1,SRX24512773,GSM8260980,RNA-Seq,cDNA,TRANSCRIPTOMIC,PAIRED,0,0,ILLUMINA,Illumina NovaSeq 6000,SRP506866,PRJNA1109868,4,1109868,SRS21260616,SAMN41301384,simple,10090,Mus musculus,GSM8260980,NA,NA,NA,NA,NA,NA,no,NA,NA,NA,NA,JINAN UNIVERSITY,SRA1863392,NA,public,03BDB9F4C9A250648F8290D0629A95A2,5AADC2CBB3A7562D28E2DC141E3DC71F,SRR28983757
SRR28983758,2025-12-10 09:55:36,2024-05-09 20:39:38,24362566,7308769800,24362566,300,2152,NA,https://sra-downloadb.be-md.ncbi.nlm.nih.gov/sos6/sra-pub-zq-40/SRR028/28983/SRR28983758/SRR28983758.lite.1,SRX24512772,GSM8260979,RNA-Seq,cDNA,TRANSCRIPTOMIC,PAIRED,0,0,ILLUMINA,Illumina NovaSeq 6000,SRP506866,PRJNA1109868,4,1109868,SRS21260615,SAMN41301386,simple,10090,Mus musculus,GSM8260979,NA,NA,NA,NA,NA,NA,no,NA,NA,NA,NA,JINAN UNIVERSITY,SRA1863392,NA,public,6EE767B37BB3D3B47F64C835DDBFDB55,77609E87D24CBC891CF4DD9B087E8B33,SRR28983758
SRR28983759,2025-12-10 09:55:36,2024-05-09 20:38:51,24380226,7314067800,24380226,300,2233,NA,https://sra-downloadb.be-md.ncbi.nlm.nih.gov/sos6/sra-pub-zq-40/SRR028/28983/SRR28983759/SRR28983759.lite.1,SRX24512771,GSM8260978,RNA-Seq,cDNA,TRANSCRIPTOMIC,PAIRED,0,0,ILLUMINA,Illumina NovaSeq 6000,SRP506866,PRJNA1109868,4,1109868,SRS21260614,SAMN41301387,simple,10090,Mus musculus,GSM8260978,NA,NA,NA,NA,NA,NA,no,NA,NA,NA,NA,JINAN UNIVERSITY,SRA1863392,NA,public,B70B01491E65DA9272D20650C6E20645,F2CDAFC1416908A6589FE0C3396BDD60,SRR28983759
SRR29411118,2025-06-06 22:01:36,2024-06-14 07:48:23,23084272,6925281600,23084272,300,2126,NA,https://sra-downloadb.be-md.ncbi.nlm.nih.gov/sos1/sra-pub-zq-38/SRR029/29411/SRR29411118/SRR29411118.lite.1,SRX24924589,GSM8328851,RNA-Seq,cDNA,TRANSCRIPTOMIC,PAIRED,0,0,ILLUMINA,Illumina NovaSeq X,SRP513923,PRJNA1124004,4,1124004,SRS21630168,SAMN41833830,simple,10090,Mus musculus,GSM8328851,NA,NA,NA,NA,NA,NA,no,NA,NA,NA,NA,JOHNS HOPKINS UNIVERSITY,SRA1898670,NA,public,8DE8EC9B074139DE49E1D6986C4592E2,8A00FCE355313FA066DA1E0D29C76270,SRR29411118
SRR29411119,2025-06-06 22:01:36,2024-06-14 07:48:20,21925862,6577758600,21925862,300,2024,NA,https://sra-downloadb.be-md.ncbi.nlm.nih.gov/sos1/sra-pub-zq-38/SRR029/29411/SRR29411119/SRR29411119.lite.1,SRX24924588,GSM8328850,RNA-Seq,cDNA,TRANSCRIPTOMIC,PAIRED,0,0,ILLUMINA,Illumina NovaSeq X,SRP513923,PRJNA1124004,4,1124004,SRS21630167,SAMN41833831,simple,10090,Mus musculus,GSM8328850,NA,NA,NA,NA,NA,NA,no,NA,NA,NA,NA,JOHNS HOPKINS UNIVERSITY,SRA1898670,NA,public,98D06E8B679B3F6DCC606C9B9BCC257C,1F17B396D0FF819070B41EEDEB44B411,SRR29411119
SRR29411120,2025-06-06 22:01:36,2024-06-14 07:48:57,23228054,6968416200,23228054,300,2160,NA,https://sra-downloadb.be-md.ncbi.nlm.nih.gov/sos1/sra-pub-zq-38/SRR029/29411/SRR29411120/SRR29411120.lite.1,SRX24924587,GSM8328849,RNA-Seq,cDNA,TRANSCRIPTOMIC,PAIRED,0,0,ILLUMINA,Illumina NovaSeq X,SRP513923,PRJNA1124004,4,1124004,SRS21630166,SAMN41833832,simple,10090,Mus musculus,GSM8328849,NA,NA,NA,NA,NA,NA,no,NA,NA,NA,NA,JOHNS HOPKINS UNIVERSITY,SRA1898670,NA,public,EDC986AA3BAFE13C80F7A8901E65485B,4C6ED999599ADCD436F5C6510CE94398,SRR29411120
SRR29411121,2025-06-06 22:01:36,2024-06-14 07:49:43,22375425,6712627500,22375425,300,2074,NA,https://sra-downloadb.be-md.ncbi.nlm.nih.gov/sos1/sra-pub-zq-38/SRR029/29411/SRR29411121/SRR29411121.lite.1,SRX24924586,GSM8328848,RNA-Seq,cDNA,TRANSCRIPTOMIC,PAIRED,0,0,ILLUMINA,Illumina NovaSeq X,SRP513923,PRJNA1124004,4,1124004,SRS21630165,SAMN41833833,simple,10090,Mus musculus,GSM8328848,NA,NA,NA,NA,NA,NA,no,NA,NA,NA,NA,JOHNS HOPKINS UNIVERSITY,SRA1898670,NA,public,D0A2E4F4397CEBAF33BBC03B3F0C2064,94002424779388DF355512F0DBB76716,SRR29411121
SRR29411122,2025-06-06 22:01:36,2024-06-14 07:51:02,25762057,7728617100,25762057,300,2368,NA,https://sra-downloadb.be-md.ncbi.nlm.nih.gov/sos1/sra-pub-zq-38/SRR029/29411/SRR29411122/SRR29411122.lite.1,SRX24924585,GSM8328847,RNA-Seq,cDNA,TRANSCRIPTOMIC,PAIRED,0,0,ILLUMINA,Illumina NovaSeq X,SRP513923,PRJNA1124004,4,1124004,SRS21630164,SAMN41833834,simple,10090,Mus musculus,GSM8328847,NA,NA,NA,NA,NA,NA,no,NA,NA,NA,NA,JOHNS HOPKINS UNIVERSITY,SRA1898670,NA,public,0A8C059C18424925BF2E977E99290198,1F72D7861A774DDC475EF11A33F81572,SRR29411122
SRR29411123,2025-06-06 22:01:36,2024-06-14 07:51:51,24282788,7284836400,24282788,300,2231,NA,https://sra-downloadb.be-md.ncbi.nlm.nih.gov/sos1/sra-pub-zq-38/SRR029/29411/SRR29411123/SRR29411123.lite.1,SRX24924584,GSM8328846,RNA-Seq,cDNA,TRANSCRIPTOMIC,PAIRED,0,0,ILLUMINA,Illumina NovaSeq X,SRP513923,PRJNA1124004,4,1124004,SRS21630163,SAMN41833835,simple,10090,Mus musculus,GSM8328846,NA,NA,NA,NA,NA,NA,no,NA,NA,NA,NA,JOHNS HOPKINS UNIVERSITY,SRA1898670,NA,public,491F9C36A5CB0B1D7C52E3356A6E34D6,A2A938D01D2A832D48646D561ED10CFC,SRR29411123
SRR30578262,2026-03-06 07:40:34,2024-09-06 17:10:38,19864464,5959339200,19864464,300,1782,NA,https://sra-downloadb.be-md.ncbi.nlm.nih.gov/sos10/sra-pub-zq-1002/SRR030/30578/SRR30578262/SRR30578262.lite.1,SRX26001224,GSM8502868,RNA-Seq,cDNA,TRANSCRIPTOMIC,PAIRED,0,0,ILLUMINA,Illumina NovaSeq 6000,SRP531187,PRJNA1157898,NA,1157898,SRS22574958,SAMN43527443,simple,10090,Mus musculus,GSM8502868,NA,NA,NA,NA,NA,NA,no,NA,NA,NA,NA,KYOTO UNIVERSITY,SRA1965146,NA,public,B9783C866302B6E457B60B41538F431D,218E3F23A9D437139F80214447467E06,SRR30578262
SRR30578263,2026-03-06 07:40:34,2024-09-06 17:10:10,20582449,6174734700,20582449,300,1847,NA,https://sra-downloadb.be-md.ncbi.nlm.nih.gov/sos10/sra-pub-zq-1002/SRR030/30578/SRR30578263/SRR30578263.lite.1,SRX26001223,GSM8502867,RNA-Seq,cDNA,TRANSCRIPTOMIC,PAIRED,0,0,ILLUMINA,Illumina NovaSeq 6000,SRP531187,PRJNA1157898,NA,1157898,SRS22574957,SAMN43527444,simple,10090,Mus musculus,GSM8502867,NA,NA,NA,NA,NA,NA,no,NA,NA,NA,NA,KYOTO UNIVERSITY,SRA1965146,NA,public,60A0413031F6AFFE1ACC7BE547D22669,541432507D24FAEE1AD21BDA398ABD84,SRR30578263
SRR30578264,2026-03-06 07:40:34,2024-09-06 17:11:48,20961862,6288558600,20961862,300,1889,NA,https://sra-downloadb.be-md.ncbi.nlm.nih.gov/sos10/sra-pub-zq-1002/SRR030/30578/SRR30578264/SRR30578264.lite.1,SRX26001222,GSM8502866,RNA-Seq,cDNA,TRANSCRIPTOMIC,PAIRED,0,0,ILLUMINA,Illumina NovaSeq 6000,SRP531187,PRJNA1157898,NA,1157898,SRS22574956,SAMN43527445,simple,10090,Mus musculus,GSM8502866,NA,NA,NA,NA,NA,NA,no,NA,NA,NA,NA,KYOTO UNIVERSITY,SRA1965146,NA,public,D8977D68BD815D78F62C8B9722FD7EA2,0C17A556D329B763A8757FBCF8559B5F,SRR30578264
SRR30578265,2026-03-06 07:40:34,2024-09-06 17:10:37,17738961,5321688300,17738961,300,1606,NA,https://sra-downloadb.be-md.ncbi.nlm.nih.gov/sos10/sra-pub-zq-1002/SRR030/30578/SRR30578265/SRR30578265.lite.1,SRX26001221,GSM8502865,RNA-Seq,cDNA,TRANSCRIPTOMIC,PAIRED,0,0,ILLUMINA,Illumina NovaSeq 6000,SRP531187,PRJNA1157898,NA,1157898,SRS22574955,SAMN43527446,simple,10090,Mus musculus,GSM8502865,NA,NA,NA,NA,NA,NA,no,NA,NA,NA,NA,KYOTO UNIVERSITY,SRA1965146,NA,public,0684788A08C3191D9BAD54E6795B0080,25F910AE3C049D00636415F754882B1A,SRR30578265
SRR30578266,2026-03-06 07:40:34,2024-09-06 17:09:34,17002686,5100805800,17002686,300,1527,NA,https://sra-downloadb.be-md.ncbi.nlm.nih.gov/sos10/sra-pub-zq-1002/SRR030/30578/SRR30578266/SRR30578266.lite.1,SRX26001220,GSM8502864,RNA-Seq,cDNA,TRANSCRIPTOMIC,PAIRED,0,0,ILLUMINA,Illumina NovaSeq 6000,SRP531187,PRJNA1157898,NA,1157898,SRS22574954,SAMN43527447,simple,10090,Mus musculus,GSM8502864,NA,NA,NA,NA,NA,NA,no,NA,NA,NA,NA,KYOTO UNIVERSITY,SRA1965146,NA,public,DE8ED6C712AFCA69289DEA4166E62CAC,EFCDD4D7BCFC043BEBE19A87F5E16560,SRR30578266
SRR30578267,2026-03-06 07:40:34,2024-09-06 17:10:00,18906231,5671869300,18906231,300,1714,NA,https://sra-downloadb.be-md.ncbi.nlm.nih.gov/sos10/sra-pub-zq-1002/SRR030/30578/SRR30578267/SRR30578267.lite.1,SRX26001219,GSM8502863,RNA-Seq,cDNA,TRANSCRIPTOMIC,PAIRED,0,0,ILLUMINA,Illumina NovaSeq 6000,SRP531187,PRJNA1157898,NA,1157898,SRS22574953,SAMN43527448,simple,10090,Mus musculus,GSM8502863,NA,NA,NA,NA,NA,NA,no,NA,NA,NA,NA,KYOTO UNIVERSITY,SRA1965146,NA,public,A5FA7584CC77A4733449833106A125D0,6AD07AC8747F5B12AE7F23AE9A859D4A,SRR30578267
SRR30578268,2026-03-06 07:40:34,2024-09-06 17:11:24,19211637,5763491100,19211637,300,1734,NA,https://sra-downloadb.be-md.ncbi.nlm.nih.gov/sos10/sra-pub-zq-1002/SRR030/30578/SRR30578268/SRR30578268.lite.1,SRX26001218,GSM8502862,RNA-Seq,cDNA,TRANSCRIPTOMIC,PAIRED,0,0,ILLUMINA,Illumina NovaSeq 6000,SRP531187,PRJNA1157898,NA,1157898,SRS22574952,SAMN43527449,simple,10090,Mus musculus,GSM8502862,NA,NA,NA,NA,NA,NA,no,NA,NA,NA,NA,KYOTO UNIVERSITY,SRA1965146,NA,public,379E3979A0FB4BD0C9A6CC1127AF0007,2EA6EF5CE925B4C629A5D01F864A1BC2,SRR30578268
SRR30578269,2026-03-06 07:40:34,2024-09-06 17:11:33,18306535,5491960500,18306535,300,1662,NA,https://sra-downloadb.be-md.ncbi.nlm.nih.gov/sos10/sra-pub-zq-1002/SRR030/30578/SRR30578269/SRR30578269.lite.1,SRX26001217,GSM8502861,RNA-Seq,cDNA,TRANSCRIPTOMIC,PAIRED,0,0,ILLUMINA,Illumina NovaSeq 6000,SRP531187,PRJNA1157898,NA,1157898,SRS22574951,SAMN43527450,simple,10090,Mus musculus,GSM8502861,NA,NA,NA,NA,NA,NA,no,NA,NA,NA,NA,KYOTO UNIVERSITY,SRA1965146,NA,public,DA7FE97DE762E3077F87D108DED577EE,BB2261CFF82AF98EDA0F4F5E4838D7F3,SRR30578269
SRR30578270,2026-03-06 07:40:34,2024-09-06 17:09:56,15954229,4786268700,15954229,300,1455,NA,https://sra-downloadb.be-md.ncbi.nlm.nih.gov/sos10/sra-pub-zq-1002/SRR030/30578/SRR30578270/SRR30578270.lite.1,SRX26001216,GSM8502860,RNA-Seq,cDNA,TRANSCRIPTOMIC,PAIRED,0,0,ILLUMINA,Illumina NovaSeq 6000,SRP531187,PRJNA1157898,NA,1157898,SRS22574950,SAMN43527451,simple,10090,Mus musculus,GSM8502860,NA,NA,NA,NA,NA,NA,no,NA,NA,NA,NA,KYOTO UNIVERSITY,SRA1965146,NA,public,21F0BACF657B11FA3F5EE6F11970878B,BDF46BDED30329FC15D9374FB69EC67C,SRR30578270
SRR30578271,2026-03-06 07:40:33,2024-09-06 17:09:54,17429048,5228714400,17429048,300,1579,NA,https://sra-downloadb.be-md.ncbi.nlm.nih.gov/sos10/sra-pub-zq-1002/SRR030/30578/SRR30578271/SRR30578271.lite.1,SRX26001215,GSM8502859,RNA-Seq,cDNA,TRANSCRIPTOMIC,PAIRED,0,0,ILLUMINA,Illumina NovaSeq 6000,SRP531187,PRJNA1157898,NA,1157898,SRS22574949,SAMN43527452,simple,10090,Mus musculus,GSM8502859,NA,NA,NA,NA,NA,NA,no,NA,NA,NA,NA,KYOTO UNIVERSITY,SRA1965146,NA,public,AB39570537927E5E0A61B88F0F1264B4,70B5297183A57C2D2A2885609ED52398,SRR30578271
SRR30578272,2026-03-06 07:40:33,2024-09-06 17:11:38,19485395,5845618500,19485395,300,1759,NA,https://sra-downloadb.be-md.ncbi.nlm.nih.gov/sos10/sra-pub-zq-1002/SRR030/30578/SRR30578272/SRR30578272.lite.1,SRX26001214,GSM8502858,RNA-Seq,cDNA,TRANSCRIPTOMIC,PAIRED,0,0,ILLUMINA,Illumina NovaSeq 6000,SRP531187,PRJNA1157898,NA,1157898,SRS22574948,SAMN43527453,simple,10090,Mus musculus,GSM8502858,NA,NA,NA,NA,NA,NA,no,NA,NA,NA,NA,KYOTO UNIVERSITY,SRA1965146,NA,public,EE500E02C7BFB4D742FA8C3590116DA8,F7CF85100C8568669EB6EB2FE18C605D,SRR30578272
SRR30578273,2026-03-06 07:40:33,2024-09-06 17:10:51,16582946,4974883800,16582946,300,1483,NA,https://sra-downloadb.be-md.ncbi.nlm.nih.gov/sos10/sra-pub-zq-1002/SRR030/30578/SRR30578273/SRR30578273.lite.1,SRX26001213,GSM8502857,RNA-Seq,cDNA,TRANSCRIPTOMIC,PAIRED,0,0,ILLUMINA,Illumina NovaSeq 6000,SRP531187,PRJNA1157898,NA,1157898,SRS22574947,SAMN43527454,simple,10090,Mus musculus,GSM8502857,NA,NA,NA,NA,NA,NA,no,NA,NA,NA,NA,KYOTO UNIVERSITY,SRA1965146,NA,public,263ECC2255A98B21F1242E3A42512DFE,40D4639125FF86715A10FB95423FDC3C,SRR30578273
SRR30578274,2026-03-06 07:40:33,2024-09-06 17:12:05,21283561,6385068300,21283561,300,1935,NA,https://sra-downloadb.be-md.ncbi.nlm.nih.gov/sos10/sra-pub-zq-1002/SRR030/30578/SRR30578274/SRR30578274.lite.1,SRX26001212,GSM8502856,RNA-Seq,cDNA,TRANSCRIPTOMIC,PAIRED,0,0,ILLUMINA,Illumina NovaSeq 6000,SRP531187,PRJNA1157898,NA,1157898,SRS22574946,SAMN43527455,simple,10090,Mus musculus,GSM8502856,NA,NA,NA,NA,NA,NA,no,NA,NA,NA,NA,KYOTO UNIVERSITY,SRA1965146,NA,public,CA3DEEBBC98EC4FF8EB80BC360108D09,A2CEFA7AE881FCFB8A3F4DA6BCE19148,SRR30578274
SRR30578275,2026-03-06 07:40:34,2024-09-06 17:09:43,15369990,4610997000,15369990,300,1379,NA,https://sra-downloadb.be-md.ncbi.nlm.nih.gov/sos10/sra-pub-zq-1002/SRR030/30578/SRR30578275/SRR30578275.lite.1,SRX26001211,GSM8502855,RNA-Seq,cDNA,TRANSCRIPTOMIC,PAIRED,0,0,ILLUMINA,Illumina NovaSeq 6000,SRP531187,PRJNA1157898,NA,1157898,SRS22574945,SAMN43527456,simple,10090,Mus musculus,GSM8502855,NA,NA,NA,NA,NA,NA,no,NA,NA,NA,NA,KYOTO UNIVERSITY,SRA1965146,NA,public,DF7EE1B99ADE634211F535099835321F,DF81E5FCEFFE5BE1D29540B1E9A21CCF,SRR30578275
SRR30578276,2026-03-06 07:40:34,2024-09-06 17:09:49,16350532,4905159600,16350532,300,1484,NA,https://sra-downloadb.be-md.ncbi.nlm.nih.gov/sos10/sra-pub-zq-1002/SRR030/30578/SRR30578276/SRR30578276.lite.1,SRX26001210,GSM8502854,RNA-Seq,cDNA,TRANSCRIPTOMIC,PAIRED,0,0,ILLUMINA,Illumina NovaSeq 6000,SRP531187,PRJNA1157898,NA,1157898,SRS22574944,SAMN43527457,simple,10090,Mus musculus,GSM8502854,NA,NA,NA,NA,NA,NA,no,NA,NA,NA,NA,KYOTO UNIVERSITY,SRA1965146,NA,public,7B683D7B7A14B584596B4E4D256C7ADF,E461BB4CD6C34022F7C393D57B4E66BC,SRR30578276
SRR30578277,2026-03-06 07:40:34,2024-09-06 17:10:21,16078850,4823655000,16078850,300,1441,NA,https://sra-downloadb.be-md.ncbi.nlm.nih.gov/sos10/sra-pub-zq-1002/SRR030/30578/SRR30578277/SRR30578277.lite.1,SRX26001209,GSM8502853,RNA-Seq,cDNA,TRANSCRIPTOMIC,PAIRED,0,0,ILLUMINA,Illumina NovaSeq 6000,SRP531187,PRJNA1157898,NA,1157898,SRS22574943,SAMN43527458,simple,10090,Mus musculus,GSM8502853,NA,NA,NA,NA,NA,NA,no,NA,NA,NA,NA,KYOTO UNIVERSITY,SRA1965146,NA,public,A3142BF6A0A5BF726002400801844514,85D15CA56F88B9FFB934500178335F07,SRR30578277
SRR30578278,2026-03-06 07:40:34,2024-09-06 17:11:19,18567039,5570111700,18567039,300,1669,NA,https://sra-downloadb.be-md.ncbi.nlm.nih.gov/sos10/sra-pub-zq-1002/SRR030/30578/SRR30578278/SRR30578278.lite.1,SRX26001208,GSM8502852,RNA-Seq,cDNA,TRANSCRIPTOMIC,PAIRED,0,0,ILLUMINA,Illumina NovaSeq 6000,SRP531187,PRJNA1157898,NA,1157898,SRS22574942,SAMN43527459,simple,10090,Mus musculus,GSM8502852,NA,NA,NA,NA,NA,NA,no,NA,NA,NA,NA,KYOTO UNIVERSITY,SRA1965146,NA,public,76201D294DCAF0EF3FD50B2BDC322E93,A8C65F5C9248C9C02EE1F1B6CA2DECA4,SRR30578278
SRR30578279,2026-03-06 07:40:33,2024-09-06 17:11:45,20465922,6139776600,20465922,300,1843,NA,https://sra-downloadb.be-md.ncbi.nlm.nih.gov/sos10/sra-pub-zq-1002/SRR030/30578/SRR30578279/SRR30578279.lite.1,SRX26001207,GSM8502851,RNA-Seq,cDNA,TRANSCRIPTOMIC,PAIRED,0,0,ILLUMINA,Illumina NovaSeq 6000,SRP531187,PRJNA1157898,NA,1157898,SRS22574941,SAMN43527460,simple,10090,Mus musculus,GSM8502851,NA,NA,NA,NA,NA,NA,no,NA,NA,NA,NA,KYOTO UNIVERSITY,SRA1965146,NA,public,20011898FF6B370828CF915A408E8B5C,53C295A0F70181576C82599AB686CF77,SRR30578279
SRR30608353,2024-11-21 16:26:32,2024-09-09 17:55:00,21603675,6481102500,21603675,300,1940,NA,https://sra-downloadb.be-md.ncbi.nlm.nih.gov/sos6/sra-pub-zq-40/SRR030/30608/SRR30608353/SRR30608353.lite.1,SRX26030972,GSM8505570,RNA-Seq,cDNA,TRANSCRIPTOMIC,PAIRED,0,0,ILLUMINA,Illumina NovaSeq 6000,SRP531657,PRJNA1158834,3,1158834,SRS22602611,SAMN43551170,simple,10090,Mus musculus,GSM8505570,NA,NA,NA,NA,NA,NA,no,NA,NA,NA,NA,"RHEUMATOLOGY, MEDICINE, ICAHN SCHOOL OF MEDICINE AT MOUNT SINAI",SRA1967129,NA,public,24917953624BD1072802B8E276A3524D,24C7CC3CB8E27C7C7A2C4759900186F0,SRR30608353
SRR30608354,2024-11-21 16:26:32,2024-09-09 17:54:13,27516156,8254846800,27516156,300,2433,NA,https://sra-downloadb.be-md.ncbi.nlm.nih.gov/sos6/sra-pub-zq-40/SRR030/30608/SRR30608354/SRR30608354.lite.1,SRX26030971,GSM8505569,RNA-Seq,cDNA,TRANSCRIPTOMIC,PAIRED,0,0,ILLUMINA,Illumina NovaSeq 6000,SRP531657,PRJNA1158834,3,1158834,SRS22602610,SAMN43551171,simple,10090,Mus musculus,GSM8505569,NA,NA,NA,NA,NA,NA,no,NA,NA,NA,NA,"RHEUMATOLOGY, MEDICINE, ICAHN SCHOOL OF MEDICINE AT MOUNT SINAI",SRA1967129,NA,public,3C06D5DAA16D81C90DD5CA049C331A48,2EAB42FAC6631671470FED622B8A1D72,SRR30608354
SRR30608355,2024-11-21 16:26:32,2024-09-09 17:56:37,23178021,6953406300,23178021,300,2064,NA,https://sra-downloadb.be-md.ncbi.nlm.nih.gov/sos6/sra-pub-zq-40/SRR030/30608/SRR30608355/SRR30608355.lite.1,SRX26030973,GSM8505571,RNA-Seq,cDNA,TRANSCRIPTOMIC,PAIRED,0,0,ILLUMINA,Illumina NovaSeq 6000,SRP531657,PRJNA1158834,3,1158834,SRS22602612,SAMN43551169,simple,10090,Mus musculus,GSM8505571,NA,NA,NA,NA,NA,NA,no,NA,NA,NA,NA,"RHEUMATOLOGY, MEDICINE, ICAHN SCHOOL OF MEDICINE AT MOUNT SINAI",SRA1967129,NA,public,69BCB95946FE70A24DA2F86CC20645AD,A8953FEB1CFF6E78663E9CCF76E699CB,SRR30608355
SRR30608356,2024-11-21 16:26:32,2024-09-09 17:57:37,32335597,9700679100,32335597,300,2871,NA,https://sra-downloadb.be-md.ncbi.nlm.nih.gov/sos6/sra-pub-zq-40/SRR030/30608/SRR30608356/SRR30608356.lite.1,SRX26030970,GSM8505568,RNA-Seq,cDNA,TRANSCRIPTOMIC,PAIRED,0,0,ILLUMINA,Illumina NovaSeq 6000,SRP531657,PRJNA1158834,3,1158834,SRS22602609,SAMN43551172,simple,10090,Mus musculus,GSM8505568,NA,NA,NA,NA,NA,NA,no,NA,NA,NA,NA,"RHEUMATOLOGY, MEDICINE, ICAHN SCHOOL OF MEDICINE AT MOUNT SINAI",SRA1967129,NA,public,0E53564C511426DFC931C9BF9C0CA73D,692AA059A56DAC352D7D69CB66A98519,SRR30608356
SRR30608357,2024-11-21 16:26:32,2024-09-09 17:55:04,22485905,6745771500,22485905,300,1971,NA,https://sra-downloadb.be-md.ncbi.nlm.nih.gov/sos6/sra-pub-zq-40/SRR030/30608/SRR30608357/SRR30608357.lite.1,SRX26030969,GSM8505567,RNA-Seq,cDNA,TRANSCRIPTOMIC,PAIRED,0,0,ILLUMINA,Illumina NovaSeq 6000,SRP531657,PRJNA1158834,3,1158834,SRS22602608,SAMN43551173,simple,10090,Mus musculus,GSM8505567,NA,NA,NA,NA,NA,NA,no,NA,NA,NA,NA,"RHEUMATOLOGY, MEDICINE, ICAHN SCHOOL OF MEDICINE AT MOUNT SINAI",SRA1967129,NA,public,DB528FB49DC5FFCA4598934645DCB1C7,E001D2F6565384C21BE9E556A5BC5EB6,SRR30608357
SRR30608358,2024-11-21 16:26:32,2024-09-09 17:53:34,21552028,6465608400,21552028,300,1900,NA,https://sra-downloadb.be-md.ncbi.nlm.nih.gov/sos6/sra-pub-zq-40/SRR030/30608/SRR30608358/SRR30608358.lite.1,SRX26030967,GSM8505565,RNA-Seq,cDNA,TRANSCRIPTOMIC,PAIRED,0,0,ILLUMINA,Illumina NovaSeq 6000,SRP531657,PRJNA1158834,3,1158834,SRS22602607,SAMN43551175,simple,10090,Mus musculus,GSM8505565,NA,NA,NA,NA,NA,NA,no,NA,NA,NA,NA,"RHEUMATOLOGY, MEDICINE, ICAHN SCHOOL OF MEDICINE AT MOUNT SINAI",SRA1967129,NA,public,B80ADFBA4238591DD83BE7DD985F4591,2C4AD397CD3642211EC437DFACC261A3,SRR30608358
SRR30608359,2024-11-21 16:26:31,2024-09-09 17:56:25,27586031,8275809300,27586031,300,2430,NA,https://sra-downloadb.be-md.ncbi.nlm.nih.gov/sos6/sra-pub-zq-40/SRR030/30608/SRR30608359/SRR30608359.lite.1,SRX26030965,GSM8505563,RNA-Seq,cDNA,TRANSCRIPTOMIC,PAIRED,0,0,ILLUMINA,Illumina NovaSeq 6000,SRP531657,PRJNA1158834,3,1158834,SRS22602604,SAMN43551177,simple,10090,Mus musculus,GSM8505563,NA,NA,NA,NA,NA,NA,no,NA,NA,NA,NA,"RHEUMATOLOGY, MEDICINE, ICAHN SCHOOL OF MEDICINE AT MOUNT SINAI",SRA1967129,NA,public,FA66AFA2529934E198035D75D6E3C026,6B8875178952DD0C02C8AB4A69B8BA46,SRR30608359
SRR30608360,2024-11-21 16:26:31,2024-09-09 17:55:37,20537758,6161327400,20537758,300,1814,NA,https://sra-downloadb.be-md.ncbi.nlm.nih.gov/sos6/sra-pub-zq-40/SRR030/30608/SRR30608360/SRR30608360.lite.1,SRX26030964,GSM8505562,RNA-Seq,cDNA,TRANSCRIPTOMIC,PAIRED,0,0,ILLUMINA,Illumina NovaSeq 6000,SRP531657,PRJNA1158834,3,1158834,SRS22602603,SAMN43551178,simple,10090,Mus musculus,GSM8505562,NA,NA,NA,NA,NA,NA,no,NA,NA,NA,NA,"RHEUMATOLOGY, MEDICINE, ICAHN SCHOOL OF MEDICINE AT MOUNT SINAI",SRA1967129,NA,public,7FA847815874EFBCE46158EC00D3BF60,2695B6C96E30FD3742529A8F65B0A249,SRR30608360
SRR30608361,2024-11-21 16:26:32,2024-09-09 17:55:23,23400593,7020177900,23400593,300,2124,NA,https://sra-downloadb.be-md.ncbi.nlm.nih.gov/sos6/sra-pub-zq-40/SRR030/30608/SRR30608361/SRR30608361.lite.1,SRX26030966,GSM8505564,RNA-Seq,cDNA,TRANSCRIPTOMIC,PAIRED,0,0,ILLUMINA,Illumina NovaSeq 6000,SRP531657,PRJNA1158834,3,1158834,SRS22602605,SAMN43551176,simple,10090,Mus musculus,GSM8505564,NA,NA,NA,NA,NA,NA,no,NA,NA,NA,NA,"RHEUMATOLOGY, MEDICINE, ICAHN SCHOOL OF MEDICINE AT MOUNT SINAI",SRA1967129,NA,public,0FD92E25B26856ED5D66634A08AEE56F,F968176D8322622F7C56DD76C80E1591,SRR30608361
SRR30608362,2024-11-21 16:26:32,2024-09-09 17:53:20,23503374,7051012200,23503374,300,2073,NA,https://sra-downloadb.be-md.ncbi.nlm.nih.gov/sos6/sra-pub-zq-40/SRR030/30608/SRR30608362/SRR30608362.lite.1,SRX26030968,GSM8505566,RNA-Seq,cDNA,TRANSCRIPTOMIC,PAIRED,0,0,ILLUMINA,Illumina NovaSeq 6000,SRP531657,PRJNA1158834,3,1158834,SRS22602606,SAMN43551174,simple,10090,Mus musculus,GSM8505566,NA,NA,NA,NA,NA,NA,no,NA,NA,NA,NA,"RHEUMATOLOGY, MEDICINE, ICAHN SCHOOL OF MEDICINE AT MOUNT SINAI",SRA1967129,NA,public,FF48A297282E780D4E15D4093A4996EC,94A321F3980C38DF523BA397D5494CE4,SRR30608362
SRR30608363,2024-11-21 16:26:31,2024-09-09 17:54:54,23650660,7095198000,23650660,300,2086,NA,https://sra-downloadb.be-md.ncbi.nlm.nih.gov/sos6/sra-pub-zq-40/SRR030/30608/SRR30608363/SRR30608363.lite.1,SRX26030963,GSM8505561,RNA-Seq,cDNA,TRANSCRIPTOMIC,PAIRED,0,0,ILLUMINA,Illumina NovaSeq 6000,SRP531657,PRJNA1158834,3,1158834,SRS22602601,SAMN43551179,simple,10090,Mus musculus,GSM8505561,NA,NA,NA,NA,NA,NA,no,NA,NA,NA,NA,"RHEUMATOLOGY, MEDICINE, ICAHN SCHOOL OF MEDICINE AT MOUNT SINAI",SRA1967129,NA,public,B1A2F7D61F2066DB359542A115EC7664,410E6287BD7E1977897A1923C1CE63E7,SRR30608363
SRR30608364,2024-11-21 16:26:31,2024-09-09 17:54:04,38638078,11591423400,38638078,300,3450,NA,https://sra-downloadb.be-md.ncbi.nlm.nih.gov/sos6/sra-pub-zq-40/SRR030/30608/SRR30608364/SRR30608364.lite.1,SRX26030962,GSM8505560,RNA-Seq,cDNA,TRANSCRIPTOMIC,PAIRED,0,0,ILLUMINA,Illumina NovaSeq 6000,SRP531657,PRJNA1158834,3,1158834,SRS22602602,SAMN43551180,simple,10090,Mus musculus,GSM8505560,NA,NA,NA,NA,NA,NA,no,NA,NA,NA,NA,"RHEUMATOLOGY, MEDICINE, ICAHN SCHOOL OF MEDICINE AT MOUNT SINAI",SRA1967129,NA,public,3F9DDF59029F25405600E34E5E0C2B0E,5C327FE243D3333AD8607FBE13ED9830,SRR30608364
SRR30608365,2024-11-21 16:26:31,2024-09-09 17:55:56,25572846,7671853800,25572846,300,2261,NA,https://sra-downloadb.be-md.ncbi.nlm.nih.gov/sos6/sra-pub-zq-40/SRR030/30608/SRR30608365/SRR30608365.lite.1,SRX26030960,GSM8505558,RNA-Seq,cDNA,TRANSCRIPTOMIC,PAIRED,0,0,ILLUMINA,Illumina NovaSeq 6000,SRP531657,PRJNA1158834,3,1158834,SRS22602597,SAMN43551182,simple,10090,Mus musculus,GSM8505558,NA,NA,NA,NA,NA,NA,no,NA,NA,NA,NA,"RHEUMATOLOGY, MEDICINE, ICAHN SCHOOL OF MEDICINE AT MOUNT SINAI",SRA1967129,NA,public,20C9F21F9422857BF3C2B192490CB2AF,876013296FD33AC7E4FE3E8B665B77EE,SRR30608365
SRR30608366,2024-11-21 16:26:31,2024-09-09 17:56:25,28520788,8556236400,28520788,300,2619,NA,https://sra-downloadb.be-md.ncbi.nlm.nih.gov/sos6/sra-pub-zq-40/SRR030/30608/SRR30608366/SRR30608366.lite.1,SRX26030958,GSM8505556,RNA-Seq,cDNA,TRANSCRIPTOMIC,PAIRED,0,0,ILLUMINA,Illumina NovaSeq 6000,SRP531657,PRJNA1158834,3,1158834,SRS22602598,SAMN43551184,simple,10090,Mus musculus,GSM8505556,NA,NA,NA,NA,NA,NA,no,NA,NA,NA,NA,"RHEUMATOLOGY, MEDICINE, ICAHN SCHOOL OF MEDICINE AT MOUNT SINAI",SRA1967129,NA,public,383FEA8A79AE406DA452B336E3022F79,2F95E26E5AA609E3B041EC94C9587C49,SRR30608366
SRR30608367,2024-11-21 16:26:31,2024-09-09 17:56:31,28513761,8554128300,28513761,300,2515,NA,https://sra-downloadb.be-md.ncbi.nlm.nih.gov/sos6/sra-pub-zq-40/SRR030/30608/SRR30608367/SRR30608367.lite.1,SRX26030957,GSM8505555,RNA-Seq,cDNA,TRANSCRIPTOMIC,PAIRED,0,0,ILLUMINA,Illumina NovaSeq 6000,SRP531657,PRJNA1158834,3,1158834,SRS22602595,SAMN43551185,simple,10090,Mus musculus,GSM8505555,NA,NA,NA,NA,NA,NA,no,NA,NA,NA,NA,"RHEUMATOLOGY, MEDICINE, ICAHN SCHOOL OF MEDICINE AT MOUNT SINAI",SRA1967129,NA,public,5F83AA167166D4CA7BF8BFDC55E1C2C6,41A5050B3790ECAC77672BDABDEEE19E,SRR30608367
SRR30608368,2024-11-21 16:26:31,2024-09-09 17:53:05,28664226,8599267800,28664226,300,2532,NA,https://sra-downloadb.be-md.ncbi.nlm.nih.gov/sos6/sra-pub-zq-40/SRR030/30608/SRR30608368/SRR30608368.lite.1,SRX26030959,GSM8505557,RNA-Seq,cDNA,TRANSCRIPTOMIC,PAIRED,0,0,ILLUMINA,Illumina NovaSeq 6000,SRP531657,PRJNA1158834,3,1158834,SRS22602599,SAMN43551183,simple,10090,Mus musculus,GSM8505557,NA,NA,NA,NA,NA,NA,no,NA,NA,NA,NA,"RHEUMATOLOGY, MEDICINE, ICAHN SCHOOL OF MEDICINE AT MOUNT SINAI",SRA1967129,NA,public,E98A1DB35F38FD994FF8096C3FCFA918,DE6C6CB8321888A1F8E7D830570E7196,SRR30608368
SRR30608369,2024-11-21 16:26:31,2024-09-09 17:52:25,20590497,6177149100,20590497,300,1818,NA,https://sra-downloadb.be-md.ncbi.nlm.nih.gov/sos6/sra-pub-zq-40/SRR030/30608/SRR30608369/SRR30608369.lite.1,SRX26030961,GSM8505559,RNA-Seq,cDNA,TRANSCRIPTOMIC,PAIRED,0,0,ILLUMINA,Illumina NovaSeq 6000,SRP531657,PRJNA1158834,3,1158834,SRS22602600,SAMN43551181,simple,10090,Mus musculus,GSM8505559,NA,NA,NA,NA,NA,NA,no,NA,NA,NA,NA,"RHEUMATOLOGY, MEDICINE, ICAHN SCHOOL OF MEDICINE AT MOUNT SINAI",SRA1967129,NA,public,86C461E59DAA61A598A264F3CC74D2A7,E9CD137F0BE57C576A058AB8C28B084E,SRR30608369
SRR30608370,2024-11-21 16:26:31,2024-09-09 17:53:05,24775412,7432623600,24775412,300,2189,NA,https://sra-downloadb.be-md.ncbi.nlm.nih.gov/sos6/sra-pub-zq-40/SRR030/30608/SRR30608370/SRR30608370.lite.1,SRX26030956,GSM8505554,RNA-Seq,cDNA,TRANSCRIPTOMIC,PAIRED,0,0,ILLUMINA,Illumina NovaSeq 6000,SRP531657,PRJNA1158834,3,1158834,SRS22602596,SAMN43551186,simple,10090,Mus musculus,GSM8505554,NA,NA,NA,NA,NA,NA,no,NA,NA,NA,NA,"RHEUMATOLOGY, MEDICINE, ICAHN SCHOOL OF MEDICINE AT MOUNT SINAI",SRA1967129,NA,public,D41A4DE4369C4A56D0E1798EB893D6EE,701926CBD6654F8C87CBBEDFE8CC6381,SRR30608370
SRR30608371,2024-11-21 16:26:31,2024-09-09 17:52:37,22791078,6837323400,22791078,300,2021,NA,https://sra-downloadb.be-md.ncbi.nlm.nih.gov/sos6/sra-pub-zq-40/SRR030/30608/SRR30608371/SRR30608371.lite.1,SRX26030955,GSM8505553,RNA-Seq,cDNA,TRANSCRIPTOMIC,PAIRED,0,0,ILLUMINA,Illumina NovaSeq 6000,SRP531657,PRJNA1158834,3,1158834,SRS22602594,SAMN43551187,simple,10090,Mus musculus,GSM8505553,NA,NA,NA,NA,NA,NA,no,NA,NA,NA,NA,"RHEUMATOLOGY, MEDICINE, ICAHN SCHOOL OF MEDICINE AT MOUNT SINAI",SRA1967129,NA,public,613DFBEB4766733158306EC036450714,281D0D9B9910A2547FD47470CC5D09F4,SRR30608371
SRR30608372,2024-11-21 16:26:30,2024-09-09 17:52:59,27405858,8221757400,27405858,300,2432,NA,https://sra-downloadb.be-md.ncbi.nlm.nih.gov/sos6/sra-pub-zq-40/SRR030/30608/SRR30608372/SRR30608372.lite.1,SRX26030953,GSM8505551,RNA-Seq,cDNA,TRANSCRIPTOMIC,PAIRED,0,0,ILLUMINA,Illumina NovaSeq 6000,SRP531657,PRJNA1158834,3,1158834,SRS22602592,SAMN43551189,simple,10090,Mus musculus,GSM8505551,NA,NA,NA,NA,NA,NA,no,NA,NA,NA,NA,"RHEUMATOLOGY, MEDICINE, ICAHN SCHOOL OF MEDICINE AT MOUNT SINAI",SRA1967129,NA,public,759A7F0ECD465627EE6EC1FC251E43C6,09EBBE1619458FCAB69081BBA3B3638C,SRR30608372
SRR30608373,2024-11-21 16:26:32,2024-09-09 17:52:33,23377057,7013117100,23377057,300,2069,NA,https://sra-downloadb.be-md.ncbi.nlm.nih.gov/sos6/sra-pub-zq-40/SRR030/30608/SRR30608373/SRR30608373.lite.1,SRX26030951,GSM8505549,RNA-Seq,cDNA,TRANSCRIPTOMIC,PAIRED,0,0,ILLUMINA,Illumina NovaSeq 6000,SRP531657,PRJNA1158834,3,1158834,SRS22602590,SAMN43551191,simple,10090,Mus musculus,GSM8505549,NA,NA,NA,NA,NA,NA,no,NA,NA,NA,NA,"RHEUMATOLOGY, MEDICINE, ICAHN SCHOOL OF MEDICINE AT MOUNT SINAI",SRA1967129,NA,public,491CA12B45E6CE890123CF1638FFADDD,3BE8E76C755F456D07F6EA314527C605,SRR30608373
SRR30608374,2024-11-21 16:26:32,2024-09-09 17:52:38,24979255,7493776500,24979255,300,2228,NA,https://sra-downloadb.be-md.ncbi.nlm.nih.gov/sos6/sra-pub-zq-40/SRR030/30608/SRR30608374/SRR30608374.lite.1,SRX26030950,GSM8505548,RNA-Seq,cDNA,TRANSCRIPTOMIC,PAIRED,0,0,ILLUMINA,Illumina NovaSeq 6000,SRP531657,PRJNA1158834,3,1158834,SRS22602589,SAMN43551192,simple,10090,Mus musculus,GSM8505548,NA,NA,NA,NA,NA,NA,no,NA,NA,NA,NA,"RHEUMATOLOGY, MEDICINE, ICAHN SCHOOL OF MEDICINE AT MOUNT SINAI",SRA1967129,NA,public,829A20E2E56F069944CAA30725068B6B,4C0143A9D1EF51A8322F91FD7BE2DE75,SRR30608374
SRR30608375,2024-11-21 16:26:32,2024-09-09 17:53:01,23590859,7077257700,23590859,300,2065,NA,https://sra-downloadb.be-md.ncbi.nlm.nih.gov/sos6/sra-pub-zq-40/SRR030/30608/SRR30608375/SRR30608375.lite.1,SRX26030952,GSM8505550,RNA-Seq,cDNA,TRANSCRIPTOMIC,PAIRED,0,0,ILLUMINA,Illumina NovaSeq 6000,SRP531657,PRJNA1158834,3,1158834,SRS22602591,SAMN43551190,simple,10090,Mus musculus,GSM8505550,NA,NA,NA,NA,NA,NA,no,NA,NA,NA,NA,"RHEUMATOLOGY, MEDICINE, ICAHN SCHOOL OF MEDICINE AT MOUNT SINAI",SRA1967129,NA,public,74DE3021DF860F25405830C908F382F4,69DAAF0D15694A9B3C7329C3CCCB1B66,SRR30608375
SRR30608376,2024-11-21 16:26:31,2024-09-09 17:52:43,22768038,6830411400,22768038,300,2018,NA,https://sra-downloadb.be-md.ncbi.nlm.nih.gov/sos6/sra-pub-zq-40/SRR030/30608/SRR30608376/SRR30608376.lite.1,SRX26030954,GSM8505552,RNA-Seq,cDNA,TRANSCRIPTOMIC,PAIRED,0,0,ILLUMINA,Illumina NovaSeq 6000,SRP531657,PRJNA1158834,3,1158834,SRS22602593,SAMN43551188,simple,10090,Mus musculus,GSM8505552,NA,NA,NA,NA,NA,NA,no,NA,NA,NA,NA,"RHEUMATOLOGY, MEDICINE, ICAHN SCHOOL OF MEDICINE AT MOUNT SINAI",SRA1967129,NA,public,7ABAAF0043B6BACF7ECBD5BD189A8A45,0C382FEADA19070C614014DE7E9E09B4,SRR30608376
SRR30608377,2024-11-21 16:26:31,2024-09-09 17:52:58,22962261,6888678300,22962261,300,2011,NA,https://sra-downloadb.be-md.ncbi.nlm.nih.gov/sos6/sra-pub-zq-40/SRR030/30608/SRR30608377/SRR30608377.lite.1,SRX26030949,GSM8505547,RNA-Seq,cDNA,TRANSCRIPTOMIC,PAIRED,0,0,ILLUMINA,Illumina NovaSeq 6000,SRP531657,PRJNA1158834,3,1158834,SRS22602588,SAMN43551193,simple,10090,Mus musculus,GSM8505547,NA,NA,NA,NA,NA,NA,no,NA,NA,NA,NA,"RHEUMATOLOGY, MEDICINE, ICAHN SCHOOL OF MEDICINE AT MOUNT SINAI",SRA1967129,NA,public,B9644B77BFFCAC2C270F29C3C4588EB0,AED13700A46A2D0D7CADF7E6C5A5E860,SRR30608377
SRR30608378,2024-11-21 16:26:30,2024-09-09 17:53:19,24462162,7338648600,24462162,300,2174,NA,https://sra-downloadb.be-md.ncbi.nlm.nih.gov/sos6/sra-pub-zq-40/SRR030/30608/SRR30608378/SRR30608378.lite.1,SRX26030948,GSM8505546,RNA-Seq,cDNA,TRANSCRIPTOMIC,PAIRED,0,0,ILLUMINA,Illumina NovaSeq 6000,SRP531657,PRJNA1158834,3,1158834,SRS22602587,SAMN43551194,simple,10090,Mus musculus,GSM8505546,NA,NA,NA,NA,NA,NA,no,NA,NA,NA,NA,"RHEUMATOLOGY, MEDICINE, ICAHN SCHOOL OF MEDICINE AT MOUNT SINAI",SRA1967129,NA,public,E4B0FE39510551EDA2847F6814D55420,214D7B77297758FABB5EDA71B61EB486,SRR30608378
SRR31979339,2025-01-17 00:01:21,2025-01-13 12:49:55,26142867,7842860100,26142867,300,2415,NA,https://sra-downloadb.be-md.ncbi.nlm.nih.gov/sos7/sra-pub-zq-41/SRR031/31979/SRR31979339/SRR31979339.lite.1,SRX27334528,GSM8729358,RNA-Seq,cDNA,TRANSCRIPTOMIC,PAIRED,0,0,ILLUMINA,Illumina NovaSeq X Plus,SRP556997,PRJNA1209914,NA,1209914,SRS23773299,SAMN46231922,simple,9606,Homo sapiens,GSM8729358,NA,NA,NA,NA,NA,NA,no,NA,NA,NA,NA,MASSACHUSETTS GENERAL HOSPITAL,SRA2050000,NA,public,2ED212BC39A08B410299864E5A2D5912,76401A7E0F457827E9AE18B4C13DE97A,SRR31979339
SRR31979340,2025-01-17 00:01:21,2025-01-13 12:50:47,33982285,10194685500,33982285,300,3116,NA,https://sra-downloadb.be-md.ncbi.nlm.nih.gov/sos7/sra-pub-zq-41/SRR031/31979/SRR31979340/SRR31979340.lite.1,SRX27334527,GSM8729357,RNA-Seq,cDNA,TRANSCRIPTOMIC,PAIRED,0,0,ILLUMINA,Illumina NovaSeq X Plus,SRP556997,PRJNA1209914,NA,1209914,SRS23773298,SAMN46231923,simple,9606,Homo sapiens,GSM8729357,NA,NA,NA,NA,NA,NA,no,NA,NA,NA,NA,MASSACHUSETTS GENERAL HOSPITAL,SRA2050000,NA,public,BE036A4E5A7FB24DDA2BE2B4F636E3FF,20D8DFD61F456751E25B0E9EF9DB52A5,SRR31979340
SRR31979341,2025-01-17 00:01:21,2025-01-13 12:49:21,23538617,7061585100,23538617,300,2148,NA,https://sra-downloadb.be-md.ncbi.nlm.nih.gov/sos7/sra-pub-zq-41/SRR031/31979/SRR31979341/SRR31979341.lite.1,SRX27334526,GSM8729356,RNA-Seq,cDNA,TRANSCRIPTOMIC,PAIRED,0,0,ILLUMINA,Illumina NovaSeq X Plus,SRP556997,PRJNA1209914,NA,1209914,SRS23773297,SAMN46231924,simple,9606,Homo sapiens,GSM8729356,NA,NA,NA,NA,NA,NA,no,NA,NA,NA,NA,MASSACHUSETTS GENERAL HOSPITAL,SRA2050000,NA,public,BFA98FAE68501424D2A102084122DEDC,F7FDD9DB50F44F101DB1F72DA535F5B1,SRR31979341
SRR31979342,2025-01-17 00:01:21,2025-01-13 12:49:38,22283939,6685181700,22283939,300,2018,NA,https://sra-downloadb.be-md.ncbi.nlm.nih.gov/sos7/sra-pub-zq-41/SRR031/31979/SRR31979342/SRR31979342.lite.1,SRX27334525,GSM8729355,RNA-Seq,cDNA,TRANSCRIPTOMIC,PAIRED,0,0,ILLUMINA,Illumina NovaSeq X Plus,SRP556997,PRJNA1209914,NA,1209914,SRS23773296,SAMN46231925,simple,9606,Homo sapiens,GSM8729355,NA,NA,NA,NA,NA,NA,no,NA,NA,NA,NA,MASSACHUSETTS GENERAL HOSPITAL,SRA2050000,NA,public,F08AA275A31F1FE4A1D7F18B982180AA,D81D2B53F08D5D3757A9F90EFF2B6210,SRR31979342
SRR31979343,2025-01-17 00:01:21,2025-01-13 12:50:14,21576009,6472802700,21576009,300,1930,NA,https://sra-downloadb.be-md.ncbi.nlm.nih.gov/sos7/sra-pub-zq-41/SRR031/31979/SRR31979343/SRR31979343.lite.1,SRX27334524,GSM8729354,RNA-Seq,cDNA,TRANSCRIPTOMIC,PAIRED,0,0,ILLUMINA,Illumina NovaSeq X Plus,SRP556997,PRJNA1209914,NA,1209914,SRS23773295,SAMN46231926,simple,9606,Homo sapiens,GSM8729354,NA,NA,NA,NA,NA,NA,no,NA,NA,NA,NA,MASSACHUSETTS GENERAL HOSPITAL,SRA2050000,NA,public,0112AA4020E9D336FEB4F4365E08A43F,F3BC7FA3AC64C5B114925FD68C3664FB,SRR31979343
SRR31979344,2025-01-17 00:01:21,2025-01-13 12:47:42,21836796,6551038800,21836796,300,1938,NA,https://sra-downloadb.be-md.ncbi.nlm.nih.gov/sos7/sra-pub-zq-41/SRR031/31979/SRR31979344/SRR31979344.lite.1,SRX27334523,GSM8729353,RNA-Seq,cDNA,TRANSCRIPTOMIC,PAIRED,0,0,ILLUMINA,Illumina NovaSeq X Plus,SRP556997,PRJNA1209914,NA,1209914,SRS23773294,SAMN46231927,simple,9606,Homo sapiens,GSM8729353,NA,NA,NA,NA,NA,NA,no,NA,NA,NA,NA,MASSACHUSETTS GENERAL HOSPITAL,SRA2050000,NA,public,7DD140A2526450F610E4C3374921C171,51079832C82837A3AB09C431AFDD88B2,SRR31979344
SRR31979345,2025-01-17 00:01:21,2025-01-13 12:48:16,23992558,7197767400,23992558,300,2150,NA,https://sra-downloadb.be-md.ncbi.nlm.nih.gov/sos7/sra-pub-zq-41/SRR031/31979/SRR31979345/SRR31979345.lite.1,SRX27334522,GSM8729352,RNA-Seq,cDNA,TRANSCRIPTOMIC,PAIRED,0,0,ILLUMINA,Illumina NovaSeq X Plus,SRP556997,PRJNA1209914,NA,1209914,SRS23773293,SAMN46231928,simple,9606,Homo sapiens,GSM8729352,NA,NA,NA,NA,NA,NA,no,NA,NA,NA,NA,MASSACHUSETTS GENERAL HOSPITAL,SRA2050000,NA,public,288128DAEF713C6BB930C66BDA6EC94B,1C904DADFE24F4E830BE723A315600E3,SRR31979345
SRR31979346,2025-01-17 00:01:21,2025-01-13 12:50:20,26960634,8088190200,26960634,300,2390,NA,https://sra-downloadb.be-md.ncbi.nlm.nih.gov/sos7/sra-pub-zq-41/SRR031/31979/SRR31979346/SRR31979346.lite.1,SRX27334521,GSM8729351,RNA-Seq,cDNA,TRANSCRIPTOMIC,PAIRED,0,0,ILLUMINA,Illumina NovaSeq X Plus,SRP556997,PRJNA1209914,NA,1209914,SRS23773292,SAMN46231929,simple,9606,Homo sapiens,GSM8729351,NA,NA,NA,NA,NA,NA,no,NA,NA,NA,NA,MASSACHUSETTS GENERAL HOSPITAL,SRA2050000,NA,public,4BAABE5498291863FBA9E558E633D6AB,37B79CE9B420553E70F5DAE6D8104159,SRR31979346
SRR31979347,2025-01-17 00:01:21,2025-01-13 12:48:32,24603634,7381090200,24603634,300,2199,NA,https://sra-downloadb.be-md.ncbi.nlm.nih.gov/sos7/sra-pub-zq-41/SRR031/31979/SRR31979347/SRR31979347.lite.1,SRX27334520,GSM8729350,RNA-Seq,cDNA,TRANSCRIPTOMIC,PAIRED,0,0,ILLUMINA,Illumina NovaSeq X Plus,SRP556997,PRJNA1209914,NA,1209914,SRS23773291,SAMN46231930,simple,9606,Homo sapiens,GSM8729350,NA,NA,NA,NA,NA,NA,no,NA,NA,NA,NA,MASSACHUSETTS GENERAL HOSPITAL,SRA2050000,NA,public,C9F8EFA19F9BA3E4D0E2DFED841CCA00,FECBE3C5D4548BE76035F23834A2E4C7,SRR31979347
SRR34050821,2025-08-08 21:45:46,2025-06-18 19:53:52,11571762,879453912,11571762,76,338,NA,https://sra-downloadb.be-md.ncbi.nlm.nih.gov/sos7/sra-pub-zq-41/SRR034/34050/SRR34050821/SRR34050821.lite.1,SRX29245955,GSM9055249,RNA-Seq,cDNA,TRANSCRIPTOMIC,PAIRED,0,0,ILLUMINA,NextSeq 500,SRP593021,PRJNA1279180,4,1279180,SRS25432090,SAMN49475610,simple,10090,Mus musculus,GSM9055249,NA,NA,NA,NA,NA,NA,no,NA,NA,NA,NA,"CBDM, MICROBIOLOGY AND IMMUNOBIOLOGY, HARVARD MEDICAL SCHOOL",SRA2152031,NA,public,0CA9DD5FC9A7A1857FB3B1B454831EA4,2D813E416996F68BAACC17A36EA49CD2,SRR34050821
SRR34050822,2025-08-08 21:45:46,2025-06-18 19:53:21,9881311,750979636,9881311,76,289,NA,https://sra-downloadb.be-md.ncbi.nlm.nih.gov/sos7/sra-pub-zq-41/SRR034/34050/SRR34050822/SRR34050822.lite.1,SRX29245954,GSM9055248,RNA-Seq,cDNA,TRANSCRIPTOMIC,PAIRED,0,0,ILLUMINA,NextSeq 500,SRP593021,PRJNA1279180,4,1279180,SRS25432091,SAMN49475611,simple,10090,Mus musculus,GSM9055248,NA,NA,NA,NA,NA,NA,no,NA,NA,NA,NA,"CBDM, MICROBIOLOGY AND IMMUNOBIOLOGY, HARVARD MEDICAL SCHOOL",SRA2152031,NA,public,322E47F8B294FB3F76A478613E0BD54A,39AB2AF1202D35D2B59E5B0A811E9DC9,SRR34050822
SRR34050823,2025-08-08 21:45:46,2025-06-18 19:53:23,10188382,774317032,10188382,76,300,NA,https://sra-downloadb.be-md.ncbi.nlm.nih.gov/sos7/sra-pub-zq-41/SRR034/34050/SRR34050823/SRR34050823.lite.1,SRX29245953,GSM9055247,RNA-Seq,cDNA,TRANSCRIPTOMIC,PAIRED,0,0,ILLUMINA,NextSeq 500,SRP593021,PRJNA1279180,4,1279180,SRS25432089,SAMN49475612,simple,10090,Mus musculus,GSM9055247,NA,NA,NA,NA,NA,NA,no,NA,NA,NA,NA,"CBDM, MICROBIOLOGY AND IMMUNOBIOLOGY, HARVARD MEDICAL SCHOOL",SRA2152031,NA,public,18BDF6A14439DE64CC1DFE95D2F43232,EC203E50D8FD4ECD705326B5218C3D94,SRR34050823
SRR34050824,2025-08-08 21:45:46,2025-06-18 19:53:37,11547604,877617904,11547604,76,340,NA,https://sra-downloadb.be-md.ncbi.nlm.nih.gov/sos7/sra-pub-zq-41/SRR034/34050/SRR34050824/SRR34050824.lite.1,SRX29245952,GSM9055246,RNA-Seq,cDNA,TRANSCRIPTOMIC,PAIRED,0,0,ILLUMINA,NextSeq 500,SRP593021,PRJNA1279180,4,1279180,SRS25432087,SAMN49475613,simple,10090,Mus musculus,GSM9055246,NA,NA,NA,NA,NA,NA,no,NA,NA,NA,NA,"CBDM, MICROBIOLOGY AND IMMUNOBIOLOGY, HARVARD MEDICAL SCHOOL",SRA2152031,NA,public,B7E430E4D9978AFCF7785B928878D5DB,9A93BE0CFBEFB9A5ECCFB9E4CC05AAE4,SRR34050824
SRR34050825,2025-08-08 21:45:46,2025-06-18 19:53:32,10717939,814563364,10717939,76,315,NA,https://sra-downloadb.be-md.ncbi.nlm.nih.gov/sos7/sra-pub-zq-41/SRR034/34050/SRR34050825/SRR34050825.lite.1,SRX29245951,GSM9055245,RNA-Seq,cDNA,TRANSCRIPTOMIC,PAIRED,0,0,ILLUMINA,NextSeq 500,SRP593021,PRJNA1279180,4,1279180,SRS25432088,SAMN49475614,simple,10090,Mus musculus,GSM9055245,NA,NA,NA,NA,NA,NA,no,NA,NA,NA,NA,"CBDM, MICROBIOLOGY AND IMMUNOBIOLOGY, HARVARD MEDICAL SCHOOL",SRA2152031,NA,public,23375A8DCD88BE4409A3BE93469E3EE6,40B80D7729EFC84F89A08D74F60A74A4,SRR34050825
SRR34050826,2025-08-08 21:45:46,2025-06-18 19:53:33,11658482,886044632,11658482,76,341,NA,https://sra-downloadb.be-md.ncbi.nlm.nih.gov/sos7/sra-pub-zq-41/SRR034/34050/SRR34050826/SRR34050826.lite.1,SRX29245950,GSM9055244,RNA-Seq,cDNA,TRANSCRIPTOMIC,PAIRED,0,0,ILLUMINA,NextSeq 500,SRP593021,PRJNA1279180,4,1279180,SRS25432086,SAMN49475615,simple,10090,Mus musculus,GSM9055244,NA,NA,NA,NA,NA,NA,no,NA,NA,NA,NA,"CBDM, MICROBIOLOGY AND IMMUNOBIOLOGY, HARVARD MEDICAL SCHOOL",SRA2152031,NA,public,0A159AC93104304E65FEB54EA739AF50,B4DC0D110CE3AB1B52AFF2097D64494A,SRR34050826
SRR34050827,2025-08-08 21:45:46,2025-06-18 19:53:49,10112501,768550076,10112501,76,298,NA,https://sra-downloadb.be-md.ncbi.nlm.nih.gov/sos7/sra-pub-zq-41/SRR034/34050/SRR34050827/SRR34050827.lite.1,SRX29245949,GSM9055243,RNA-Seq,cDNA,TRANSCRIPTOMIC,PAIRED,0,0,ILLUMINA,NextSeq 500,SRP593021,PRJNA1279180,4,1279180,SRS25432085,SAMN49475616,simple,10090,Mus musculus,GSM9055243,NA,NA,NA,NA,NA,NA,no,NA,NA,NA,NA,"CBDM, MICROBIOLOGY AND IMMUNOBIOLOGY, HARVARD MEDICAL SCHOOL",SRA2152031,NA,public,344B0ACD3B631BE96B86EE5188D4E3CB,7A46CFE00D16DCFE7AC6F3D1A4308AB5,SRR34050827
SRR34050828,2025-08-08 21:45:46,2025-06-18 19:53:37,12535752,952717152,12535752,76,367,NA,https://sra-downloadb.be-md.ncbi.nlm.nih.gov/sos7/sra-pub-zq-41/SRR034/34050/SRR34050828/SRR34050828.lite.1,SRX29245948,GSM9055242,RNA-Seq,cDNA,TRANSCRIPTOMIC,PAIRED,0,0,ILLUMINA,NextSeq 500,SRP593021,PRJNA1279180,4,1279180,SRS25432084,SAMN49475617,simple,10090,Mus musculus,GSM9055242,NA,NA,NA,NA,NA,NA,no,NA,NA,NA,NA,"CBDM, MICROBIOLOGY AND IMMUNOBIOLOGY, HARVARD MEDICAL SCHOOL",SRA2152031,NA,public,4905B9A1D997FAFFF240458A824B328B,0F3718D3A5FC60D0D6D4F583F6BFD836,SRR34050828
SRR34050829,2025-08-08 21:45:46,2025-06-18 19:53:24,11338733,861743708,11338733,76,331,NA,https://sra-downloadb.be-md.ncbi.nlm.nih.gov/sos7/sra-pub-zq-41/SRR034/34050/SRR34050829/SRR34050829.lite.1,SRX29245947,GSM9055241,RNA-Seq,cDNA,TRANSCRIPTOMIC,PAIRED,0,0,ILLUMINA,NextSeq 500,SRP593021,PRJNA1279180,4,1279180,SRS25432083,SAMN49475618,simple,10090,Mus musculus,GSM9055241,NA,NA,NA,NA,NA,NA,no,NA,NA,NA,NA,"CBDM, MICROBIOLOGY AND IMMUNOBIOLOGY, HARVARD MEDICAL SCHOOL",SRA2152031,NA,public,A5E7CBB0043FAD4E5FEB6BBC9738A61C,2A6C0DC751E172A2083FEDB8B10A86D3,SRR34050829
SRR34050830,2025-08-08 21:45:45,2025-06-18 19:53:32,12218310,928591560,12218310,76,357,NA,https://sra-downloadb.be-md.ncbi.nlm.nih.gov/sos7/sra-pub-zq-41/SRR034/34050/SRR34050830/SRR34050830.lite.1,SRX29245946,GSM9055240,RNA-Seq,cDNA,TRANSCRIPTOMIC,PAIRED,0,0,ILLUMINA,NextSeq 500,SRP593021,PRJNA1279180,4,1279180,SRS25432081,SAMN49475619,simple,10090,Mus musculus,GSM9055240,NA,NA,NA,NA,NA,NA,no,NA,NA,NA,NA,"CBDM, MICROBIOLOGY AND IMMUNOBIOLOGY, HARVARD MEDICAL SCHOOL",SRA2152031,NA,public,29D8BEAF029AA99DDD746BDA152EED34,AE9E6B42CF70174B0ECE1366889B33B0,SRR34050830
SRR34050831,2025-08-08 21:45:45,2025-06-18 19:53:18,10039173,762977148,10039173,76,292,NA,https://sra-downloadb.be-md.ncbi.nlm.nih.gov/sos7/sra-pub-zq-41/SRR034/34050/SRR34050831/SRR34050831.lite.1,SRX29245945,GSM9055239,RNA-Seq,cDNA,TRANSCRIPTOMIC,PAIRED,0,0,ILLUMINA,NextSeq 500,SRP593021,PRJNA1279180,4,1279180,SRS25432082,SAMN49475620,simple,10090,Mus musculus,GSM9055239,NA,NA,NA,NA,NA,NA,no,NA,NA,NA,NA,"CBDM, MICROBIOLOGY AND IMMUNOBIOLOGY, HARVARD MEDICAL SCHOOL",SRA2152031,NA,public,A0D7D549E8355CA0F98E82F95F9CB788,02BE9D9C7569E36CB9A1FCFEF364126B,SRR34050831
SRR34050832,2025-08-08 21:45:45,2025-06-18 19:54:10,11505663,874430388,11505663,76,336,NA,https://sra-downloadb.be-md.ncbi.nlm.nih.gov/sos7/sra-pub-zq-41/SRR034/34050/SRR34050832/SRR34050832.lite.1,SRX29245944,GSM9055238,RNA-Seq,cDNA,TRANSCRIPTOMIC,PAIRED,0,0,ILLUMINA,NextSeq 500,SRP593021,PRJNA1279180,4,1279180,SRS25432080,SAMN49475621,simple,10090,Mus musculus,GSM9055238,NA,NA,NA,NA,NA,NA,no,NA,NA,NA,NA,"CBDM, MICROBIOLOGY AND IMMUNOBIOLOGY, HARVARD MEDICAL SCHOOL",SRA2152031,NA,public,19D382AD6F519BC571D0E0AD9AB9C4BC,6FD4506BC1ECA3C339F2C2ECE468B22D,SRR34050832
SRR34050833,2025-08-08 21:45:45,2025-06-18 19:53:20,10835682,823511832,10835682,76,316,NA,https://sra-downloadb.be-md.ncbi.nlm.nih.gov/sos7/sra-pub-zq-41/SRR034/34050/SRR34050833/SRR34050833.lite.1,SRX29245943,GSM9055237,RNA-Seq,cDNA,TRANSCRIPTOMIC,PAIRED,0,0,ILLUMINA,NextSeq 500,SRP593021,PRJNA1279180,4,1279180,SRS25432079,SAMN49475622,simple,10090,Mus musculus,GSM9055237,NA,NA,NA,NA,NA,NA,no,NA,NA,NA,NA,"CBDM, MICROBIOLOGY AND IMMUNOBIOLOGY, HARVARD MEDICAL SCHOOL",SRA2152031,NA,public,E21F3BE481604D54500EC42C779BA87C,3777B7435131B5D832BDCBA189BF804C,SRR34050833
SRR34050834,2025-08-08 21:45:45,2025-06-18 19:54:30,11616587,882860612,11616587,76,340,NA,https://sra-downloadb.be-md.ncbi.nlm.nih.gov/sos7/sra-pub-zq-41/SRR034/34050/SRR34050834/SRR34050834.lite.1,SRX29245942,GSM9055236,RNA-Seq,cDNA,TRANSCRIPTOMIC,PAIRED,0,0,ILLUMINA,NextSeq 500,SRP593021,PRJNA1279180,4,1279180,SRS25432078,SAMN49475623,simple,10090,Mus musculus,GSM9055236,NA,NA,NA,NA,NA,NA,no,NA,NA,NA,NA,"CBDM, MICROBIOLOGY AND IMMUNOBIOLOGY, HARVARD MEDICAL SCHOOL",SRA2152031,NA,public,AB934A0F8759A56DA1070235567C9378,83A527634F94A82F2BCE1AAE89D26044,SRR34050834
SRR34050835,2025-08-08 21:45:45,2025-06-18 19:53:26,9906192,752870592,9906192,76,290,NA,https://sra-downloadb.be-md.ncbi.nlm.nih.gov/sos7/sra-pub-zq-41/SRR034/34050/SRR34050835/SRR34050835.lite.1,SRX29245941,GSM9055235,RNA-Seq,cDNA,TRANSCRIPTOMIC,PAIRED,0,0,ILLUMINA,NextSeq 500,SRP593021,PRJNA1279180,4,1279180,SRS25432077,SAMN49475624,simple,10090,Mus musculus,GSM9055235,NA,NA,NA,NA,NA,NA,no,NA,NA,NA,NA,"CBDM, MICROBIOLOGY AND IMMUNOBIOLOGY, HARVARD MEDICAL SCHOOL",SRA2152031,NA,public,710EC03E71CC8EB0EDFA9D23EEB0EBD9,E5BF1CE2698DDDB8BA7A0DF73844B8A0,SRR34050835
SRR34050836,2025-08-08 21:45:45,2025-06-18 19:53:27,11636691,884388516,11636691,76,343,NA,https://sra-downloadb.be-md.ncbi.nlm.nih.gov/sos7/sra-pub-zq-41/SRR034/34050/SRR34050836/SRR34050836.lite.1,SRX29245940,GSM9055234,RNA-Seq,cDNA,TRANSCRIPTOMIC,PAIRED,0,0,ILLUMINA,NextSeq 500,SRP593021,PRJNA1279180,4,1279180,SRS25432076,SAMN49475625,simple,10090,Mus musculus,GSM9055234,NA,NA,NA,NA,NA,NA,no,NA,NA,NA,NA,"CBDM, MICROBIOLOGY AND IMMUNOBIOLOGY, HARVARD MEDICAL SCHOOL",SRA2152031,NA,public,C47C8123F5040F36170234670C8CBCBE,F79112AB71E1F776BD6197B3F8968AD6,SRR34050836
SRR34050837,2025-08-08 21:45:45,2025-06-18 19:53:36,12589811,956825636,12589811,76,370,NA,https://sra-downloadb.be-md.ncbi.nlm.nih.gov/sos7/sra-pub-zq-41/SRR034/34050/SRR34050837/SRR34050837.lite.1,SRX29245939,GSM9055233,RNA-Seq,cDNA,TRANSCRIPTOMIC,PAIRED,0,0,ILLUMINA,NextSeq 500,SRP593021,PRJNA1279180,4,1279180,SRS25432075,SAMN49475626,simple,10090,Mus musculus,GSM9055233,NA,NA,NA,NA,NA,NA,no,NA,NA,NA,NA,"CBDM, MICROBIOLOGY AND IMMUNOBIOLOGY, HARVARD MEDICAL SCHOOL",SRA2152031,NA,public,F928E0F08215ACA6A0BBC468DA52A520,870F381E194E6CEBB8E9DDCA5A87AB23,SRR34050837
SRR34050838,2025-08-08 21:45:45,2025-06-18 19:53:32,11512966,874985416,11512966,76,336,NA,https://sra-downloadb.be-md.ncbi.nlm.nih.gov/sos7/sra-pub-zq-41/SRR034/34050/SRR34050838/SRR34050838.lite.1,SRX29245938,GSM9055232,RNA-Seq,cDNA,TRANSCRIPTOMIC,PAIRED,0,0,ILLUMINA,NextSeq 500,SRP593021,PRJNA1279180,4,1279180,SRS25432074,SAMN49475627,simple,10090,Mus musculus,GSM9055232,NA,NA,NA,NA,NA,NA,no,NA,NA,NA,NA,"CBDM, MICROBIOLOGY AND IMMUNOBIOLOGY, HARVARD MEDICAL SCHOOL",SRA2152031,NA,public,FF62D9AB3D27D1B5E498173CCF485E18,3CCD9D3C6267B51A4930218D32BFAEB3,SRR34050838
SRR34050839,2025-08-08 21:45:45,2025-06-18 19:53:29,11859285,901305660,11859285,76,349,NA,https://sra-downloadb.be-md.ncbi.nlm.nih.gov/sos7/sra-pub-zq-41/SRR034/34050/SRR34050839/SRR34050839.lite.1,SRX29245937,GSM9055231,RNA-Seq,cDNA,TRANSCRIPTOMIC,PAIRED,0,0,ILLUMINA,NextSeq 500,SRP593021,PRJNA1279180,4,1279180,SRS25432073,SAMN49475628,simple,10090,Mus musculus,GSM9055231,NA,NA,NA,NA,NA,NA,no,NA,NA,NA,NA,"CBDM, MICROBIOLOGY AND IMMUNOBIOLOGY, HARVARD MEDICAL SCHOOL",SRA2152031,NA,public,1FFD38580DC9BA5E813512B9791A6384,3317D1AE626972E62A85EF7E49CEFCC3,SRR34050839
SRR34050840,2025-08-08 21:45:45,2025-06-18 19:53:31,11609373,882312348,11609373,76,341,NA,https://sra-downloadb.be-md.ncbi.nlm.nih.gov/sos7/sra-pub-zq-41/SRR034/34050/SRR34050840/SRR34050840.lite.1,SRX29245936,GSM9055230,RNA-Seq,cDNA,TRANSCRIPTOMIC,PAIRED,0,0,ILLUMINA,NextSeq 500,SRP593021,PRJNA1279180,4,1279180,SRS25432072,SAMN49475629,simple,10090,Mus musculus,GSM9055230,NA,NA,NA,NA,NA,NA,no,NA,NA,NA,NA,"CBDM, MICROBIOLOGY AND IMMUNOBIOLOGY, HARVARD MEDICAL SCHOOL",SRA2152031,NA,public,8F172403984785DEB90CBDF8FF90923B,6BD43FC47EF02EFE307E120BCD96FDBD,SRR34050840
SRR34050841,2025-08-08 21:45:45,2025-06-18 19:53:28,11793714,896322264,11793714,76,345,NA,https://sra-downloadb.be-md.ncbi.nlm.nih.gov/sos7/sra-pub-zq-41/SRR034/34050/SRR34050841/SRR34050841.lite.1,SRX29245935,GSM9055229,RNA-Seq,cDNA,TRANSCRIPTOMIC,PAIRED,0,0,ILLUMINA,NextSeq 500,SRP593021,PRJNA1279180,4,1279180,SRS25432070,SAMN49475630,simple,10090,Mus musculus,GSM9055229,NA,NA,NA,NA,NA,NA,no,NA,NA,NA,NA,"CBDM, MICROBIOLOGY AND IMMUNOBIOLOGY, HARVARD MEDICAL SCHOOL",SRA2152031,NA,public,7BD03F6747CEBE667D8461ED76D8C394,ABDAE470F328EAADEB4C21ACBFF96A95,SRR34050841
SRR34050842,2025-08-08 21:45:45,2025-06-18 19:53:15,12051473,915911948,12051473,76,360,NA,https://sra-downloadb.be-md.ncbi.nlm.nih.gov/sos7/sra-pub-zq-41/SRR034/34050/SRR34050842/SRR34050842.lite.1,SRX29245934,GSM9055228,RNA-Seq,cDNA,TRANSCRIPTOMIC,PAIRED,0,0,ILLUMINA,NextSeq 500,SRP593021,PRJNA1279180,4,1279180,SRS25432071,SAMN49475631,simple,10090,Mus musculus,GSM9055228,NA,NA,NA,NA,NA,NA,no,NA,NA,NA,NA,"CBDM, MICROBIOLOGY AND IMMUNOBIOLOGY, HARVARD MEDICAL SCHOOL",SRA2152031,NA,public,887A3CAC49106296D631511B9451CD02,7C68BD1B0811F9ABAFE9B8A0E38A3106,SRR34050842
SRR34050843,2025-08-08 21:45:44,2025-06-18 19:53:24,10828775,822986900,10828775,76,317,NA,https://sra-downloadb.be-md.ncbi.nlm.nih.gov/sos7/sra-pub-zq-41/SRR034/34050/SRR34050843/SRR34050843.lite.1,SRX29245933,GSM9055227,RNA-Seq,cDNA,TRANSCRIPTOMIC,PAIRED,0,0,ILLUMINA,NextSeq 500,SRP593021,PRJNA1279180,4,1279180,SRS25432069,SAMN49475632,simple,10090,Mus musculus,GSM9055227,NA,NA,NA,NA,NA,NA,no,NA,NA,NA,NA,"CBDM, MICROBIOLOGY AND IMMUNOBIOLOGY, HARVARD MEDICAL SCHOOL",SRA2152031,NA,public,2679C34073D308915AE753BEFC9C13C5,D721B5C23E9AA8DE9EAF53A9E0508E2B,SRR34050843
SRR34050844,2025-08-08 21:45:44,2025-06-18 19:53:32,12154823,923766548,12154823,76,357,NA,https://sra-downloadb.be-md.ncbi.nlm.nih.gov/sos7/sra-pub-zq-41/SRR034/34050/SRR34050844/SRR34050844.lite.1,SRX29245932,GSM9055226,RNA-Seq,cDNA,TRANSCRIPTOMIC,PAIRED,0,0,ILLUMINA,NextSeq 500,SRP593021,PRJNA1279180,4,1279180,SRS25432067,SAMN49475633,simple,10090,Mus musculus,GSM9055226,NA,NA,NA,NA,NA,NA,no,NA,NA,NA,NA,"CBDM, MICROBIOLOGY AND IMMUNOBIOLOGY, HARVARD MEDICAL SCHOOL",SRA2152031,NA,public,174403B5252E9570C06480F464F319BE,DA3A7C6805CD50070D58495E52B573EF,SRR34050844
SRR34050845,2025-08-08 21:45:44,2025-06-18 19:53:26,11440217,869456492,11440217,76,334,NA,https://sra-downloadb.be-md.ncbi.nlm.nih.gov/sos7/sra-pub-zq-41/SRR034/34050/SRR34050845/SRR34050845.lite.1,SRX29245931,GSM9055225,RNA-Seq,cDNA,TRANSCRIPTOMIC,PAIRED,0,0,ILLUMINA,NextSeq 500,SRP593021,PRJNA1279180,4,1279180,SRS25432068,SAMN49475634,simple,10090,Mus musculus,GSM9055225,NA,NA,NA,NA,NA,NA,no,NA,NA,NA,NA,"CBDM, MICROBIOLOGY AND IMMUNOBIOLOGY, HARVARD MEDICAL SCHOOL",SRA2152031,NA,public,8D71EBEAEDF9135C2E3ED20D8605828A,4649B9621913857869B08DF9E66C3C6E,SRR34050845
SRR34050846,2025-08-08 21:45:44,2025-06-18 19:53:38,11813313,897811788,11813313,76,346,NA,https://sra-downloadb.be-md.ncbi.nlm.nih.gov/sos7/sra-pub-zq-41/SRR034/34050/SRR34050846/SRR34050846.lite.1,SRX29245930,GSM9055224,RNA-Seq,cDNA,TRANSCRIPTOMIC,PAIRED,0,0,ILLUMINA,NextSeq 500,SRP593021,PRJNA1279180,4,1279180,SRS25432065,SAMN49475635,simple,10090,Mus musculus,GSM9055224,NA,NA,NA,NA,NA,NA,no,NA,NA,NA,NA,"CBDM, MICROBIOLOGY AND IMMUNOBIOLOGY, HARVARD MEDICAL SCHOOL",SRA2152031,NA,public,348BFFE3F60B623EA3C88905AD0CACE9,8B277B09B144C69319DBE8A0C2BA666F,SRR34050846
SRR34050847,2025-08-08 21:45:44,2025-06-18 19:53:19,10583868,804373968,10583868,76,310,NA,https://sra-downloadb.be-md.ncbi.nlm.nih.gov/sos7/sra-pub-zq-41/SRR034/34050/SRR34050847/SRR34050847.lite.1,SRX29245929,GSM9055223,RNA-Seq,cDNA,TRANSCRIPTOMIC,PAIRED,0,0,ILLUMINA,NextSeq 500,SRP593021,PRJNA1279180,4,1279180,SRS25432066,SAMN49475636,simple,10090,Mus musculus,GSM9055223,NA,NA,NA,NA,NA,NA,no,NA,NA,NA,NA,"CBDM, MICROBIOLOGY AND IMMUNOBIOLOGY, HARVARD MEDICAL SCHOOL",SRA2152031,NA,public,DB5C8DB111251E61C87F239770F8032B,28CCC114AB317EBCCA832FFB7C117869,SRR34050847
SRR34050848,2025-08-08 21:45:44,2025-06-18 19:53:30,11873534,902388584,11873534,76,350,NA,https://sra-downloadb.be-md.ncbi.nlm.nih.gov/sos7/sra-pub-zq-41/SRR034/34050/SRR34050848/SRR34050848.lite.1,SRX29245928,GSM9055222,RNA-Seq,cDNA,TRANSCRIPTOMIC,PAIRED,0,0,ILLUMINA,NextSeq 500,SRP593021,PRJNA1279180,4,1279180,SRS25432064,SAMN49475637,simple,10090,Mus musculus,GSM9055222,NA,NA,NA,NA,NA,NA,no,NA,NA,NA,NA,"CBDM, MICROBIOLOGY AND IMMUNOBIOLOGY, HARVARD MEDICAL SCHOOL",SRA2152031,NA,public,A986C8212B1ECD5B12AA12B1BE97B128,03FDBF3BD2D5F7AC80B3D1DFD53A4A1B,SRR34050848
SRR34050849,2025-08-08 21:45:44,2025-06-18 19:53:43,12623645,959397020,12623645,76,371,NA,https://sra-downloadb.be-md.ncbi.nlm.nih.gov/sos7/sra-pub-zq-41/SRR034/34050/SRR34050849/SRR34050849.lite.1,SRX29245927,GSM9055221,RNA-Seq,cDNA,TRANSCRIPTOMIC,PAIRED,0,0,ILLUMINA,NextSeq 500,SRP593021,PRJNA1279180,4,1279180,SRS25432063,SAMN49475638,simple,10090,Mus musculus,GSM9055221,NA,NA,NA,NA,NA,NA,no,NA,NA,NA,NA,"CBDM, MICROBIOLOGY AND IMMUNOBIOLOGY, HARVARD MEDICAL SCHOOL",SRA2152031,NA,public,9B4CCE3C7D427BAAE1108DE513E76E35,F2F12355164C0C7BCD7CEC682C52FF4A,SRR34050849
SRR34050850,2025-08-08 21:45:44,2025-06-18 19:53:49,11728511,891366836,11728511,76,343,NA,https://sra-downloadb.be-md.ncbi.nlm.nih.gov/sos7/sra-pub-zq-41/SRR034/34050/SRR34050850/SRR34050850.lite.1,SRX29245926,GSM9055220,RNA-Seq,cDNA,TRANSCRIPTOMIC,PAIRED,0,0,ILLUMINA,NextSeq 500,SRP593021,PRJNA1279180,4,1279180,SRS25432062,SAMN49475639,simple,10090,Mus musculus,GSM9055220,NA,NA,NA,NA,NA,NA,no,NA,NA,NA,NA,"CBDM, MICROBIOLOGY AND IMMUNOBIOLOGY, HARVARD MEDICAL SCHOOL",SRA2152031,NA,public,15D56921D744FBC99A0D29B4D69573B6,D9E420A45E5384C075A32B4DBB69C8E4,SRR34050850
SRR34050851,2025-08-08 21:45:44,2025-06-18 19:53:54,11182810,849893560,11182810,76,329,NA,https://sra-downloadb.be-md.ncbi.nlm.nih.gov/sos7/sra-pub-zq-41/SRR034/34050/SRR34050851/SRR34050851.lite.1,SRX29245925,GSM9055219,RNA-Seq,cDNA,TRANSCRIPTOMIC,PAIRED,0,0,ILLUMINA,NextSeq 500,SRP593021,PRJNA1279180,4,1279180,SRS25432061,SAMN49475640,simple,10090,Mus musculus,GSM9055219,NA,NA,NA,NA,NA,NA,no,NA,NA,NA,NA,"CBDM, MICROBIOLOGY AND IMMUNOBIOLOGY, HARVARD MEDICAL SCHOOL",SRA2152031,NA,public,115AD9CB1834B1F3B98FE9D2AF691A74,E2C0084B5FADDB45DFE2D487EC4C3E38,SRR34050851
SRR34050852,2025-08-08 21:45:44,2025-06-18 19:53:36,13345164,1014232464,13345164,76,390,NA,https://sra-downloadb.be-md.ncbi.nlm.nih.gov/sos7/sra-pub-zq-41/SRR034/34050/SRR34050852/SRR34050852.lite.1,SRX29245924,GSM9055218,RNA-Seq,cDNA,TRANSCRIPTOMIC,PAIRED,0,0,ILLUMINA,NextSeq 500,SRP593021,PRJNA1279180,4,1279180,SRS25432059,SAMN49475641,simple,10090,Mus musculus,GSM9055218,NA,NA,NA,NA,NA,NA,no,NA,NA,NA,NA,"CBDM, MICROBIOLOGY AND IMMUNOBIOLOGY, HARVARD MEDICAL SCHOOL",SRA2152031,NA,public,2B52E26304F5634A7AFA06B64C029E6D,1F9AFB7C3375CE742B353EED63938DFF,SRR34050852
SRR34050853,2025-08-08 21:45:44,2025-06-18 19:53:31,12200188,927214288,12200188,76,335,NA,https://sra-downloadb.be-md.ncbi.nlm.nih.gov/sos7/sra-pub-zq-41/SRR034/34050/SRR34050853/SRR34050853.lite.1,SRX29245923,GSM9055217,RNA-Seq,cDNA,TRANSCRIPTOMIC,PAIRED,0,0,ILLUMINA,NextSeq 500,SRP593021,PRJNA1279180,4,1279180,SRS25432058,SAMN49475642,simple,10090,Mus musculus,GSM9055217,NA,NA,NA,NA,NA,NA,no,NA,NA,NA,NA,"CBDM, MICROBIOLOGY AND IMMUNOBIOLOGY, HARVARD MEDICAL SCHOOL",SRA2152031,NA,public,C3FD9CA9C90B720630A971FA2405F0BF,F55675826C205474F05BE397D130360D,SRR34050853
SRR34050854,2025-08-08 21:45:43,2025-06-18 19:52:59,8463185,643202060,8463185,76,236,NA,https://sra-downloadb.be-md.ncbi.nlm.nih.gov/sos7/sra-pub-zq-41/SRR034/34050/SRR34050854/SRR34050854.lite.1,SRX29245922,GSM9055216,RNA-Seq,cDNA,TRANSCRIPTOMIC,PAIRED,0,0,ILLUMINA,NextSeq 500,SRP593021,PRJNA1279180,4,1279180,SRS25432060,SAMN49475643,simple,10090,Mus musculus,GSM9055216,NA,NA,NA,NA,NA,NA,no,NA,NA,NA,NA,"CBDM, MICROBIOLOGY AND IMMUNOBIOLOGY, HARVARD MEDICAL SCHOOL",SRA2152031,NA,public,9403BC376E677FE6A6370A689C2EB44C,3C39CE3293383541EDB2F23F032AD2E5,SRR34050854
SRR34050855,2025-08-08 21:45:43,2025-06-18 19:53:47,10471969,795869644,10471969,76,291,NA,https://sra-downloadb.be-md.ncbi.nlm.nih.gov/sos7/sra-pub-zq-41/SRR034/34050/SRR34050855/SRR34050855.lite.1,SRX29245921,GSM9055215,RNA-Seq,cDNA,TRANSCRIPTOMIC,PAIRED,0,0,ILLUMINA,NextSeq 500,SRP593021,PRJNA1279180,4,1279180,SRS25432057,SAMN49475644,simple,10090,Mus musculus,GSM9055215,NA,NA,NA,NA,NA,NA,no,NA,NA,NA,NA,"CBDM, MICROBIOLOGY AND IMMUNOBIOLOGY, HARVARD MEDICAL SCHOOL",SRA2152031,NA,public,7C3144D8309511AC67B6321E48414D2B,50A672D932E9B695DB33412A473EF0EC,SRR34050855
SRR34050856,2025-08-08 21:45:43,2025-06-18 19:54:18,11808128,897417728,11808128,76,330,NA,https://sra-downloadb.be-md.ncbi.nlm.nih.gov/sos7/sra-pub-zq-41/SRR034/34050/SRR34050856/SRR34050856.lite.1,SRX29245920,GSM9055214,RNA-Seq,cDNA,TRANSCRIPTOMIC,PAIRED,0,0,ILLUMINA,NextSeq 500,SRP593021,PRJNA1279180,4,1279180,SRS25432056,SAMN49475645,simple,10090,Mus musculus,GSM9055214,NA,NA,NA,NA,NA,NA,no,NA,NA,NA,NA,"CBDM, MICROBIOLOGY AND IMMUNOBIOLOGY, HARVARD MEDICAL SCHOOL",SRA2152031,NA,public,DE101B7041FD7DE86200B9361BA58319,5E4E96B6C5CC0F5A611DD19C02373154,SRR34050856
SRR34050857,2025-08-08 21:45:43,2025-06-18 19:53:21,8442759,641649684,8442759,76,237,NA,https://sra-downloadb.be-md.ncbi.nlm.nih.gov/sos7/sra-pub-zq-41/SRR034/34050/SRR34050857/SRR34050857.lite.1,SRX29245919,GSM9055213,RNA-Seq,cDNA,TRANSCRIPTOMIC,PAIRED,0,0,ILLUMINA,NextSeq 500,SRP593021,PRJNA1279180,4,1279180,SRS25432055,SAMN49475646,simple,10090,Mus musculus,GSM9055213,NA,NA,NA,NA,NA,NA,no,NA,NA,NA,NA,"CBDM, MICROBIOLOGY AND IMMUNOBIOLOGY, HARVARD MEDICAL SCHOOL",SRA2152031,NA,public,F24490470C9D2B1EE75C77BC153930D1,C6967E88AEDF1A46C82A1BCD3EB3C588,SRR34050857
SRR34050858,2025-08-08 21:45:43,2025-06-18 19:53:17,8533685,648560060,8533685,76,239,NA,https://sra-downloadb.be-md.ncbi.nlm.nih.gov/sos7/sra-pub-zq-41/SRR034/34050/SRR34050858/SRR34050858.lite.1,SRX29245918,GSM9055212,RNA-Seq,cDNA,TRANSCRIPTOMIC,PAIRED,0,0,ILLUMINA,NextSeq 500,SRP593021,PRJNA1279180,4,1279180,SRS25432054,SAMN49475647,simple,10090,Mus musculus,GSM9055212,NA,NA,NA,NA,NA,NA,no,NA,NA,NA,NA,"CBDM, MICROBIOLOGY AND IMMUNOBIOLOGY, HARVARD MEDICAL SCHOOL",SRA2152031,NA,public,D558A3C51FAD472100BE352CAD29E8A0,3733BBC0616F030FB5F41EB67273E494,SRR34050858
SRR34050859,2025-08-08 21:45:43,2025-06-18 19:53:25,9717071,738497396,9717071,76,272,NA,https://sra-downloadb.be-md.ncbi.nlm.nih.gov/sos7/sra-pub-zq-41/SRR034/34050/SRR34050859/SRR34050859.lite.1,SRX29245917,GSM9055211,RNA-Seq,cDNA,TRANSCRIPTOMIC,PAIRED,0,0,ILLUMINA,NextSeq 500,SRP593021,PRJNA1279180,4,1279180,SRS25432051,SAMN49475648,simple,10090,Mus musculus,GSM9055211,NA,NA,NA,NA,NA,NA,no,NA,NA,NA,NA,"CBDM, MICROBIOLOGY AND IMMUNOBIOLOGY, HARVARD MEDICAL SCHOOL",SRA2152031,NA,public,AC2C774E11A5BD8D97EE87A14E45FD92,521F286742671B12869727AEED17065A,SRR34050859
SRR34050860,2025-08-08 21:45:43,2025-06-18 19:53:38,9601903,729744628,9601903,76,270,NA,https://sra-downloadb.be-md.ncbi.nlm.nih.gov/sos7/sra-pub-zq-41/SRR034/34050/SRR34050860/SRR34050860.lite.1,SRX29245916,GSM9055210,RNA-Seq,cDNA,TRANSCRIPTOMIC,PAIRED,0,0,ILLUMINA,NextSeq 500,SRP593021,PRJNA1279180,4,1279180,SRS25432050,SAMN49475649,simple,10090,Mus musculus,GSM9055210,NA,NA,NA,NA,NA,NA,no,NA,NA,NA,NA,"CBDM, MICROBIOLOGY AND IMMUNOBIOLOGY, HARVARD MEDICAL SCHOOL",SRA2152031,NA,public,CD30AEF35F377348EA3DC03815FE6CE0,390C3A00B6A2A8B2BA81DA3AD1502FA3,SRR34050860
SRR34050861,2025-08-08 21:45:43,2025-06-18 19:53:16,9950225,756217100,9950225,76,278,NA,https://sra-downloadb.be-md.ncbi.nlm.nih.gov/sos7/sra-pub-zq-41/SRR034/34050/SRR34050861/SRR34050861.lite.1,SRX29245915,GSM9055209,RNA-Seq,cDNA,TRANSCRIPTOMIC,PAIRED,0,0,ILLUMINA,NextSeq 500,SRP593021,PRJNA1279180,4,1279180,SRS25432052,SAMN49475650,simple,10090,Mus musculus,GSM9055209,NA,NA,NA,NA,NA,NA,no,NA,NA,NA,NA,"CBDM, MICROBIOLOGY AND IMMUNOBIOLOGY, HARVARD MEDICAL SCHOOL",SRA2152031,NA,public,B21689C94134FD6D5664307A35E37EA4,3A65F4E1B0B721DA918A4E2D1238F571,SRR34050861
SRR34050862,2025-08-08 21:45:43,2025-06-18 19:53:32,9297417,706603692,9297417,76,262,NA,https://sra-downloadb.be-md.ncbi.nlm.nih.gov/sos7/sra-pub-zq-41/SRR034/34050/SRR34050862/SRR34050862.lite.1,SRX29245914,GSM9055208,RNA-Seq,cDNA,TRANSCRIPTOMIC,PAIRED,0,0,ILLUMINA,NextSeq 500,SRP593021,PRJNA1279180,4,1279180,SRS25432053,SAMN49475651,simple,10090,Mus musculus,GSM9055208,NA,NA,NA,NA,NA,NA,no,NA,NA,NA,NA,"CBDM, MICROBIOLOGY AND IMMUNOBIOLOGY, HARVARD MEDICAL SCHOOL",SRA2152031,NA,public,2F6B8A90B70C81053C12BC2E90C82092,CB15F0942767FB9ACA10D471377B4604,SRR34050862
SRR34050863,2025-08-08 21:45:43,2025-06-18 19:53:24,9861691,749488516,9861691,76,275,NA,https://sra-downloadb.be-md.ncbi.nlm.nih.gov/sos7/sra-pub-zq-41/SRR034/34050/SRR34050863/SRR34050863.lite.1,SRX29245913,GSM9055207,RNA-Seq,cDNA,TRANSCRIPTOMIC,PAIRED,0,0,ILLUMINA,NextSeq 500,SRP593021,PRJNA1279180,4,1279180,SRS25432049,SAMN49475652,simple,10090,Mus musculus,GSM9055207,NA,NA,NA,NA,NA,NA,no,NA,NA,NA,NA,"CBDM, MICROBIOLOGY AND IMMUNOBIOLOGY, HARVARD MEDICAL SCHOOL",SRA2152031,NA,public,D66631B61E1484625B96CD59FAF3FFF5,A69C697C80392DE3CDF4B033019668A7,SRR34050863
SRR34050864,2025-08-08 21:45:43,2025-06-18 19:53:36,11234340,853809840,11234340,76,314,NA,https://sra-downloadb.be-md.ncbi.nlm.nih.gov/sos7/sra-pub-zq-41/SRR034/34050/SRR34050864/SRR34050864.lite.1,SRX29245912,GSM9055206,RNA-Seq,cDNA,TRANSCRIPTOMIC,PAIRED,0,0,ILLUMINA,NextSeq 500,SRP593021,PRJNA1279180,4,1279180,SRS25432048,SAMN49475653,simple,10090,Mus musculus,GSM9055206,NA,NA,NA,NA,NA,NA,no,NA,NA,NA,NA,"CBDM, MICROBIOLOGY AND IMMUNOBIOLOGY, HARVARD MEDICAL SCHOOL",SRA2152031,NA,public,9EB2B8DEEE65AE4C68BFF6437613FD92,D27D2F62411E0045BE4C7F6BE8DBB1EA,SRR34050864
SRR34050865,2025-08-08 21:45:43,2025-06-18 19:54:12,10473825,796010700,10473825,76,293,NA,https://sra-downloadb.be-md.ncbi.nlm.nih.gov/sos7/sra-pub-zq-41/SRR034/34050/SRR34050865/SRR34050865.lite.1,SRX29245911,GSM9055205,RNA-Seq,cDNA,TRANSCRIPTOMIC,PAIRED,0,0,ILLUMINA,NextSeq 500,SRP593021,PRJNA1279180,4,1279180,SRS25432046,SAMN49475654,simple,10090,Mus musculus,GSM9055205,NA,NA,NA,NA,NA,NA,no,NA,NA,NA,NA,"CBDM, MICROBIOLOGY AND IMMUNOBIOLOGY, HARVARD MEDICAL SCHOOL",SRA2152031,NA,public,18398E86A27D69D095294788CE16693D,B6BC16BFF4C8545D2EE18F3C106A8640,SRR34050865
SRR34050866,2025-08-08 21:45:46,2025-06-18 19:53:38,8726436,663209136,8726436,76,247,NA,https://sra-downloadb.be-md.ncbi.nlm.nih.gov/sos7/sra-pub-zq-41/SRR034/34050/SRR34050866/SRR34050866.lite.1,SRX29245910,GSM9055204,RNA-Seq,cDNA,TRANSCRIPTOMIC,PAIRED,0,0,ILLUMINA,NextSeq 500,SRP593021,PRJNA1279180,4,1279180,SRS25432047,SAMN49475655,simple,10090,Mus musculus,GSM9055204,NA,NA,NA,NA,NA,NA,no,NA,NA,NA,NA,"CBDM, MICROBIOLOGY AND IMMUNOBIOLOGY, HARVARD MEDICAL SCHOOL",SRA2152031,NA,public,61E7F802D3AD6B6211E010D0DDCE3BEF,A40775B7DFE4FDB43724F3E852FE9A80,SRR34050866
SRR34050867,2025-08-08 21:45:45,2025-06-18 19:54:25,9701731,737331556,9701731,76,272,NA,https://sra-downloadb.be-md.ncbi.nlm.nih.gov/sos7/sra-pub-zq-41/SRR034/34050/SRR34050867/SRR34050867.lite.1,SRX29245909,GSM9055203,RNA-Seq,cDNA,TRANSCRIPTOMIC,PAIRED,0,0,ILLUMINA,NextSeq 500,SRP593021,PRJNA1279180,4,1279180,SRS25432044,SAMN49475656,simple,10090,Mus musculus,GSM9055203,NA,NA,NA,NA,NA,NA,no,NA,NA,NA,NA,"CBDM, MICROBIOLOGY AND IMMUNOBIOLOGY, HARVARD MEDICAL SCHOOL",SRA2152031,NA,public,EF68150D0DFD63BE85F2537A035CB6CE,DFF0390BC002673BD8C535DB4EC42627,SRR34050867
SRR34050868,2025-08-08 21:45:44,2025-06-18 19:54:09,11782765,895490140,11782765,76,329,NA,https://sra-downloadb.be-md.ncbi.nlm.nih.gov/sos7/sra-pub-zq-41/SRR034/34050/SRR34050868/SRR34050868.lite.1,SRX29245908,GSM9055202,RNA-Seq,cDNA,TRANSCRIPTOMIC,PAIRED,0,0,ILLUMINA,NextSeq 500,SRP593021,PRJNA1279180,4,1279180,SRS25432043,SAMN49475657,simple,10090,Mus musculus,GSM9055202,NA,NA,NA,NA,NA,NA,no,NA,NA,NA,NA,"CBDM, MICROBIOLOGY AND IMMUNOBIOLOGY, HARVARD MEDICAL SCHOOL",SRA2152031,NA,public,4535FB54DEA971E314E4426FD93802B7,FF22ABD0E7C9A7919D0DC933C260AFDB,SRR34050868
SRR34050869,2025-08-08 21:45:43,2025-06-18 19:53:46,10725717,815154492,10725717,76,301,NA,https://sra-downloadb.be-md.ncbi.nlm.nih.gov/sos7/sra-pub-zq-41/SRR034/34050/SRR34050869/SRR34050869.lite.1,SRX29245907,GSM9055201,RNA-Seq,cDNA,TRANSCRIPTOMIC,PAIRED,0,0,ILLUMINA,NextSeq 500,SRP593021,PRJNA1279180,4,1279180,SRS25432045,SAMN49475658,simple,10090,Mus musculus,GSM9055201,NA,NA,NA,NA,NA,NA,no,NA,NA,NA,NA,"CBDM, MICROBIOLOGY AND IMMUNOBIOLOGY, HARVARD MEDICAL SCHOOL",SRA2152031,NA,public,45C3FAE7B28C604CE68AD35E8A60E3E0,4C358E0A00D14AFE9DD731702FB140B1,SRR34050869
SRR34050870,2025-08-08 21:45:43,2025-06-18 19:54:10,10117625,768939500,10117625,76,283,NA,https://sra-downloadb.be-md.ncbi.nlm.nih.gov/sos7/sra-pub-zq-41/SRR034/34050/SRR34050870/SRR34050870.lite.1,SRX29245906,GSM9055200,RNA-Seq,cDNA,TRANSCRIPTOMIC,PAIRED,0,0,ILLUMINA,NextSeq 500,SRP593021,PRJNA1279180,4,1279180,SRS25432042,SAMN49475659,simple,10090,Mus musculus,GSM9055200,NA,NA,NA,NA,NA,NA,no,NA,NA,NA,NA,"CBDM, MICROBIOLOGY AND IMMUNOBIOLOGY, HARVARD MEDICAL SCHOOL",SRA2152031,NA,public,FA0531F0FD38936CBBD23D9E18A6D09C,6B565D73A3F4F6AC8BCE26C73C11884F,SRR34050870
SRR34398363,2025-08-29 11:10:25,2025-07-07 11:32:57,46686,69820911,0,1495,23,NA,https://sra-downloadb.be-md.ncbi.nlm.nih.gov/sos9/sra-pub-run-936/SRR034/34398/SRR34398363/SRR34398363.1,SRX29562931,3039-16S_For_bc1003-16S_Rev_bc1065.fastq,AMPLICON,PCR,METAGENOMIC,SINGLE,0,0,PACBIO_SMRT,Sequel IIe,SRP598659,PRJNA1287598,NA,1287598,SRS25688363,SAMN49824964,simple,410661,mouse gut metagenome,3039-16S_For_bc1003-16S_Rev_bc1065.fastq,NA,NA,NA,NA,NA,NA,no,NA,NA,NA,NA,UNIVERSITY OF VERMONT,SRA2164653,NA,public,AA6F7D6ABD8C37F65C5643CC67D2798C,88C76A1BCA686FA5A3B27DBC1D53B3AA,SRR34398363
SRR34398364,2025-08-29 11:10:25,2025-07-07 11:32:36,33232,49627885,0,1493,16,NA,https://sra-downloadb.be-md.ncbi.nlm.nih.gov/sos9/sra-pub-run-936/SRR034/34398/SRR34398364/SRR34398364.1,SRX29562930,3037-16S_For_bc1004-16S_Rev_bc1035.fastq,AMPLICON,PCR,METAGENOMIC,SINGLE,0,0,PACBIO_SMRT,Sequel IIe,SRP598659,PRJNA1287598,NA,1287598,SRS25688362,SAMN49824963,simple,410661,mouse gut metagenome,3037-16S_For_bc1004-16S_Rev_bc1035.fastq,NA,NA,NA,NA,NA,NA,no,NA,NA,NA,NA,UNIVERSITY OF VERMONT,SRA2164653,NA,public,2EF3F1BEE1109DDA945917E4EF3760F3,5E145672704154D18728C97F51A7272B,SRR34398364
SRR34398365,2025-08-29 11:10:25,2025-07-07 11:32:23,43058,64325776,0,1493,21,NA,https://sra-downloadb.be-md.ncbi.nlm.nih.gov/sos9/sra-pub-run-936/SRR034/34398/SRR34398365/SRR34398365.1,SRX29562929,3036-16S_For_bc1004-16S_Rev_bc1033.fastq,AMPLICON,PCR,METAGENOMIC,SINGLE,0,0,PACBIO_SMRT,Sequel IIe,SRP598659,PRJNA1287598,NA,1287598,SRS25688359,SAMN49824962,simple,410661,mouse gut metagenome,3036-16S_For_bc1004-16S_Rev_bc1033.fastq,NA,NA,NA,NA,NA,NA,no,NA,NA,NA,NA,UNIVERSITY OF VERMONT,SRA2164653,NA,public,EB69025A3D7E20F279608B08A97B8124,8AA19E051C3A28B460B6DE578D9BA93C,SRR34398365
SRR34398366,2025-08-29 11:10:25,2025-07-07 11:32:41,26158,39008894,0,1491,13,NA,https://sra-downloadb.be-md.ncbi.nlm.nih.gov/sos9/sra-pub-run-936/SRR034/34398/SRR34398366/SRR34398366.1,SRX29562928,2931-16S_For_bc1009-16S_Rev_bc1054.fastq,AMPLICON,PCR,METAGENOMIC,SINGLE,0,0,PACBIO_SMRT,Sequel IIe,SRP598659,PRJNA1287598,NA,1287598,SRS25688361,SAMN49824917,simple,410661,mouse gut metagenome,2931-16S_For_bc1009-16S_Rev_bc1054.fastq,NA,NA,NA,NA,NA,NA,no,NA,NA,NA,NA,UNIVERSITY OF VERMONT,SRA2164653,NA,public,43DA7114204F7990A8284225BF1A4B41,8054C972D853B60279596FFEFCCACD65,SRR34398366
SRR34398367,2025-08-29 11:10:25,2025-07-07 11:32:13,25089,37440811,0,1492,12,NA,https://sra-downloadb.be-md.ncbi.nlm.nih.gov/sos9/sra-pub-run-936/SRR034/34398/SRR34398367/SRR34398367.1,SRX29562927,3031-16S_For_bc1003-16S_Rev_bc1062.fastq,AMPLICON,PCR,METAGENOMIC,SINGLE,0,0,PACBIO_SMRT,Sequel IIe,SRP598659,PRJNA1287598,NA,1287598,SRS25688360,SAMN49824961,simple,410661,mouse gut metagenome,3031-16S_For_bc1003-16S_Rev_bc1062.fastq,NA,NA,NA,NA,NA,NA,no,NA,NA,NA,NA,UNIVERSITY OF VERMONT,SRA2164653,NA,public,8BF51ED795F949C24E14EAE108FCDE4A,8945A15BF6F70E3B94433F2C0C5C501F,SRR34398367
SRR34398368,2025-08-29 11:10:25,2025-07-07 11:32:44,29134,43319085,0,1486,14,NA,https://sra-downloadb.be-md.ncbi.nlm.nih.gov/sos9/sra-pub-run-936/SRR034/34398/SRR34398368/SRR34398368.1,SRX29562926,3030-16S_For_bc1003-16S_Rev_bc1060.fastq,AMPLICON,PCR,METAGENOMIC,SINGLE,0,0,PACBIO_SMRT,Sequel IIe,SRP598659,PRJNA1287598,NA,1287598,SRS25688358,SAMN49824960,simple,410661,mouse gut metagenome,3030-16S_For_bc1003-16S_Rev_bc1060.fastq,NA,NA,NA,NA,NA,NA,no,NA,NA,NA,NA,UNIVERSITY OF VERMONT,SRA2164653,NA,public,E9EFABF811F4A6A5B637E38E919D2810,89449773B487428A9703AF6E6711583D,SRR34398368
SRR34398369,2025-08-29 11:10:25,2025-07-07 11:32:21,24966,37311977,0,1494,12,NA,https://sra-downloadb.be-md.ncbi.nlm.nih.gov/sos9/sra-pub-run-936/SRR034/34398/SRR34398369/SRR34398369.1,SRX29562925,3029-16S_For_bc1003-16S_Rev_bc1056.fastq,AMPLICON,PCR,METAGENOMIC,SINGLE,0,0,PACBIO_SMRT,Sequel IIe,SRP598659,PRJNA1287598,NA,1287598,SRS25688356,SAMN49824959,simple,410661,mouse gut metagenome,3029-16S_For_bc1003-16S_Rev_bc1056.fastq,NA,NA,NA,NA,NA,NA,no,NA,NA,NA,NA,UNIVERSITY OF VERMONT,SRA2164653,NA,public,0B132966E09EB98E0BDEF015229CFE47,C9B6AB2F033A95C985E2EE139FC6C241,SRR34398369
SRR34398370,2025-08-29 11:10:25,2025-07-07 11:32:42,31722,47459327,0,1496,16,NA,https://sra-downloadb.be-md.ncbi.nlm.nih.gov/sos9/sra-pub-run-936/SRR034/34398/SRR34398370/SRR34398370.1,SRX29562924,3028-16S_For_bc1003-16S_Rev_bc1054.fastq,AMPLICON,PCR,METAGENOMIC,SINGLE,0,0,PACBIO_SMRT,Sequel IIe,SRP598659,PRJNA1287598,NA,1287598,SRS25688357,SAMN49824958,simple,410661,mouse gut metagenome,3028-16S_For_bc1003-16S_Rev_bc1054.fastq,NA,NA,NA,NA,NA,NA,no,NA,NA,NA,NA,UNIVERSITY OF VERMONT,SRA2164653,NA,public,DD72271E678C4694C54CF98B4A0D8836,1265DA0032F3AAE83315435494DD9FB4,SRR34398370
SRR34398371,2025-08-29 11:10:25,2025-07-07 11:32:46,44928,67240423,0,1496,22,NA,https://sra-downloadb.be-md.ncbi.nlm.nih.gov/sos9/sra-pub-run-936/SRR034/34398/SRR34398371/SRR34398371.1,SRX29562923,534E-16S_For_bc1006-16S_Rev_bc1033.fastq,AMPLICON,PCR,METAGENOMIC,SINGLE,0,0,PACBIO_SMRT,Sequel IIe,SRP598659,PRJNA1287598,NA,1287598,SRS25688355,SAMN49824950,simple,410661,mouse gut metagenome,534E-16S_For_bc1006-16S_Rev_bc1033.fastq,NA,NA,NA,NA,NA,NA,no,NA,NA,NA,NA,UNIVERSITY OF VERMONT,SRA2164653,NA,public,B070FB85011575FC6B8132E3DD5C23FB,5CE65FD93A1A38BA3AB628F8A037A2F7,SRR34398371
SRR34398372,2025-08-29 11:10:25,2025-07-07 11:32:41,29917,44762724,0,1496,15,NA,https://sra-downloadb.be-md.ncbi.nlm.nih.gov/sos9/sra-pub-run-936/SRR034/34398/SRR34398372/SRR34398372.1,SRX29562922,533E-16S_For_bc1006-16S_Rev_bc1056.fastq,AMPLICON,PCR,METAGENOMIC,SINGLE,0,0,PACBIO_SMRT,Sequel IIe,SRP598659,PRJNA1287598,NA,1287598,SRS25688354,SAMN49824949,simple,410661,mouse gut metagenome,533E-16S_For_bc1006-16S_Rev_bc1056.fastq,NA,NA,NA,NA,NA,NA,no,NA,NA,NA,NA,UNIVERSITY OF VERMONT,SRA2164653,NA,public,5C780C5D21A97432266F36875F33B74C,BB55168A492C88AE8EE2DC9351080CC3,SRR34398372
SRR34398373,2025-08-29 11:10:24,2025-07-07 11:32:46,36337,54382949,0,1496,18,NA,https://sra-downloadb.be-md.ncbi.nlm.nih.gov/sos9/sra-pub-run-936/SRR034/34398/SRR34398373/SRR34398373.1,SRX29562921,532E-16S_For_bc1006-16S_Rev_bc1057.fastq,AMPLICON,PCR,METAGENOMIC,SINGLE,0,0,PACBIO_SMRT,Sequel IIe,SRP598659,PRJNA1287598,NA,1287598,SRS25688353,SAMN49824948,simple,410661,mouse gut metagenome,532E-16S_For_bc1006-16S_Rev_bc1057.fastq,NA,NA,NA,NA,NA,NA,no,NA,NA,NA,NA,UNIVERSITY OF VERMONT,SRA2164653,NA,public,11726C736873CCA5FADD3BCEFF011111,90D0B2AE5537E6F306F4D7139E228E62,SRR34398373
SRR34398374,2025-08-29 11:10:24,2025-07-07 11:32:32,36158,54110770,0,1496,18,NA,https://sra-downloadb.be-md.ncbi.nlm.nih.gov/sos9/sra-pub-run-936/SRR034/34398/SRR34398374/SRR34398374.1,SRX29562920,531E-16S_For_bc1006-16S_Rev_bc1054.fastq,AMPLICON,PCR,METAGENOMIC,SINGLE,0,0,PACBIO_SMRT,Sequel IIe,SRP598659,PRJNA1287598,NA,1287598,SRS25688352,SAMN49824947,simple,410661,mouse gut metagenome,531E-16S_For_bc1006-16S_Rev_bc1054.fastq,NA,NA,NA,NA,NA,NA,no,NA,NA,NA,NA,UNIVERSITY OF VERMONT,SRA2164653,NA,public,2B6CA80D4C8574B86DD2C185F291A9A4,4303BBB39FE08B896C1211E9FDF9388B,SRR34398374
SRR34398375,2025-08-29 11:10:24,2025-07-07 11:32:40,36740,55004346,0,1497,18,NA,https://sra-downloadb.be-md.ncbi.nlm.nih.gov/sos9/sra-pub-run-936/SRR034/34398/SRR34398375/SRR34398375.1,SRX29562919,524E-16S_For_bc1006-16S_Rev_bc1045.fastq,AMPLICON,PCR,METAGENOMIC,SINGLE,0,0,PACBIO_SMRT,Sequel IIe,SRP598659,PRJNA1287598,NA,1287598,SRS25688351,SAMN49824946,simple,410661,mouse gut metagenome,524E-16S_For_bc1006-16S_Rev_bc1045.fastq,NA,NA,NA,NA,NA,NA,no,NA,NA,NA,NA,UNIVERSITY OF VERMONT,SRA2164653,NA,public,2FC7919444CB2A8C9FB8EA48FD4AAAE6,65A4D56C924093CCCA1735B25A1E552C,SRR34398375
SRR34398376,2025-08-29 11:10:24,2025-07-07 11:32:44,59002,88330676,0,1497,29,NA,https://sra-downloadb.be-md.ncbi.nlm.nih.gov/sos9/sra-pub-run-936/SRR034/34398/SRR34398376/SRR34398376.1,SRX29562918,2940E-16S_For_bc1010-16S_Rev_bc1045.fastq,AMPLICON,PCR,METAGENOMIC,SINGLE,0,0,PACBIO_SMRT,Sequel IIe,SRP598659,PRJNA1287598,NA,1287598,SRS25688350,SAMN49824945,simple,410661,mouse gut metagenome,2940E-16S_For_bc1010-16S_Rev_bc1045.fastq,NA,NA,NA,NA,NA,NA,no,NA,NA,NA,NA,UNIVERSITY OF VERMONT,SRA2164653,NA,public,4D3295EE5F691DFDB197649FD45A0437,9972915DA3841F4B79C4B7A6962D2A50,SRR34398376
SRR34398377,2025-08-29 11:10:24,2025-07-07 11:33:14,39313,58839498,0,1496,19,NA,https://sra-downloadb.be-md.ncbi.nlm.nih.gov/sos9/sra-pub-run-936/SRR034/34398/SRR34398377/SRR34398377.1,SRX29562917,2939E-16S_For_bc1010-16S_Rev_bc1054.fastq,AMPLICON,PCR,METAGENOMIC,SINGLE,0,0,PACBIO_SMRT,Sequel IIe,SRP598659,PRJNA1287598,NA,1287598,SRS25688349,SAMN49824944,simple,410661,mouse gut metagenome,2939E-16S_For_bc1010-16S_Rev_bc1054.fastq,NA,NA,NA,NA,NA,NA,no,NA,NA,NA,NA,UNIVERSITY OF VERMONT,SRA2164653,NA,public,FBFB2BA7E28C2479E10A39A642347996,E536A0F6F051D811D19EEC6D0D1B1AA6,SRR34398377
SRR34398378,2025-08-29 11:10:24,2025-07-07 11:32:52,37151,55568784,0,1495,18,NA,https://sra-downloadb.be-md.ncbi.nlm.nih.gov/sos9/sra-pub-run-936/SRR034/34398/SRR34398378/SRR34398378.1,SRX29562916,2938E-16S_For_bc1010-16S_Rev_bc1035.fastq,AMPLICON,PCR,METAGENOMIC,SINGLE,0,0,PACBIO_SMRT,Sequel IIe,SRP598659,PRJNA1287598,NA,1287598,SRS25688348,SAMN49824943,simple,410661,mouse gut metagenome,2938E-16S_For_bc1010-16S_Rev_bc1035.fastq,NA,NA,NA,NA,NA,NA,no,NA,NA,NA,NA,UNIVERSITY OF VERMONT,SRA2164653,NA,public,3877365FBCD828E78F7DA3E061024BF5,F46ACD9C04B33276B0ED513D3C9FB433,SRR34398378
SRR34398379,2025-08-29 11:10:24,2025-07-07 11:32:36,27238,40741842,0,1495,13,NA,https://sra-downloadb.be-md.ncbi.nlm.nih.gov/sos9/sra-pub-run-936/SRR034/34398/SRR34398379/SRR34398379.1,SRX29562915,2937E-16S_For_bc1006-16S_Rev_bc1065.fastq,AMPLICON,PCR,METAGENOMIC,SINGLE,0,0,PACBIO_SMRT,Sequel IIe,SRP598659,PRJNA1287598,NA,1287598,SRS25688347,SAMN49824942,simple,410661,mouse gut metagenome,2937E-16S_For_bc1006-16S_Rev_bc1065.fastq,NA,NA,NA,NA,NA,NA,no,NA,NA,NA,NA,UNIVERSITY OF VERMONT,SRA2164653,NA,public,88CB53F7CB471D478A333D4B57CE3AC9,7EBD6D926C12ADD7E4F8CB8E0066DD17,SRR34398379
SRR34398380,2025-08-29 11:10:24,2025-07-07 11:32:36,31509,47174047,0,1497,15,NA,https://sra-downloadb.be-md.ncbi.nlm.nih.gov/sos9/sra-pub-run-936/SRR034/34398/SRR34398380/SRR34398380.1,SRX29562914,2922-16S_For_bc1004-16S_Rev_bc1075.fastq,AMPLICON,PCR,METAGENOMIC,SINGLE,0,0,PACBIO_SMRT,Sequel IIe,SRP598659,PRJNA1287598,NA,1287598,SRS25688346,SAMN49824915,simple,410661,mouse gut metagenome,2922-16S_For_bc1004-16S_Rev_bc1075.fastq,NA,NA,NA,NA,NA,NA,no,NA,NA,NA,NA,UNIVERSITY OF VERMONT,SRA2164653,NA,public,8F7DF1E5E5C4B9FDD88153449D63423C,40FE17567DFDE34898E83ED7DF44841E,SRR34398380
SRR34398381,2025-08-29 11:10:24,2025-07-07 11:32:16,72842,108980536,0,1496,36,NA,https://sra-downloadb.be-md.ncbi.nlm.nih.gov/sos9/sra-pub-run-936/SRR034/34398/SRR34398381/SRR34398381.1,SRX29562913,2936E-16S_For_bc1010-16S_Rev_bc1056.fastq,AMPLICON,PCR,METAGENOMIC,SINGLE,0,0,PACBIO_SMRT,Sequel IIe,SRP598659,PRJNA1287598,NA,1287598,SRS25688344,SAMN49824941,simple,410661,mouse gut metagenome,2936E-16S_For_bc1010-16S_Rev_bc1056.fastq,NA,NA,NA,NA,NA,NA,no,NA,NA,NA,NA,UNIVERSITY OF VERMONT,SRA2164653,NA,public,0669F45F68B7CE2AAF569E4D7C910DC9,543D712168B557E5984EE5E974945280,SRR34398381
SRR34398382,2025-08-29 11:10:24,2025-07-07 11:32:20,25857,38679825,0,1495,13,NA,https://sra-downloadb.be-md.ncbi.nlm.nih.gov/sos9/sra-pub-run-936/SRR034/34398/SRR34398382/SRR34398382.1,SRX29562912,2935E-16S_For_bc1010-16S_Rev_bc1059.fastq,AMPLICON,PCR,METAGENOMIC,SINGLE,0,0,PACBIO_SMRT,Sequel IIe,SRP598659,PRJNA1287598,NA,1287598,SRS25688345,SAMN49824940,simple,410661,mouse gut metagenome,2935E-16S_For_bc1010-16S_Rev_bc1059.fastq,NA,NA,NA,NA,NA,NA,no,NA,NA,NA,NA,UNIVERSITY OF VERMONT,SRA2164653,NA,public,D2DDD7A72CAF72F8C2BF77C0FF64387C,38EB3C536B8432521BA2E7ECD1089EAD,SRR34398382
SRR34398383,2025-08-29 11:10:23,2025-07-07 11:32:33,41394,61962742,0,1496,21,NA,https://sra-downloadb.be-md.ncbi.nlm.nih.gov/sos9/sra-pub-run-936/SRR034/34398/SRR34398383/SRR34398383.1,SRX29562911,2934E-16S_For_bc1010-16S_Rev_bc1057.fastq,AMPLICON,PCR,METAGENOMIC,SINGLE,0,0,PACBIO_SMRT,Sequel IIe,SRP598659,PRJNA1287598,NA,1287598,SRS25688343,SAMN49824939,simple,410661,mouse gut metagenome,2934E-16S_For_bc1010-16S_Rev_bc1057.fastq,NA,NA,NA,NA,NA,NA,no,NA,NA,NA,NA,UNIVERSITY OF VERMONT,SRA2164653,NA,public,3C2CD151962D1F03AC838C2B795CB045,A78CE85FEA51D451A7C45D9DA8D92077,SRR34398383
SRR34398384,2025-08-29 11:10:23,2025-07-07 11:32:16,29909,44752052,0,1496,14,NA,https://sra-downloadb.be-md.ncbi.nlm.nih.gov/sos9/sra-pub-run-936/SRR034/34398/SRR34398384/SRR34398384.1,SRX29562910,2932E-16S_For_bc1006-16S_Rev_bc1075.fastq,AMPLICON,PCR,METAGENOMIC,SINGLE,0,0,PACBIO_SMRT,Sequel IIe,SRP598659,PRJNA1287598,NA,1287598,SRS25688342,SAMN49824938,simple,410661,mouse gut metagenome,2932E-16S_For_bc1006-16S_Rev_bc1075.fastq,NA,NA,NA,NA,NA,NA,no,NA,NA,NA,NA,UNIVERSITY OF VERMONT,SRA2164653,NA,public,6269B9677966951AA7F690F375E87618,E8E37EC3D3E8C17A3D5C236C18127A06,SRR34398384
SRR34398385,2025-08-29 11:10:23,2025-07-07 11:32:40,45744,68507028,0,1497,22,NA,https://sra-downloadb.be-md.ncbi.nlm.nih.gov/sos9/sra-pub-run-936/SRR034/34398/SRR34398385/SRR34398385.1,SRX29562909,2931E-16S_For_bc1010-16S_Rev_bc1033.fastq,AMPLICON,PCR,METAGENOMIC,SINGLE,0,0,PACBIO_SMRT,Sequel IIe,SRP598659,PRJNA1287598,NA,1287598,SRS25688341,SAMN49824937,simple,410661,mouse gut metagenome,2931E-16S_For_bc1010-16S_Rev_bc1033.fastq,NA,NA,NA,NA,NA,NA,no,NA,NA,NA,NA,UNIVERSITY OF VERMONT,SRA2164653,NA,public,3AE92B59FB0441424F7F53479464B1D1,ECFB1BA571E92B3A886FF49095AEA4E9,SRR34398385
SRR34398386,2025-08-29 11:10:23,2025-07-07 11:32:36,50746,76004594,0,1497,25,NA,https://sra-downloadb.be-md.ncbi.nlm.nih.gov/sos9/sra-pub-run-936/SRR034/34398/SRR34398386/SRR34398386.1,SRX29562908,2923E-16S_For_bc1006-16S_Rev_bc1062.fastq,AMPLICON,PCR,METAGENOMIC,SINGLE,0,0,PACBIO_SMRT,Sequel IIe,SRP598659,PRJNA1287598,NA,1287598,SRS25688340,SAMN49824936,simple,410661,mouse gut metagenome,2923E-16S_For_bc1006-16S_Rev_bc1062.fastq,NA,NA,NA,NA,NA,NA,no,NA,NA,NA,NA,UNIVERSITY OF VERMONT,SRA2164653,NA,public,A6E844E95542ED49CF3FBE420F2FEF07,A54255E7A7444999B1A07113BF2763D6,SRR34398386
SRR34398387,2025-08-29 11:10:23,2025-07-07 11:32:46,44079,66020026,0,1497,22,NA,https://sra-downloadb.be-md.ncbi.nlm.nih.gov/sos9/sra-pub-run-936/SRR034/34398/SRR34398387/SRR34398387.1,SRX29562907,2922E-16S_For_bc1006-16S_Rev_bc1059.fastq,AMPLICON,PCR,METAGENOMIC,SINGLE,0,0,PACBIO_SMRT,Sequel IIe,SRP598659,PRJNA1287598,NA,1287598,SRS25688338,SAMN49824935,simple,410661,mouse gut metagenome,2922E-16S_For_bc1006-16S_Rev_bc1059.fastq,NA,NA,NA,NA,NA,NA,no,NA,NA,NA,NA,UNIVERSITY OF VERMONT,SRA2164653,NA,public,61B027A8B26EFBE50271160D51877FF1,B245EB035FE39B5899BC39D4F2CEECAB,SRR34398387
SRR34398388,2025-08-29 11:10:23,2025-07-07 11:32:33,32896,49227434,0,1496,16,NA,https://sra-downloadb.be-md.ncbi.nlm.nih.gov/sos9/sra-pub-run-936/SRR034/34398/SRR34398388/SRR34398388.1,SRX29562906,2920E-16S_For_bc1006-16S_Rev_bc1035.fastq,AMPLICON,PCR,METAGENOMIC,SINGLE,0,0,PACBIO_SMRT,Sequel IIe,SRP598659,PRJNA1287598,NA,1287598,SRS25688339,SAMN49824934,simple,410661,mouse gut metagenome,2920E-16S_For_bc1006-16S_Rev_bc1035.fastq,NA,NA,NA,NA,NA,NA,no,NA,NA,NA,NA,UNIVERSITY OF VERMONT,SRA2164653,NA,public,5FB11E098EAAC47D4B01A44C4EF45684,FDB1E49DBA6012740C9D77853032B560,SRR34398388
SRR34398389,2025-08-29 11:10:23,2025-07-07 11:32:20,38463,57560778,0,1496,19,NA,https://sra-downloadb.be-md.ncbi.nlm.nih.gov/sos9/sra-pub-run-936/SRR034/34398/SRR34398389/SRR34398389.1,SRX29562905,2917E-16S_For_bc1006-16S_Rev_bc1060.fastq,AMPLICON,PCR,METAGENOMIC,SINGLE,0,0,PACBIO_SMRT,Sequel IIe,SRP598659,PRJNA1287598,NA,1287598,SRS25688337,SAMN49824933,simple,410661,mouse gut metagenome,2917E-16S_For_bc1006-16S_Rev_bc1060.fastq,NA,NA,NA,NA,NA,NA,no,NA,NA,NA,NA,UNIVERSITY OF VERMONT,SRA2164653,NA,public,171DBC45D5D257197375C71A492AF09A,7E5845638E95E1DB28A90246F4BBDBE3,SRR34398389
SRR34398390,2025-08-29 11:10:23,2025-07-07 11:32:23,38995,58353790,0,1496,19,NA,https://sra-downloadb.be-md.ncbi.nlm.nih.gov/sos9/sra-pub-run-936/SRR034/34398/SRR34398390/SRR34398390.1,SRX29562904,2916E-16S_For_bc1006-16S_Rev_bc1044.fastq,AMPLICON,PCR,METAGENOMIC,SINGLE,0,0,PACBIO_SMRT,Sequel IIe,SRP598659,PRJNA1287598,NA,1287598,SRS25688336,SAMN49824932,simple,410661,mouse gut metagenome,2916E-16S_For_bc1006-16S_Rev_bc1044.fastq,NA,NA,NA,NA,NA,NA,no,NA,NA,NA,NA,UNIVERSITY OF VERMONT,SRA2164653,NA,public,29E385E1D5D8C15D72374AE4DFE09ECC,9E7A4BD05FF421ABBBFCFD0860390804,SRR34398390
SRR34398391,2025-08-29 11:10:23,2025-07-07 11:32:16,19364,28951092,0,1495,9,NA,https://sra-downloadb.be-md.ncbi.nlm.nih.gov/sos9/sra-pub-run-936/SRR034/34398/SRR34398391/SRR34398391.1,SRX29562903,2920-16S_For_bc1004-16S_Rev_bc1056.fastq,AMPLICON,PCR,METAGENOMIC,SINGLE,0,0,PACBIO_SMRT,Sequel IIe,SRP598659,PRJNA1287598,NA,1287598,SRS25688335,SAMN49824914,simple,410661,mouse gut metagenome,2920-16S_For_bc1004-16S_Rev_bc1056.fastq,NA,NA,NA,NA,NA,NA,no,NA,NA,NA,NA,UNIVERSITY OF VERMONT,SRA2164653,NA,public,0811AD4349CCF76529993C37FF835BF3,54901BE908965B8C5F660A3DD175B6CB,SRR34398391
SRR34398392,2025-08-29 11:10:23,2025-07-07 11:32:21,31907,47676086,0,1494,15,NA,https://sra-downloadb.be-md.ncbi.nlm.nih.gov/sos9/sra-pub-run-936/SRR034/34398/SRR34398392/SRR34398392.1,SRX29562902,555-16S_For_bc1009-16S_Rev_bc1057.fastq,AMPLICON,PCR,METAGENOMIC,SINGLE,0,0,PACBIO_SMRT,Sequel IIe,SRP598659,PRJNA1287598,NA,1287598,SRS25688334,SAMN49824931,simple,410661,mouse gut metagenome,555-16S_For_bc1009-16S_Rev_bc1057.fastq,NA,NA,NA,NA,NA,NA,no,NA,NA,NA,NA,UNIVERSITY OF VERMONT,SRA2164653,NA,public,ABD319A683365FF339EA2E17E8F7E584,14A7A46BF0C97AAFAE9DCA0F248B0A37,SRR34398392
SRR34398393,2025-08-29 11:10:22,2025-07-07 11:32:26,44501,66654546,0,1497,22,NA,https://sra-downloadb.be-md.ncbi.nlm.nih.gov/sos9/sra-pub-run-936/SRR034/34398/SRR34398393/SRR34398393.1,SRX29562901,534-16S_For_bc1004-16S_Rev_bc1054.fastq,AMPLICON,PCR,METAGENOMIC,SINGLE,0,0,PACBIO_SMRT,Sequel IIe,SRP598659,PRJNA1287598,NA,1287598,SRS25688332,SAMN49824930,simple,410661,mouse gut metagenome,534-16S_For_bc1004-16S_Rev_bc1054.fastq,NA,NA,NA,NA,NA,NA,no,NA,NA,NA,NA,UNIVERSITY OF VERMONT,SRA2164653,NA,public,AE0AB7B80DE37B19235B1E5058818FAD,59F76056E7CCED6D769397102D279979,SRR34398393
SRR34398394,2025-08-29 11:10:19,2025-07-07 11:32:18,31519,47160324,0,1496,15,NA,https://sra-downloadb.be-md.ncbi.nlm.nih.gov/sos9/sra-pub-run-936/SRR034/34398/SRR34398394/SRR34398394.1,SRX29562900,533-16S_For_bc1004-16S_Rev_bc1062.fastq,AMPLICON,PCR,METAGENOMIC,SINGLE,0,0,PACBIO_SMRT,Sequel IIe,SRP598659,PRJNA1287598,NA,1287598,SRS25688333,SAMN49824929,simple,410661,mouse gut metagenome,533-16S_For_bc1004-16S_Rev_bc1062.fastq,NA,NA,NA,NA,NA,NA,no,NA,NA,NA,NA,UNIVERSITY OF VERMONT,SRA2164653,NA,public,A5722965AE5E78B3891715AFBF5898CC,2C012E4E0C2FBCA5066EF25C268F75C4,SRR34398394
SRR34398395,2025-08-29 11:10:19,2025-07-07 11:32:23,28312,42414778,0,1498,14,NA,https://sra-downloadb.be-md.ncbi.nlm.nih.gov/sos9/sra-pub-run-936/SRR034/34398/SRR34398395/SRR34398395.1,SRX29562899,2936-16S_For_bc1009-16S_Rev_bc1062.fastq,AMPLICON,PCR,METAGENOMIC,SINGLE,0,0,PACBIO_SMRT,Sequel IIe,SRP598659,PRJNA1287598,NA,1287598,SRS25688331,SAMN49824921,simple,410661,mouse gut metagenome,2936-16S_For_bc1009-16S_Rev_bc1062.fastq,NA,NA,NA,NA,NA,NA,no,NA,NA,NA,NA,UNIVERSITY OF VERMONT,SRA2164653,NA,public,DCB8B024BE4BA0FC1B9E52EDD19FA983,9EA1112F099316A36CCE656E88540661,SRR34398395
SRR34398396,2025-08-29 11:10:20,2025-07-07 11:32:26,30744,46089424,0,1499,15,NA,https://sra-downloadb.be-md.ncbi.nlm.nih.gov/sos9/sra-pub-run-936/SRR034/34398/SRR34398396/SRR34398396.1,SRX29562898,2935-16S_For_bc1009-16S_Rev_bc1075.fastq,AMPLICON,PCR,METAGENOMIC,SINGLE,0,0,PACBIO_SMRT,Sequel IIe,SRP598659,PRJNA1287598,NA,1287598,SRS25688330,SAMN49824920,simple,410661,mouse gut metagenome,2935-16S_For_bc1009-16S_Rev_bc1075.fastq,NA,NA,NA,NA,NA,NA,no,NA,NA,NA,NA,UNIVERSITY OF VERMONT,SRA2164653,NA,public,2AFA79BC1AA14D5EF030F50C3F037AA5,D425AEA056B9D970BF69C1574DBCB633,SRR34398396
SRR34398397,2025-08-29 11:10:20,2025-07-07 11:32:27,31268,46788100,0,1496,15,NA,https://sra-downloadb.be-md.ncbi.nlm.nih.gov/sos9/sra-pub-run-936/SRR034/34398/SRR34398397/SRR34398397.1,SRX29562897,2934-16S_For_bc1009-16S_Rev_bc1065.fastq,AMPLICON,PCR,METAGENOMIC,SINGLE,0,0,PACBIO_SMRT,Sequel IIe,SRP598659,PRJNA1287598,NA,1287598,SRS25688329,SAMN49824919,simple,410661,mouse gut metagenome,2934-16S_For_bc1009-16S_Rev_bc1065.fastq,NA,NA,NA,NA,NA,NA,no,NA,NA,NA,NA,UNIVERSITY OF VERMONT,SRA2164653,NA,public,F3A424D3EB92F2EC9C70072F2EB6123F,94191AF1BF5E5EACE61F80B56080B5B5,SRR34398397
SRR34398398,2025-08-29 11:10:20,2025-07-07 11:32:26,41670,62341540,0,1496,20,NA,https://sra-downloadb.be-md.ncbi.nlm.nih.gov/sos9/sra-pub-run-936/SRR034/34398/SRR34398398/SRR34398398.1,SRX29562896,2932-16S_For_bc1009-16S_Rev_bc1045.fastq,AMPLICON,PCR,METAGENOMIC,SINGLE,0,0,PACBIO_SMRT,Sequel IIe,SRP598659,PRJNA1287598,NA,1287598,SRS25688328,SAMN49824918,simple,410661,mouse gut metagenome,2932-16S_For_bc1009-16S_Rev_bc1045.fastq,NA,NA,NA,NA,NA,NA,no,NA,NA,NA,NA,UNIVERSITY OF VERMONT,SRA2164653,NA,public,EFA506805B0EE4A7C9B413C463D5F23B,2BED8A7CCE7239A67425718D18DC4D34,SRR34398398
SRR34398399,2025-08-29 11:10:20,2025-07-07 11:32:23,38063,56704565,0,1489,19,NA,https://sra-downloadb.be-md.ncbi.nlm.nih.gov/sos9/sra-pub-run-936/SRR034/34398/SRR34398399/SRR34398399.1,SRX29562895,3046-16S_For_bc1004-16S_Rev_bc1045.fastq,AMPLICON,PCR,METAGENOMIC,SINGLE,0,0,PACBIO_SMRT,Sequel IIe,SRP598659,PRJNA1287598,NA,1287598,SRS25688327,SAMN49824967,simple,410661,mouse gut metagenome,3046-16S_For_bc1004-16S_Rev_bc1045.fastq,NA,NA,NA,NA,NA,NA,no,NA,NA,NA,NA,UNIVERSITY OF VERMONT,SRA2164653,NA,public,101DA1E8005D47563A657F2838779E67,C1D426FC7C01B0CDADC3C6696B0731D2,SRR34398399
SRR34398400,2025-08-29 11:10:20,2025-07-07 11:32:54,31271,46539521,0,1488,15,NA,https://sra-downloadb.be-md.ncbi.nlm.nih.gov/sos9/sra-pub-run-936/SRR034/34398/SRR34398400/SRR34398400.1,SRX29562894,3045-16S_For_bc1004-16S_Rev_bc1044.fastq,AMPLICON,PCR,METAGENOMIC,SINGLE,0,0,PACBIO_SMRT,Sequel IIe,SRP598659,PRJNA1287598,NA,1287598,SRS25688325,SAMN49824966,simple,410661,mouse gut metagenome,3045-16S_For_bc1004-16S_Rev_bc1044.fastq,NA,NA,NA,NA,NA,NA,no,NA,NA,NA,NA,UNIVERSITY OF VERMONT,SRA2164653,NA,public,C3A207D9C82D7A06254BC0F18F9BEE1D,551E2CB9AE71B4E2D75C48EBFF75E30D,SRR34398400
SRR34398401,2025-08-29 11:10:20,2025-07-07 11:32:36,41900,62597125,0,1493,21,NA,https://sra-downloadb.be-md.ncbi.nlm.nih.gov/sos9/sra-pub-run-936/SRR034/34398/SRR34398401/SRR34398401.1,SRX29562893,3040-16S_For_bc1003-16S_Rev_bc1075.fastq,AMPLICON,PCR,METAGENOMIC,SINGLE,0,0,PACBIO_SMRT,Sequel IIe,SRP598659,PRJNA1287598,NA,1287598,SRS25688326,SAMN49824965,simple,410661,mouse gut metagenome,3040-16S_For_bc1003-16S_Rev_bc1075.fastq,NA,NA,NA,NA,NA,NA,no,NA,NA,NA,NA,UNIVERSITY OF VERMONT,SRA2164653,NA,public,EA9072EE1EA19C3FC8428E090637C470,7D664E38AC8CB6AA529F6F2D459092DB,SRR34398401
SRR34398402,2025-08-29 11:10:20,2025-07-07 11:32:32,29777,44531710,0,1495,14,NA,https://sra-downloadb.be-md.ncbi.nlm.nih.gov/sos9/sra-pub-run-936/SRR034/34398/SRR34398402/SRR34398402.1,SRX29562892,3027-16S_For_bc1003-16S_Rev_bc1035.fastq,AMPLICON,PCR,METAGENOMIC,SINGLE,0,0,PACBIO_SMRT,Sequel IIe,SRP598659,PRJNA1287598,NA,1287598,SRS25688324,SAMN49824957,simple,410661,mouse gut metagenome,3027-16S_For_bc1003-16S_Rev_bc1035.fastq,NA,NA,NA,NA,NA,NA,no,NA,NA,NA,NA,UNIVERSITY OF VERMONT,SRA2164653,NA,public,7D9D87068A5A97AF9D196EDD428EBB06,A40489DB7F5C17D19C66ECD8D5AB1CE4,SRR34398402
SRR34398403,2025-08-29 11:10:20,2025-07-07 11:32:32,27390,40995203,0,1496,13,NA,https://sra-downloadb.be-md.ncbi.nlm.nih.gov/sos9/sra-pub-run-936/SRR034/34398/SRR34398403/SRR34398403.1,SRX29562891,3026-16S_For_bc1003-16S_Rev_bc1033.fastq,AMPLICON,PCR,METAGENOMIC,SINGLE,0,0,PACBIO_SMRT,Sequel IIe,SRP598659,PRJNA1287598,NA,1287598,SRS25688323,SAMN49824956,simple,410661,mouse gut metagenome,3026-16S_For_bc1003-16S_Rev_bc1033.fastq,NA,NA,NA,NA,NA,NA,no,NA,NA,NA,NA,UNIVERSITY OF VERMONT,SRA2164653,NA,public,1E2CF8724D7EA687CA4E6D0B13B7E23E,C8426676EF6AAF8F93CA2C3F10F79F30,SRR34398403
SRR34398404,2025-08-29 11:10:20,2025-07-07 11:32:44,24551,36764845,0,1497,12,NA,https://sra-downloadb.be-md.ncbi.nlm.nih.gov/sos9/sra-pub-run-936/SRR034/34398/SRR34398404/SRR34398404.1,SRX29562890,3025-16S_For_bc1003-16S_Rev_bc1045.fastq,AMPLICON,PCR,METAGENOMIC,SINGLE,0,0,PACBIO_SMRT,Sequel IIe,SRP598659,PRJNA1287598,NA,1287598,SRS25688322,SAMN49824955,simple,410661,mouse gut metagenome,3025-16S_For_bc1003-16S_Rev_bc1045.fastq,NA,NA,NA,NA,NA,NA,no,NA,NA,NA,NA,UNIVERSITY OF VERMONT,SRA2164653,NA,public,61091A2B9964B0F956B387F831C6AA5B,D318BA4B2A4F6F55B5417B8634724A41,SRR34398404
SRR34398405,2025-08-29 11:10:20,2025-07-07 11:32:32,33411,49966911,0,1495,16,NA,https://sra-downloadb.be-md.ncbi.nlm.nih.gov/sos9/sra-pub-run-936/SRR034/34398/SRR34398405/SRR34398405.1,SRX29562889,3024-16S_For_bc1003-16S_Rev_bc1044.fastq,AMPLICON,PCR,METAGENOMIC,SINGLE,0,0,PACBIO_SMRT,Sequel IIe,SRP598659,PRJNA1287598,NA,1287598,SRS25688321,SAMN49824954,simple,410661,mouse gut metagenome,3024-16S_For_bc1003-16S_Rev_bc1044.fastq,NA,NA,NA,NA,NA,NA,no,NA,NA,NA,NA,UNIVERSITY OF VERMONT,SRA2164653,NA,public,886B913699B14CAC975531BB8FA6FC7B,B5DAE035F9FD2B9C9C999269A89160F0,SRR34398405
SRR34398406,2025-08-29 11:10:21,2025-07-07 11:32:34,25135,37616072,0,1496,12,NA,https://sra-downloadb.be-md.ncbi.nlm.nih.gov/sos9/sra-pub-run-936/SRR034/34398/SRR34398406/SRR34398406.1,SRX29562888,3023-16S_For_bc1003-16S_Rev_bc1059.fastq,AMPLICON,PCR,METAGENOMIC,SINGLE,0,0,PACBIO_SMRT,Sequel IIe,SRP598659,PRJNA1287598,NA,1287598,SRS25688320,SAMN49824953,simple,410661,mouse gut metagenome,3023-16S_For_bc1003-16S_Rev_bc1059.fastq,NA,NA,NA,NA,NA,NA,no,NA,NA,NA,NA,UNIVERSITY OF VERMONT,SRA2164653,NA,public,B70DC2C1C6D50DA6902B8462AEF94ACC,604635D5732F92AC5589D0FFA9C18B20,SRR34398406
SRR34398407,2025-08-29 11:10:21,2025-07-07 11:32:30,30981,46329997,0,1495,15,NA,https://sra-downloadb.be-md.ncbi.nlm.nih.gov/sos9/sra-pub-run-936/SRR034/34398/SRR34398407/SRR34398407.1,SRX29562887,3022-16S_For_bc1003-16S_Rev_bc1057.fastq,AMPLICON,PCR,METAGENOMIC,SINGLE,0,0,PACBIO_SMRT,Sequel IIe,SRP598659,PRJNA1287598,NA,1287598,SRS25688318,SAMN49824952,simple,410661,mouse gut metagenome,3022-16S_For_bc1003-16S_Rev_bc1057.fastq,NA,NA,NA,NA,NA,NA,no,NA,NA,NA,NA,UNIVERSITY OF VERMONT,SRA2164653,NA,public,74360FB7BD00E180CFE162CAB86C9F49,0F1B47C6031A5FACDBD69326E7095FBF,SRR34398407
SRR34398408,2025-08-29 11:10:21,2025-07-07 11:32:34,57006,85350770,0,1497,28,NA,https://sra-downloadb.be-md.ncbi.nlm.nih.gov/sos9/sra-pub-run-936/SRR034/34398/SRR34398408/SRR34398408.1,SRX29562886,2923-16S_For_bc1009-16S_Rev_bc1035.fastq,AMPLICON,PCR,METAGENOMIC,SINGLE,0,0,PACBIO_SMRT,Sequel IIe,SRP598659,PRJNA1287598,NA,1287598,SRS25688317,SAMN49824916,simple,410661,mouse gut metagenome,2923-16S_For_bc1009-16S_Rev_bc1035.fastq,NA,NA,NA,NA,NA,NA,no,NA,NA,NA,NA,UNIVERSITY OF VERMONT,SRA2164653,NA,public,2F88A4E368DDD8F2B427FA4C31FF5150,D0E3F466AA0A0ABACF9CDBD3C2C0A5B5,SRR34398408
SRR34398409,2025-08-29 11:10:21,2025-07-07 11:32:42,46686,69813353,0,1495,23,NA,https://sra-downloadb.be-md.ncbi.nlm.nih.gov/sos9/sra-pub-run-936/SRR034/34398/SRR34398409/SRR34398409.1,SRX29562885,555E-16S_For_bc1010-16S_Rev_bc1044.fastq,AMPLICON,PCR,METAGENOMIC,SINGLE,0,0,PACBIO_SMRT,Sequel IIe,SRP598659,PRJNA1287598,NA,1287598,SRS25688319,SAMN49824951,simple,410661,mouse gut metagenome,555E-16S_For_bc1010-16S_Rev_bc1044.fastq,NA,NA,NA,NA,NA,NA,no,NA,NA,NA,NA,UNIVERSITY OF VERMONT,SRA2164653,NA,public,9E21022F80FED4B3E5037D74157A672E,2EF97BBFC1E11829ECE2CC18876A761C,SRR34398409
SRR34398410,2025-08-29 11:10:21,2025-07-07 11:32:40,58180,87097407,0,1497,29,NA,https://sra-downloadb.be-md.ncbi.nlm.nih.gov/sos9/sra-pub-run-936/SRR034/34398/SRR34398410/SRR34398410.1,SRX29562884,532-16S_For_bc1004-16S_Rev_bc1065.fastq,AMPLICON,PCR,METAGENOMIC,SINGLE,0,0,PACBIO_SMRT,Sequel IIe,SRP598659,PRJNA1287598,NA,1287598,SRS25688316,SAMN49824928,simple,410661,mouse gut metagenome,532-16S_For_bc1004-16S_Rev_bc1065.fastq,NA,NA,NA,NA,NA,NA,no,NA,NA,NA,NA,UNIVERSITY OF VERMONT,SRA2164653,NA,public,6491BA3903A7DBE82825B9501C26B859,FF97CC2B8780AB09DA8567CEDFAF7331,SRR34398410
SRR34398411,2025-08-29 11:10:21,2025-07-07 11:32:40,37284,55788428,0,1496,18,NA,https://sra-downloadb.be-md.ncbi.nlm.nih.gov/sos9/sra-pub-run-936/SRR034/34398/SRR34398411/SRR34398411.1,SRX29562883,531-16S_For_bc1004-16S_Rev_bc1060.fastq,AMPLICON,PCR,METAGENOMIC,SINGLE,0,0,PACBIO_SMRT,Sequel IIe,SRP598659,PRJNA1287598,NA,1287598,SRS25688315,SAMN49824927,simple,410661,mouse gut metagenome,531-16S_For_bc1004-16S_Rev_bc1060.fastq,NA,NA,NA,NA,NA,NA,no,NA,NA,NA,NA,UNIVERSITY OF VERMONT,SRA2164653,NA,public,96EC0EF8570C6F1ECEDCAE1677344E5B,22A2063C969A23E70738469D22397A3E,SRR34398411
SRR34398412,2025-08-29 11:10:21,2025-07-07 11:32:39,35463,53119142,0,1497,17,NA,https://sra-downloadb.be-md.ncbi.nlm.nih.gov/sos9/sra-pub-run-936/SRR034/34398/SRR34398412/SRR34398412.1,SRX29562882,524-16S_For_bc1004-16S_Rev_bc1059.fastq,AMPLICON,PCR,METAGENOMIC,SINGLE,0,0,PACBIO_SMRT,Sequel IIe,SRP598659,PRJNA1287598,NA,1287598,SRS25688313,SAMN49824926,simple,410661,mouse gut metagenome,524-16S_For_bc1004-16S_Rev_bc1059.fastq,NA,NA,NA,NA,NA,NA,no,NA,NA,NA,NA,UNIVERSITY OF VERMONT,SRA2164653,NA,public,9EC6D11613819E531C169482CF12CA68,0F7EF4600BE836DB9A528D86479CD26D,SRR34398412
SRR34398413,2025-08-29 11:10:22,2025-07-07 11:32:39,28544,42729278,0,1496,14,NA,https://sra-downloadb.be-md.ncbi.nlm.nih.gov/sos9/sra-pub-run-936/SRR034/34398/SRR34398413/SRR34398413.1,SRX29562881,2940-16S_For_bc1009-16S_Rev_bc1059.fastq,AMPLICON,PCR,METAGENOMIC,SINGLE,0,0,PACBIO_SMRT,Sequel IIe,SRP598659,PRJNA1287598,NA,1287598,SRS25688312,SAMN49824925,simple,410661,mouse gut metagenome,2940-16S_For_bc1009-16S_Rev_bc1059.fastq,NA,NA,NA,NA,NA,NA,no,NA,NA,NA,NA,UNIVERSITY OF VERMONT,SRA2164653,NA,public,972D7A37CB1CD368878993B6023FECFB,DED49C8BDB326D289C147C5ADCD4751E,SRR34398413
SRR34398414,2025-08-29 11:10:22,2025-07-07 11:32:30,19269,28789719,0,1494,9,NA,https://sra-downloadb.be-md.ncbi.nlm.nih.gov/sos9/sra-pub-run-936/SRR034/34398/SRR34398414/SRR34398414.1,SRX29562880,2939-16S_For_bc1009-16S_Rev_bc1060.fastq,AMPLICON,PCR,METAGENOMIC,SINGLE,0,0,PACBIO_SMRT,Sequel IIe,SRP598659,PRJNA1287598,NA,1287598,SRS25688311,SAMN49824924,simple,410661,mouse gut metagenome,2939-16S_For_bc1009-16S_Rev_bc1060.fastq,NA,NA,NA,NA,NA,NA,no,NA,NA,NA,NA,UNIVERSITY OF VERMONT,SRA2164653,NA,public,9EE58CD55EF666DE83E15B33A5F0E6B7,72E16D159E022726C74A6C28EEF6E659,SRR34398414
SRR34398415,2025-08-29 11:10:22,2025-07-07 11:32:40,25786,38432278,0,1490,12,NA,https://sra-downloadb.be-md.ncbi.nlm.nih.gov/sos9/sra-pub-run-936/SRR034/34398/SRR34398415/SRR34398415.1,SRX29562879,2938-16S_For_bc1009-16S_Rev_bc1056.fastq,AMPLICON,PCR,METAGENOMIC,SINGLE,0,0,PACBIO_SMRT,Sequel IIe,SRP598659,PRJNA1287598,NA,1287598,SRS25688314,SAMN49824923,simple,410661,mouse gut metagenome,2938-16S_For_bc1009-16S_Rev_bc1056.fastq,NA,NA,NA,NA,NA,NA,no,NA,NA,NA,NA,UNIVERSITY OF VERMONT,SRA2164653,NA,public,4D7210051D7082E77916961E2CFCD523,E3276359F6D4C139CF8B953D63387C14,SRR34398415
SRR34398416,2025-08-29 11:10:22,2025-07-07 11:32:44,30895,46152368,0,1493,15,NA,https://sra-downloadb.be-md.ncbi.nlm.nih.gov/sos9/sra-pub-run-936/SRR034/34398/SRR34398416/SRR34398416.1,SRX29562878,2937-16S_For_bc1009-16S_Rev_bc1044.fastq,AMPLICON,PCR,METAGENOMIC,SINGLE,0,0,PACBIO_SMRT,Sequel IIe,SRP598659,PRJNA1287598,NA,1287598,SRS25688310,SAMN49824922,simple,410661,mouse gut metagenome,2937-16S_For_bc1009-16S_Rev_bc1044.fastq,NA,NA,NA,NA,NA,NA,no,NA,NA,NA,NA,UNIVERSITY OF VERMONT,SRA2164653,NA,public,589AD76B08EB5B374F8A1461F2C56FD9,0E6688AD0680BEFC38779FC981B56DA2,SRR34398416
SRR34398417,2025-08-29 11:10:22,2025-07-07 11:32:37,28214,42206193,0,1495,14,NA,https://sra-downloadb.be-md.ncbi.nlm.nih.gov/sos9/sra-pub-run-936/SRR034/34398/SRR34398417/SRR34398417.1,SRX29562877,2917-16S_For_bc1009-16S_Rev_bc1033.fastq,AMPLICON,PCR,METAGENOMIC,SINGLE,0,0,PACBIO_SMRT,Sequel IIe,SRP598659,PRJNA1287598,NA,1287598,SRS25689574,SAMN49824913,simple,410661,mouse gut metagenome,2917-16S_For_bc1009-16S_Rev_bc1033.fastq,NA,NA,NA,NA,NA,NA,no,NA,NA,NA,NA,UNIVERSITY OF VERMONT,SRA2164653,NA,public,40DE077305C2BCEE714AE78C04C83BD4,466298DA4787EAB9DBE5D3C58463E9C1,SRR34398417
SRR34398418,2025-08-29 11:10:22,2025-07-07 11:32:51,54601,81762160,0,1497,27,NA,https://sra-downloadb.be-md.ncbi.nlm.nih.gov/sos9/sra-pub-run-936/SRR034/34398/SRR34398418/SRR34398418.1,SRX29562876,2916-16S_For_bc1004-16S_Rev_bc1057.fastq,AMPLICON,PCR,METAGENOMIC,SINGLE,0,0,PACBIO_SMRT,Sequel IIe,SRP598659,PRJNA1287598,NA,1287598,SRS25688309,SAMN49824912,simple,410661,mouse gut metagenome,2916-16S_For_bc1004-16S_Rev_bc1057.fastq,NA,NA,NA,NA,NA,NA,no,NA,NA,NA,NA,UNIVERSITY OF VERMONT,SRA2164653,NA,public,03E33BEFD830C8A19EE56B05E3739EBF,2B2B56FCFCBBE60154A8AFC5D6B5E8D3,SRR34398418
SRR5552264,2017-06-13 10:58:14,2018-05-22 11:26:18,254893,152935800,254893,600,86,NA,https://sra-downloadb.be-md.ncbi.nlm.nih.gov/sos5/sra-pub-zq-14/SRR005/552/SRR5552264.sralite.1,SRX2818437,RF19,AMPLICON,PCR,METAGENOMIC,PAIRED,0,0,ILLUMINA,Illumina MiSeq,SRP107023,PRJNA386516,NA,386516,SRS2196878,SAMN06971484,simple,410661,mouse gut metagenome,19,NA,NA,NA,NA,NA,NA,no,NA,NA,NA,NA,UNIVERSITY OF UTAH - SCHOOL OF MEDICINE,SRA561703,NA,public,8C7CB34792AD9404695EFDD4FC46470B,EC51BA3813738C5F3708F05D57FC197A,SRR5552264
SRR5552265,2017-06-13 11:13:12,2018-05-22 11:25:32,200083,120049800,200083,600,68,NA,https://sra-downloadb.be-md.ncbi.nlm.nih.gov/sos5/sra-pub-zq-14/SRR005/552/SRR5552265.sralite.1,SRX2818436,RF20,AMPLICON,PCR,METAGENOMIC,PAIRED,0,0,ILLUMINA,Illumina MiSeq,SRP107023,PRJNA386516,NA,386516,SRS2196877,SAMN06971485,simple,410661,mouse gut metagenome,20,NA,NA,NA,NA,NA,NA,no,NA,NA,NA,NA,UNIVERSITY OF UTAH - SCHOOL OF MEDICINE,SRA561703,NA,public,2C28DD15CEA584E569A44ED908C528CE,A7EB0D6C776DB76E936273704DEE3814,SRR5552265
SRR5552266,2017-06-13 11:13:12,2018-05-22 11:26:02,281791,169074600,281791,600,96,NA,https://sra-downloadb.be-md.ncbi.nlm.nih.gov/sos5/sra-pub-zq-14/SRR005/552/SRR5552266.sralite.1,SRX2818435,RF15,AMPLICON,PCR,METAGENOMIC,PAIRED,0,0,ILLUMINA,Illumina MiSeq,SRP107023,PRJNA386516,NA,386516,SRS2196875,SAMN06971480,simple,410661,mouse gut metagenome,15,NA,NA,NA,NA,NA,NA,no,NA,NA,NA,NA,UNIVERSITY OF UTAH - SCHOOL OF MEDICINE,SRA561703,NA,public,85B63F9B70798618CA13BDBE7B157096,CB39F9DAEC42A20A8814E40A0612E26A,SRR5552266
SRR5552267,2017-06-13 11:15:14,2018-05-22 11:25:56,305533,183319800,305533,600,103,NA,https://sra-downloadb.be-md.ncbi.nlm.nih.gov/sos5/sra-pub-zq-14/SRR005/552/SRR5552267.sralite.1,SRX2818434,RF16,AMPLICON,PCR,METAGENOMIC,PAIRED,0,0,ILLUMINA,Illumina MiSeq,SRP107023,PRJNA386516,NA,386516,SRS2196874,SAMN06971481,simple,410661,mouse gut metagenome,16,NA,NA,NA,NA,NA,NA,no,NA,NA,NA,NA,UNIVERSITY OF UTAH - SCHOOL OF MEDICINE,SRA561703,NA,public,40AE38F8ECEC57D5C30D0BBB8E4039B3,2262ED7353FFD1F779048F8D1A832FF5,SRR5552267
SRR5552268,2017-06-13 11:19:19,2018-05-22 11:27:28,336133,201679800,336133,600,114,NA,https://sra-downloadb.be-md.ncbi.nlm.nih.gov/sos5/sra-pub-zq-14/SRR005/552/SRR5552268.sralite.1,SRX2818433,RF17,AMPLICON,PCR,METAGENOMIC,PAIRED,0,0,ILLUMINA,Illumina MiSeq,SRP107023,PRJNA386516,NA,386516,SRS2196876,SAMN06971482,simple,410661,mouse gut metagenome,17,NA,NA,NA,NA,NA,NA,no,NA,NA,NA,NA,UNIVERSITY OF UTAH - SCHOOL OF MEDICINE,SRA561703,NA,public,EA595728A595F6901F374F6F042F4CB8,64B86F77898B7461928C65A4E3ECB790,SRR5552268
SRR5552269,2017-06-13 11:19:19,2018-05-22 11:25:32,276636,165981600,276636,600,93,NA,https://sra-downloadb.be-md.ncbi.nlm.nih.gov/sos5/sra-pub-zq-14/SRR005/552/SRR5552269.sralite.1,SRX2818432,RF18,AMPLICON,PCR,METAGENOMIC,PAIRED,0,0,ILLUMINA,Illumina MiSeq,SRP107023,PRJNA386516,NA,386516,SRS2196872,SAMN06971483,simple,410661,mouse gut metagenome,18,NA,NA,NA,NA,NA,NA,no,NA,NA,NA,NA,UNIVERSITY OF UTAH - SCHOOL OF MEDICINE,SRA561703,NA,public,523FEA9D3247D550F16F35E0772C0633,8FE2F90F790E6443D514C5ED12155BE4,SRR5552269
SRR5552270,2017-06-13 11:23:12,2018-05-22 11:27:00,266408,159844800,266408,600,91,NA,https://sra-downloadb.be-md.ncbi.nlm.nih.gov/sos5/sra-pub-zq-14/SRR005/552/SRR5552270.sralite.1,SRX2818431,RF11,AMPLICON,PCR,METAGENOMIC,PAIRED,0,0,ILLUMINA,Illumina MiSeq,SRP107023,PRJNA386516,NA,386516,SRS2196873,SAMN06971476,simple,410661,mouse gut metagenome,11,NA,NA,NA,NA,NA,NA,no,NA,NA,NA,NA,UNIVERSITY OF UTAH - SCHOOL OF MEDICINE,SRA561703,NA,public,2892EF5AFEE644B07B13E0507F22D40A,CB88245840DFD894F4B44BC8DA2661D9,SRR5552270
SRR5552271,2017-06-13 11:24:12,2018-05-22 11:25:41,221951,133170600,221951,600,75,NA,https://sra-downloadb.be-md.ncbi.nlm.nih.gov/sos5/sra-pub-zq-14/SRR005/552/SRR5552271.sralite.1,SRX2818430,RF12,AMPLICON,PCR,METAGENOMIC,PAIRED,0,0,ILLUMINA,Illumina MiSeq,SRP107023,PRJNA386516,NA,386516,SRS2196871,SAMN06971477,simple,410661,mouse gut metagenome,12,NA,NA,NA,NA,NA,NA,no,NA,NA,NA,NA,UNIVERSITY OF UTAH - SCHOOL OF MEDICINE,SRA561703,NA,public,25531AFAA1D2EB311BA1B73D817D7FF9,41B208FD32CB9D70536287F0CA1EA3F0,SRR5552271
SRR5552272,2017-06-13 11:24:12,2018-05-22 11:27:11,257774,154664400,257774,600,87,NA,https://sra-downloadb.be-md.ncbi.nlm.nih.gov/sos5/sra-pub-zq-14/SRR005/552/SRR5552272.sralite.1,SRX2818429,RF13,AMPLICON,PCR,METAGENOMIC,PAIRED,0,0,ILLUMINA,Illumina MiSeq,SRP107023,PRJNA386516,NA,386516,SRS2196870,SAMN06971478,simple,410661,mouse gut metagenome,13,NA,NA,NA,NA,NA,NA,no,NA,NA,NA,NA,UNIVERSITY OF UTAH - SCHOOL OF MEDICINE,SRA561703,NA,public,DE2385216B5168B663B8764E27F12E32,82DC8F469D7805203D2C653FE3EF4D3E,SRR5552272
SRR5552273,2017-06-13 11:24:12,2018-05-22 11:25:26,213947,128368200,213947,600,72,NA,https://sra-downloadb.be-md.ncbi.nlm.nih.gov/sos5/sra-pub-zq-14/SRR005/552/SRR5552273.sralite.1,SRX2818428,RF14,AMPLICON,PCR,METAGENOMIC,PAIRED,0,0,ILLUMINA,Illumina MiSeq,SRP107023,PRJNA386516,NA,386516,SRS2196868,SAMN06971479,simple,410661,mouse gut metagenome,14,NA,NA,NA,NA,NA,NA,no,NA,NA,NA,NA,UNIVERSITY OF UTAH - SCHOOL OF MEDICINE,SRA561703,NA,public,73655B2E5BC6747A70066A429036ACE0,FE086C0895C460913BD5A5C6AF42F0A7,SRR5552273
SRR5552274,2017-06-02 11:49:15,2018-05-22 11:27:37,269535,161721000,269535,600,85,NA,https://sra-downloadb.be-md.ncbi.nlm.nih.gov/sos5/sra-pub-zq-14/SRR005/552/SRR5552274.sralite.1,SRX2818427,RF160118_6N,AMPLICON,PCR,METAGENOMIC,PAIRED,0,0,ILLUMINA,Illumina MiSeq,SRP107023,PRJNA386516,NA,386516,SRS2196869,SAMN06971555,simple,410661,mouse gut metagenome,RF160118_6N,NA,NA,NA,NA,NA,NA,no,NA,NA,NA,NA,UNIVERSITY OF UTAH - SCHOOL OF MEDICINE,SRA561703,NA,public,70E6D3DA775EE30E9517FF22A62B41AB,B5C414B1F5E9DDBFAA5F2467A2644586,SRR5552274
SRR5552275,2017-06-02 11:48:14,2018-05-22 11:26:53,179731,107838600,179731,600,57,NA,https://sra-downloadb.be-md.ncbi.nlm.nih.gov/sos5/sra-pub-zq-14/SRR005/552/SRR5552275.sralite.1,SRX2818426,RF160118_5N,AMPLICON,PCR,METAGENOMIC,PAIRED,0,0,ILLUMINA,Illumina MiSeq,SRP107023,PRJNA386516,NA,386516,SRS2196866,SAMN06971554,simple,410661,mouse gut metagenome,RF160118_5N,NA,NA,NA,NA,NA,NA,no,NA,NA,NA,NA,UNIVERSITY OF UTAH - SCHOOL OF MEDICINE,SRA561703,NA,public,CD23637FCC5F3C3B30A182685AC7607E,6E6A9695575226E9EAD2E152F5560E7F,SRR5552275
SRR5552276,2017-06-02 11:48:14,2018-05-22 11:27:18,206759,124055400,206759,600,64,NA,https://sra-downloadb.be-md.ncbi.nlm.nih.gov/sos5/sra-pub-zq-14/SRR005/552/SRR5552276.sralite.1,SRX2818425,RF151118_24,AMPLICON,PCR,METAGENOMIC,PAIRED,0,0,ILLUMINA,Illumina MiSeq,SRP107023,PRJNA386516,NA,386516,SRS2196867,SAMN06971549,simple,410661,mouse gut metagenome,RF151118_24,NA,NA,NA,NA,NA,NA,no,NA,NA,NA,NA,UNIVERSITY OF UTAH - SCHOOL OF MEDICINE,SRA561703,NA,public,9A1A03DFD52E67066D19F503DC6A4048,8119CF25A152E7F8A899542DBAE10595,SRR5552276
SRR5552277,2017-06-02 11:48:14,2018-05-22 11:28:20,229094,137456400,229094,600,72,NA,https://sra-downloadb.be-md.ncbi.nlm.nih.gov/sos5/sra-pub-zq-14/SRR005/552/SRR5552277.sralite.1,SRX2818424,RF151118_23,AMPLICON,PCR,METAGENOMIC,PAIRED,0,0,ILLUMINA,Illumina MiSeq,SRP107023,PRJNA386516,NA,386516,SRS2196865,SAMN06971548,simple,410661,mouse gut metagenome,RF151118_23,NA,NA,NA,NA,NA,NA,no,NA,NA,NA,NA,UNIVERSITY OF UTAH - SCHOOL OF MEDICINE,SRA561703,NA,public,F569EFA418BB80DD11260F8AB17C063C,9537E479E1C12733CC52F252EE180378,SRR5552277
SRR5552278,2017-06-02 11:50:15,2018-05-22 11:27:30,220763,132457800,220763,600,69,NA,https://sra-downloadb.be-md.ncbi.nlm.nih.gov/sos5/sra-pub-zq-14/SRR005/552/SRR5552278.sralite.1,SRX2818423,RF151118_22,AMPLICON,PCR,METAGENOMIC,PAIRED,0,0,ILLUMINA,Illumina MiSeq,SRP107023,PRJNA386516,NA,386516,SRS2196863,SAMN06971547,simple,410661,mouse gut metagenome,RF151118_22,NA,NA,NA,NA,NA,NA,no,NA,NA,NA,NA,UNIVERSITY OF UTAH - SCHOOL OF MEDICINE,SRA561703,NA,public,DE2B6AB725F13308248A32F68348F316,6D9B55011FF4016B6D4ECA3D228955A4,SRR5552278
SRR5552279,2017-06-02 11:53:13,2018-05-22 11:28:01,332662,199597200,332662,600,103,NA,https://sra-downloadb.be-md.ncbi.nlm.nih.gov/sos5/sra-pub-zq-14/SRR005/552/SRR5552279.sralite.1,SRX2818422,RF151118_21,AMPLICON,PCR,METAGENOMIC,PAIRED,0,0,ILLUMINA,Illumina MiSeq,SRP107023,PRJNA386516,NA,386516,SRS2196864,SAMN06971546,simple,410661,mouse gut metagenome,RF151118_21,NA,NA,NA,NA,NA,NA,no,NA,NA,NA,NA,UNIVERSITY OF UTAH - SCHOOL OF MEDICINE,SRA561703,NA,public,8F8B8FF76B94865128CF67D8BEEDCE12,532740BBFB9557BA2689B572D8B2DC9C,SRR5552279
SRR5552280,2017-06-02 11:49:15,2018-05-22 11:27:38,243691,146214600,243691,600,77,NA,https://sra-downloadb.be-md.ncbi.nlm.nih.gov/sos5/sra-pub-zq-14/SRR005/552/SRR5552280.sralite.1,SRX2818421,RF160118_4N,AMPLICON,PCR,METAGENOMIC,PAIRED,0,0,ILLUMINA,Illumina MiSeq,SRP107023,PRJNA386516,NA,386516,SRS2196862,SAMN06971553,simple,410661,mouse gut metagenome,RF160118_4N,NA,NA,NA,NA,NA,NA,no,NA,NA,NA,NA,UNIVERSITY OF UTAH - SCHOOL OF MEDICINE,SRA561703,NA,public,2ACAE89AD66B52D344A599F7D6D41D95,FD204DDDEBAFFD3366420E5C8C4EF5DA,SRR5552280
SRR5552281,2017-06-02 11:51:23,2018-05-22 11:28:59,413524,248114400,413524,600,132,NA,https://sra-downloadb.be-md.ncbi.nlm.nih.gov/sos5/sra-pub-zq-14/SRR005/552/SRR5552281.sralite.1,SRX2818420,RF160118_3N,AMPLICON,PCR,METAGENOMIC,PAIRED,0,0,ILLUMINA,Illumina MiSeq,SRP107023,PRJNA386516,NA,386516,SRS2196860,SAMN06971552,simple,410661,mouse gut metagenome,RF160118_3N,NA,NA,NA,NA,NA,NA,no,NA,NA,NA,NA,UNIVERSITY OF UTAH - SCHOOL OF MEDICINE,SRA561703,NA,public,1CA1CAA8474CE391F4EBAFD5C4C380B5,5BCA903855E72394CFF69785802C343D,SRR5552281
SRR5552282,2017-06-02 11:49:15,2018-05-22 11:26:50,212413,127447800,212413,600,67,NA,https://sra-downloadb.be-md.ncbi.nlm.nih.gov/sos5/sra-pub-zq-14/SRR005/552/SRR5552282.sralite.1,SRX2818419,RF160118_2N,AMPLICON,PCR,METAGENOMIC,PAIRED,0,0,ILLUMINA,Illumina MiSeq,SRP107023,PRJNA386516,NA,386516,SRS2196861,SAMN06971551,simple,410661,mouse gut metagenome,RF160118_2N,NA,NA,NA,NA,NA,NA,no,NA,NA,NA,NA,UNIVERSITY OF UTAH - SCHOOL OF MEDICINE,SRA561703,NA,public,5DA10112F5DE6D5348298BBD6364B38C,D04D95D0AA9ECF4E4F1F0CD5845145A7,SRR5552282
SRR5552283,2017-06-02 11:48:14,2018-05-22 11:27:37,162698,97618800,162698,600,51,NA,https://sra-downloadb.be-md.ncbi.nlm.nih.gov/sos5/sra-pub-zq-14/SRR005/552/SRR5552283.sralite.1,SRX2818418,RF160118_1N,AMPLICON,PCR,METAGENOMIC,PAIRED,0,0,ILLUMINA,Illumina MiSeq,SRP107023,PRJNA386516,NA,386516,SRS2196859,SAMN06971550,simple,410661,mouse gut metagenome,RF160118_1N,NA,NA,NA,NA,NA,NA,no,NA,NA,NA,NA,UNIVERSITY OF UTAH - SCHOOL OF MEDICINE,SRA561703,NA,public,A5933962E03998F1158C1A832265EFC1,AA34663F99FD4158D44177179DA7343B,SRR5552283
SRR5552284,2017-06-13 11:24:12,2018-05-22 11:25:31,126181,75708600,126181,600,43,NA,https://sra-downloadb.be-md.ncbi.nlm.nih.gov/sos5/sra-pub-zq-14/SRR005/552/SRR5552284.sralite.1,SRX2818417,RF30,AMPLICON,PCR,METAGENOMIC,PAIRED,0,0,ILLUMINA,Illumina MiSeq,SRP107023,PRJNA386516,NA,386516,SRS2196858,SAMN06971495,simple,410661,mouse gut metagenome,30,NA,NA,NA,NA,NA,NA,no,NA,NA,NA,NA,UNIVERSITY OF UTAH - SCHOOL OF MEDICINE,SRA561703,NA,public,12D23A4C90DAC9A112A6B4D18D2AB6F4,CC01BC5DF1D6B6B328D42BAAC18317BC,SRR5552284
SRR5552285,2017-06-13 11:24:12,2018-05-22 11:25:11,97367,58420200,97367,600,33,NA,https://sra-downloadb.be-md.ncbi.nlm.nih.gov/sos5/sra-pub-zq-14/SRR005/552/SRR5552285.sralite.1,SRX2818416,RF29,AMPLICON,PCR,METAGENOMIC,PAIRED,0,0,ILLUMINA,Illumina MiSeq,SRP107023,PRJNA386516,NA,386516,SRS2196857,SAMN06971494,simple,410661,mouse gut metagenome,29,NA,NA,NA,NA,NA,NA,no,NA,NA,NA,NA,UNIVERSITY OF UTAH - SCHOOL OF MEDICINE,SRA561703,NA,public,463286F196BED16755DC058F793B72E3,EA8DFAFE1B8DFA8524F764336BF6286D,SRR5552285
SRR5552286,2017-06-13 11:28:49,2018-05-22 11:26:04,218537,131122200,218537,600,74,NA,https://sra-downloadb.be-md.ncbi.nlm.nih.gov/sos5/sra-pub-zq-14/SRR005/552/SRR5552286.sralite.1,SRX2818415,RF22,AMPLICON,PCR,METAGENOMIC,PAIRED,0,0,ILLUMINA,Illumina MiSeq,SRP107023,PRJNA386516,NA,386516,SRS2196856,SAMN06971487,simple,410661,mouse gut metagenome,22,NA,NA,NA,NA,NA,NA,no,NA,NA,NA,NA,UNIVERSITY OF UTAH - SCHOOL OF MEDICINE,SRA561703,NA,public,6C5EB0848FED2CFC6683AF37CE21F4CC,E4D042266618E8C82BC4F03A7935686F,SRR5552286
SRR5552287,2017-06-13 11:30:17,2018-05-22 11:25:06,227750,136650000,227750,600,76,NA,https://sra-downloadb.be-md.ncbi.nlm.nih.gov/sos5/sra-pub-zq-14/SRR005/552/SRR5552287.sralite.1,SRX2818414,RF21,AMPLICON,PCR,METAGENOMIC,PAIRED,0,0,ILLUMINA,Illumina MiSeq,SRP107023,PRJNA386516,NA,386516,SRS2196855,SAMN06971486,simple,410661,mouse gut metagenome,21,NA,NA,NA,NA,NA,NA,no,NA,NA,NA,NA,UNIVERSITY OF UTAH - SCHOOL OF MEDICINE,SRA561703,NA,public,EDFC35B485BB502C9C671F1E137E576E,F3FEEF96F454D83E72949A643AE3FE2F,SRR5552287
SRR5552288,2017-06-13 11:30:17,2018-05-22 11:23:51,83227,49936200,83227,600,28,NA,https://sra-downloadb.be-md.ncbi.nlm.nih.gov/sos5/sra-pub-zq-14/SRR005/552/SRR5552288.sralite.1,SRX2818413,RF24,AMPLICON,PCR,METAGENOMIC,PAIRED,0,0,ILLUMINA,Illumina MiSeq,SRP107023,PRJNA386516,NA,386516,SRS2196854,SAMN06971489,simple,410661,mouse gut metagenome,24,NA,NA,NA,NA,NA,NA,no,NA,NA,NA,NA,UNIVERSITY OF UTAH - SCHOOL OF MEDICINE,SRA561703,NA,public,471138C18CBE84FE4406558EFA17D70D,3E8654CEFC4A08C5CAE2D70A8EE26D00,SRR5552288
SRR5552289,2017-06-13 11:33:19,2018-05-22 11:26:16,248546,149127600,248546,600,84,NA,https://sra-downloadb.be-md.ncbi.nlm.nih.gov/sos5/sra-pub-zq-14/SRR005/552/SRR5552289.sralite.1,SRX2818412,RF23,AMPLICON,PCR,METAGENOMIC,PAIRED,0,0,ILLUMINA,Illumina MiSeq,SRP107023,PRJNA386516,NA,386516,SRS2196853,SAMN06971488,simple,410661,mouse gut metagenome,23,NA,NA,NA,NA,NA,NA,no,NA,NA,NA,NA,UNIVERSITY OF UTAH - SCHOOL OF MEDICINE,SRA561703,NA,public,4519E2B7323FCE9C3B627886ACCC61C4,7FF2AB66282FF5E554301CDAEE9B2A5F,SRR5552289
SRR5552290,2017-06-13 11:33:19,2018-05-22 11:25:50,142224,85334400,142224,600,48,NA,https://sra-downloadb.be-md.ncbi.nlm.nih.gov/sos5/sra-pub-zq-14/SRR005/552/SRR5552290.sralite.1,SRX2818411,RF26,AMPLICON,PCR,METAGENOMIC,PAIRED,0,0,ILLUMINA,Illumina MiSeq,SRP107023,PRJNA386516,NA,386516,SRS2196852,SAMN06971491,simple,410661,mouse gut metagenome,26,NA,NA,NA,NA,NA,NA,no,NA,NA,NA,NA,UNIVERSITY OF UTAH - SCHOOL OF MEDICINE,SRA561703,NA,public,C97836F6BD20F1B075023C58D4B7D1C6,5049D09E119AC0AE6DF4ED128B599EA6,SRR5552290
SRR5552291,2017-06-13 11:33:19,2018-05-22 11:24:06,82583,49549800,82583,600,28,NA,https://sra-downloadb.be-md.ncbi.nlm.nih.gov/sos5/sra-pub-zq-14/SRR005/552/SRR5552291.sralite.1,SRX2818410,RF25,AMPLICON,PCR,METAGENOMIC,PAIRED,0,0,ILLUMINA,Illumina MiSeq,SRP107023,PRJNA386516,NA,386516,SRS2196851,SAMN06971490,simple,410661,mouse gut metagenome,25,NA,NA,NA,NA,NA,NA,no,NA,NA,NA,NA,UNIVERSITY OF UTAH - SCHOOL OF MEDICINE,SRA561703,NA,public,67CA710084E78ACC4744037F35E1046A,6E2200C246F47D169A5E77407D429013,SRR5552291
SRR5552292,2017-06-13 11:34:19,2018-05-22 11:25:44,125138,75082800,125138,600,42,NA,https://sra-downloadb.be-md.ncbi.nlm.nih.gov/sos5/sra-pub-zq-14/SRR005/552/SRR5552292.sralite.1,SRX2818409,RF28,AMPLICON,PCR,METAGENOMIC,PAIRED,0,0,ILLUMINA,Illumina MiSeq,SRP107023,PRJNA386516,NA,386516,SRS2196850,SAMN06971493,simple,410661,mouse gut metagenome,28,NA,NA,NA,NA,NA,NA,no,NA,NA,NA,NA,UNIVERSITY OF UTAH - SCHOOL OF MEDICINE,SRA561703,NA,public,6F478EC7EA72C46DC99C8AEADC1466E4,286FB33B3A45F0DEDCFD4006AD512535,SRR5552292
SRR5552293,2017-06-13 11:34:18,2018-05-22 11:26:04,158115,94869000,158115,600,53,NA,https://sra-downloadb.be-md.ncbi.nlm.nih.gov/sos5/sra-pub-zq-14/SRR005/552/SRR5552293.sralite.1,SRX2818408,RF27,AMPLICON,PCR,METAGENOMIC,PAIRED,0,0,ILLUMINA,Illumina MiSeq,SRP107023,PRJNA386516,NA,386516,SRS2196848,SAMN06971492,simple,410661,mouse gut metagenome,27,NA,NA,NA,NA,NA,NA,no,NA,NA,NA,NA,UNIVERSITY OF UTAH - SCHOOL OF MEDICINE,SRA561703,NA,public,D46D914CCBFCCA22024661ECA3A10D44,EB0F6CCF39DCC25FBAABBE9C22E8CA3A,SRR5552293
SRR5552294,2017-06-02 11:48:14,2018-05-22 11:27:57,206340,123804000,206340,600,65,NA,https://sra-downloadb.be-md.ncbi.nlm.nih.gov/sos5/sra-pub-zq-14/SRR005/552/SRR5552294.sralite.1,SRX2818407,RF160118_11N,AMPLICON,PCR,METAGENOMIC,PAIRED,0,0,ILLUMINA,Illumina MiSeq,SRP107023,PRJNA386516,NA,386516,SRS2196847,SAMN06971560,simple,410661,mouse gut metagenome,RF160118_11N,NA,NA,NA,NA,NA,NA,no,NA,NA,NA,NA,UNIVERSITY OF UTAH - SCHOOL OF MEDICINE,SRA561703,NA,public,3E437EE8C1B2113834357B92E8A23FBC,6C4C9A178F650E7D97B8DFCC907E6716,SRR5552294
SRR5552295,2017-06-02 11:48:14,2018-05-22 11:26:54,208331,124998600,208331,600,65,NA,https://sra-downloadb.be-md.ncbi.nlm.nih.gov/sos5/sra-pub-zq-14/SRR005/552/SRR5552295.sralite.1,SRX2818406,RF160118_12N,AMPLICON,PCR,METAGENOMIC,PAIRED,0,0,ILLUMINA,Illumina MiSeq,SRP107023,PRJNA386516,NA,386516,SRS2196849,SAMN06971561,simple,410661,mouse gut metagenome,RF160118_12N,NA,NA,NA,NA,NA,NA,no,NA,NA,NA,NA,UNIVERSITY OF UTAH - SCHOOL OF MEDICINE,SRA561703,NA,public,9288FE4E05F91F665D97B06FC06B823D,7F837ADE1089853DAE8FB83B7A8E3DB9,SRR5552295
SRR5552296,2017-06-02 11:49:15,2018-05-22 11:27:40,259429,155657400,259429,600,81,NA,https://sra-downloadb.be-md.ncbi.nlm.nih.gov/sos5/sra-pub-zq-14/SRR005/552/SRR5552296.sralite.1,SRX2818405,RF160118_7N,AMPLICON,PCR,METAGENOMIC,PAIRED,0,0,ILLUMINA,Illumina MiSeq,SRP107023,PRJNA386516,NA,386516,SRS2196846,SAMN06971556,simple,410661,mouse gut metagenome,RF160118_7N,NA,NA,NA,NA,NA,NA,no,NA,NA,NA,NA,UNIVERSITY OF UTAH - SCHOOL OF MEDICINE,SRA561703,NA,public,D010F30A5D000C757D936BD07993BFC1,08467EFA9667F0F0D04D33924D002693,SRR5552296
SRR5552297,2017-06-02 11:49:15,2018-05-22 11:28:04,214380,128628000,214380,600,67,NA,https://sra-downloadb.be-md.ncbi.nlm.nih.gov/sos5/sra-pub-zq-14/SRR005/552/SRR5552297.sralite.1,SRX2818404,RF160118_8N,AMPLICON,PCR,METAGENOMIC,PAIRED,0,0,ILLUMINA,Illumina MiSeq,SRP107023,PRJNA386516,NA,386516,SRS2196845,SAMN06971557,simple,410661,mouse gut metagenome,RF160118_8N,NA,NA,NA,NA,NA,NA,no,NA,NA,NA,NA,UNIVERSITY OF UTAH - SCHOOL OF MEDICINE,SRA561703,NA,public,9D4F40CCB6A0A82E916ABFAD6A732CE6,54D2BA03D5FC1124A3E4C4B559A325C7,SRR5552297
SRR5552298,2017-06-02 11:48:14,2018-05-22 11:26:55,178224,106934400,178224,600,56,NA,https://sra-downloadb.be-md.ncbi.nlm.nih.gov/sos5/sra-pub-zq-14/SRR005/552/SRR5552298.sralite.1,SRX2818403,RF160118_9N,AMPLICON,PCR,METAGENOMIC,PAIRED,0,0,ILLUMINA,Illumina MiSeq,SRP107023,PRJNA386516,NA,386516,SRS2196843,SAMN06971558,simple,410661,mouse gut metagenome,RF160118_9N,NA,NA,NA,NA,NA,NA,no,NA,NA,NA,NA,UNIVERSITY OF UTAH - SCHOOL OF MEDICINE,SRA561703,NA,public,806D206A16A74AAB8741FAB1539E2306,46AACC01C5669DBD5D15E07374DE6493,SRR5552298
SRR5552299,2017-06-02 11:49:15,2018-05-22 11:27:47,180724,108434400,180724,600,56,NA,https://sra-downloadb.be-md.ncbi.nlm.nih.gov/sos5/sra-pub-zq-14/SRR005/552/SRR5552299.sralite.1,SRX2818402,RF160118_10N,AMPLICON,PCR,METAGENOMIC,PAIRED,0,0,ILLUMINA,Illumina MiSeq,SRP107023,PRJNA386516,NA,386516,SRS2196844,SAMN06971559,simple,410661,mouse gut metagenome,RF160118_10N,NA,NA,NA,NA,NA,NA,no,NA,NA,NA,NA,UNIVERSITY OF UTAH - SCHOOL OF MEDICINE,SRA561703,NA,public,35B5EA54B64E1C523A939B6DE98C429D,27E835AC9CDF42F77B028512C7C910C9,SRR5552299
SRR5552300,2017-06-13 11:44:24,2018-05-22 11:24:31,247925,148755000,247925,600,84,NA,https://sra-downloadb.be-md.ncbi.nlm.nih.gov/sos5/sra-pub-zq-14/SRR005/552/SRR5552300.sralite.1,SRX2818401,RF39,AMPLICON,PCR,METAGENOMIC,PAIRED,0,0,ILLUMINA,Illumina MiSeq,SRP107023,PRJNA386516,NA,386516,SRS2196842,SAMN06971504,simple,410661,mouse gut metagenome,39,NA,NA,NA,NA,NA,NA,no,NA,NA,NA,NA,UNIVERSITY OF UTAH - SCHOOL OF MEDICINE,SRA561703,NA,public,AE5E8F69534396542498402898DD3DF3,BD70BD374A49094B1EE6DA9E6AFF3FDD,SRR5552300
SRR5552301,2017-06-13 11:44:24,2018-05-22 11:25:39,140692,84415200,140692,600,47,NA,https://sra-downloadb.be-md.ncbi.nlm.nih.gov/sos5/sra-pub-zq-14/SRR005/552/SRR5552301.sralite.1,SRX2818400,RF40,AMPLICON,PCR,METAGENOMIC,PAIRED,0,0,ILLUMINA,Illumina MiSeq,SRP107023,PRJNA386516,NA,386516,SRS2196841,SAMN06971505,simple,410661,mouse gut metagenome,40,NA,NA,NA,NA,NA,NA,no,NA,NA,NA,NA,UNIVERSITY OF UTAH - SCHOOL OF MEDICINE,SRA561703,NA,public,B60F7D0D54B46E9DFEF3DFC2FC2FCD0B,CFB4FD3D634AC0F7575D22996E771599,SRR5552301
SRR5552302,2017-06-13 13:42:11,2018-05-22 11:25:21,281341,168804600,281341,600,95,NA,https://sra-downloadb.be-md.ncbi.nlm.nih.gov/sos5/sra-pub-zq-14/SRR005/552/SRR5552302.sralite.1,SRX2818399,RF33,AMPLICON,PCR,METAGENOMIC,PAIRED,0,0,ILLUMINA,Illumina MiSeq,SRP107023,PRJNA386516,NA,386516,SRS2196839,SAMN06971498,simple,410661,mouse gut metagenome,33,NA,NA,NA,NA,NA,NA,no,NA,NA,NA,NA,UNIVERSITY OF UTAH - SCHOOL OF MEDICINE,SRA561703,NA,public,0E1A20214F93C8D1771274784404B944,CA4526EC7D4DE492697B0397E2425628,SRR5552302
SRR5552303,2017-06-13 13:47:18,2018-05-22 11:27:34,311222,186733200,311222,600,106,NA,https://sra-downloadb.be-md.ncbi.nlm.nih.gov/sos5/sra-pub-zq-14/SRR005/552/SRR5552303.sralite.1,SRX2818398,RF34,AMPLICON,PCR,METAGENOMIC,PAIRED,0,0,ILLUMINA,Illumina MiSeq,SRP107023,PRJNA386516,NA,386516,SRS2196840,SAMN06971499,simple,410661,mouse gut metagenome,34,NA,NA,NA,NA,NA,NA,no,NA,NA,NA,NA,UNIVERSITY OF UTAH - SCHOOL OF MEDICINE,SRA561703,NA,public,A5DEE3CB6EEF3D1986FBC35077A65035,7A176DECD6902A7F336D4E2B0685A555,SRR5552303
SRR5552304,2017-06-13 13:48:11,2018-05-22 11:27:09,281655,168993000,281655,600,96,NA,https://sra-downloadb.be-md.ncbi.nlm.nih.gov/sos5/sra-pub-zq-14/SRR005/552/SRR5552304.sralite.1,SRX2818397,RF31,AMPLICON,PCR,METAGENOMIC,PAIRED,0,0,ILLUMINA,Illumina MiSeq,SRP107023,PRJNA386516,NA,386516,SRS2196838,SAMN06971496,simple,410661,mouse gut metagenome,31,NA,NA,NA,NA,NA,NA,no,NA,NA,NA,NA,UNIVERSITY OF UTAH - SCHOOL OF MEDICINE,SRA561703,NA,public,2B0DC6F5629D7FD95FED27764C8F86EB,0FC2229E3B28FE7E9DF6B2A1A8428649,SRR5552304
SRR5552305,2017-06-13 13:49:11,2018-05-22 11:25:41,278283,166969800,278283,600,95,NA,https://sra-downloadb.be-md.ncbi.nlm.nih.gov/sos5/sra-pub-zq-14/SRR005/552/SRR5552305.sralite.1,SRX2818396,RF32,AMPLICON,PCR,METAGENOMIC,PAIRED,0,0,ILLUMINA,Illumina MiSeq,SRP107023,PRJNA386516,NA,386516,SRS2196835,SAMN06971497,simple,410661,mouse gut metagenome,32,NA,NA,NA,NA,NA,NA,no,NA,NA,NA,NA,UNIVERSITY OF UTAH - SCHOOL OF MEDICINE,SRA561703,NA,public,C37E087CD1B62BCF22B623D392BEF342,C444CA36FCA1382A7E3D92BAC3C3B59F,SRR5552305
SRR5552306,2017-06-13 14:00:24,2018-05-22 11:26:35,230146,138087600,230146,600,78,NA,https://sra-downloadb.be-md.ncbi.nlm.nih.gov/sos5/sra-pub-zq-14/SRR005/552/SRR5552306.sralite.1,SRX2818395,RF37,AMPLICON,PCR,METAGENOMIC,PAIRED,0,0,ILLUMINA,Illumina MiSeq,SRP107023,PRJNA386516,NA,386516,SRS2196836,SAMN06971502,simple,410661,mouse gut metagenome,37,NA,NA,NA,NA,NA,NA,no,NA,NA,NA,NA,UNIVERSITY OF UTAH - SCHOOL OF MEDICINE,SRA561703,NA,public,3B2ED2B48294C3654BBCC20E776337F6,65BB193952AEA943AFE86ACC3E74E8C6,SRR5552306
SRR5552307,2017-06-13 14:02:12,2018-05-22 11:27:07,215721,129432600,215721,600,73,NA,https://sra-downloadb.be-md.ncbi.nlm.nih.gov/sos5/sra-pub-zq-14/SRR005/552/SRR5552307.sralite.1,SRX2818394,RF38,AMPLICON,PCR,METAGENOMIC,PAIRED,0,0,ILLUMINA,Illumina MiSeq,SRP107023,PRJNA386516,NA,386516,SRS2196837,SAMN06971503,simple,410661,mouse gut metagenome,38,NA,NA,NA,NA,NA,NA,no,NA,NA,NA,NA,UNIVERSITY OF UTAH - SCHOOL OF MEDICINE,SRA561703,NA,public,2919C558242E500C82B3B0A685C2E85E,3454DE37496B5473227FEC710D68D977,SRR5552307
SRR5552308,2017-06-13 14:04:11,2018-05-22 11:26:01,211318,126790800,211318,600,71,NA,https://sra-downloadb.be-md.ncbi.nlm.nih.gov/sos5/sra-pub-zq-14/SRR005/552/SRR5552308.sralite.1,SRX2818393,RF35,AMPLICON,PCR,METAGENOMIC,PAIRED,0,0,ILLUMINA,Illumina MiSeq,SRP107023,PRJNA386516,NA,386516,SRS2196834,SAMN06971500,simple,410661,mouse gut metagenome,35,NA,NA,NA,NA,NA,NA,no,NA,NA,NA,NA,UNIVERSITY OF UTAH - SCHOOL OF MEDICINE,SRA561703,NA,public,8487B3B6FB18FA75D4041BED81865FC9,8A24F298FB3B103B6DFC8D565E14CA84,SRR5552308
SRR5552309,2017-06-13 14:07:25,2018-05-22 11:25:24,278990,167394000,278990,600,95,NA,https://sra-downloadb.be-md.ncbi.nlm.nih.gov/sos5/sra-pub-zq-14/SRR005/552/SRR5552309.sralite.1,SRX2818392,RF36,AMPLICON,PCR,METAGENOMIC,PAIRED,0,0,ILLUMINA,Illumina MiSeq,SRP107023,PRJNA386516,NA,386516,SRS2196833,SAMN06971501,simple,410661,mouse gut metagenome,36,NA,NA,NA,NA,NA,NA,no,NA,NA,NA,NA,UNIVERSITY OF UTAH - SCHOOL OF MEDICINE,SRA561703,NA,public,E62B95D9C31521F0206019BC96064AA4,5EC32B1B86176D5D69128D39EEC9EEF5,SRR5552309
SRR5552310,2017-06-13 14:11:12,2018-05-22 11:26:03,199819,119891400,199819,600,67,NA,https://sra-downloadb.be-md.ncbi.nlm.nih.gov/sos5/sra-pub-zq-14/SRR005/552/SRR5552310.sralite.1,SRX2818391,RF50,AMPLICON,PCR,METAGENOMIC,PAIRED,0,0,ILLUMINA,Illumina MiSeq,SRP107023,PRJNA386516,NA,386516,SRS2196832,SAMN06971515,simple,410661,mouse gut metagenome,50,NA,NA,NA,NA,NA,NA,no,NA,NA,NA,NA,UNIVERSITY OF UTAH - SCHOOL OF MEDICINE,SRA561703,NA,public,3671AF65C3BE3E0CB17900388B74FDAC,BB73368F09375EF6587036551CBDB6ED,SRR5552310
SRR5552311,2017-06-13 14:11:12,2018-05-22 11:25:07,227718,136630800,227718,600,77,NA,https://sra-downloadb.be-md.ncbi.nlm.nih.gov/sos5/sra-pub-zq-14/SRR005/552/SRR5552311.sralite.1,SRX2818390,RF49,AMPLICON,PCR,METAGENOMIC,PAIRED,0,0,ILLUMINA,Illumina MiSeq,SRP107023,PRJNA386516,NA,386516,SRS2196831,SAMN06971514,simple,410661,mouse gut metagenome,49,NA,NA,NA,NA,NA,NA,no,NA,NA,NA,NA,UNIVERSITY OF UTAH - SCHOOL OF MEDICINE,SRA561703,NA,public,40E53A69DB18D79CF28905B00A410AED,5A55C60E861D572BE5276F2C85124D29,SRR5552311
SRR5552312,2017-06-13 14:14:25,2018-05-22 11:24:58,185978,111586800,185978,600,63,NA,https://sra-downloadb.be-md.ncbi.nlm.nih.gov/sos5/sra-pub-zq-14/SRR005/552/SRR5552312.sralite.1,SRX2818389,RF48,AMPLICON,PCR,METAGENOMIC,PAIRED,0,0,ILLUMINA,Illumina MiSeq,SRP107023,PRJNA386516,NA,386516,SRS2196830,SAMN06971513,simple,410661,mouse gut metagenome,48,NA,NA,NA,NA,NA,NA,no,NA,NA,NA,NA,UNIVERSITY OF UTAH - SCHOOL OF MEDICINE,SRA561703,NA,public,FF100B5C3B6C548DBBD73900470CC2E2,276E7838009E7E4D66DE715C32D1E475,SRR5552312
SRR5552313,2017-06-13 14:19:11,2018-05-22 11:25:40,269784,161870400,269784,600,91,NA,https://sra-downloadb.be-md.ncbi.nlm.nih.gov/sos5/sra-pub-zq-14/SRR005/552/SRR5552313.sralite.1,SRX2818388,RF47,AMPLICON,PCR,METAGENOMIC,PAIRED,0,0,ILLUMINA,Illumina MiSeq,SRP107023,PRJNA386516,NA,386516,SRS2196829,SAMN06971512,simple,410661,mouse gut metagenome,47,NA,NA,NA,NA,NA,NA,no,NA,NA,NA,NA,UNIVERSITY OF UTAH - SCHOOL OF MEDICINE,SRA561703,NA,public,4A0D888F9FB48817EC84BD1231E05342,05DBD99DF64FA7B6D52A29B04814A989,SRR5552313
SRR5552314,2017-06-13 14:12:11,2018-05-22 11:25:29,116391,69834600,116391,600,39,NA,https://sra-downloadb.be-md.ncbi.nlm.nih.gov/sos5/sra-pub-zq-14/SRR005/552/SRR5552314.sralite.1,SRX2818387,RF46,AMPLICON,PCR,METAGENOMIC,PAIRED,0,0,ILLUMINA,Illumina MiSeq,SRP107023,PRJNA386516,NA,386516,SRS2196828,SAMN06971511,simple,410661,mouse gut metagenome,46,NA,NA,NA,NA,NA,NA,no,NA,NA,NA,NA,UNIVERSITY OF UTAH - SCHOOL OF MEDICINE,SRA561703,NA,public,F10266DCDD4438A8CA385EAEC9386425,721DD8D6ED50AD9BE504487B969D5531,SRR5552314
SRR5552315,2017-06-13 14:19:11,2018-05-22 11:25:49,175684,105410400,175684,600,59,NA,https://sra-downloadb.be-md.ncbi.nlm.nih.gov/sos5/sra-pub-zq-14/SRR005/552/SRR5552315.sralite.1,SRX2818386,RF45,AMPLICON,PCR,METAGENOMIC,PAIRED,0,0,ILLUMINA,Illumina MiSeq,SRP107023,PRJNA386516,NA,386516,SRS2196826,SAMN06971510,simple,410661,mouse gut metagenome,45,NA,NA,NA,NA,NA,NA,no,NA,NA,NA,NA,UNIVERSITY OF UTAH - SCHOOL OF MEDICINE,SRA561703,NA,public,398BA0DAD145DFF61AD8F9B7906D3919,BCCCD5F3CF685E9EFB4A9DF11D3086AC,SRR5552315
SRR5552316,2017-06-13 14:22:10,2018-05-22 11:26:19,188567,113140200,188567,600,63,NA,https://sra-downloadb.be-md.ncbi.nlm.nih.gov/sos5/sra-pub-zq-14/SRR005/552/SRR5552316.sralite.1,SRX2818385,RF44,AMPLICON,PCR,METAGENOMIC,PAIRED,0,0,ILLUMINA,Illumina MiSeq,SRP107023,PRJNA386516,NA,386516,SRS2196825,SAMN06971509,simple,410661,mouse gut metagenome,44,NA,NA,NA,NA,NA,NA,no,NA,NA,NA,NA,UNIVERSITY OF UTAH - SCHOOL OF MEDICINE,SRA561703,NA,public,46C7BE06F0F91463E6BDE9DBB11A5FAA,A0B96DB346B477977E0B55B00DE9D6DB,SRR5552316
SRR5552317,2017-06-13 14:22:10,2018-05-22 11:24:38,132096,79257600,132096,600,45,NA,https://sra-downloadb.be-md.ncbi.nlm.nih.gov/sos5/sra-pub-zq-14/SRR005/552/SRR5552317.sralite.1,SRX2818384,RF43,AMPLICON,PCR,METAGENOMIC,PAIRED,0,0,ILLUMINA,Illumina MiSeq,SRP107023,PRJNA386516,NA,386516,SRS2196827,SAMN06971508,simple,410661,mouse gut metagenome,43,NA,NA,NA,NA,NA,NA,no,NA,NA,NA,NA,UNIVERSITY OF UTAH - SCHOOL OF MEDICINE,SRA561703,NA,public,5FB1994980853A6F36A63889799C1279,7B5D7B667DBCD949CE7B0A5ED7509E7F,SRR5552317
SRR5552318,2017-06-13 14:26:12,2018-05-22 11:25:52,177417,106450200,177417,600,60,NA,https://sra-downloadb.be-md.ncbi.nlm.nih.gov/sos5/sra-pub-zq-14/SRR005/552/SRR5552318.sralite.1,SRX2818383,RF42,AMPLICON,PCR,METAGENOMIC,PAIRED,0,0,ILLUMINA,Illumina MiSeq,SRP107023,PRJNA386516,NA,386516,SRS2196824,SAMN06971507,simple,410661,mouse gut metagenome,42,NA,NA,NA,NA,NA,NA,no,NA,NA,NA,NA,UNIVERSITY OF UTAH - SCHOOL OF MEDICINE,SRA561703,NA,public,384DF2E7FD55A4DFE69C684FB90A5BD8,3E6C6AD29EF8ED77F77AB36AB06DA1F0,SRR5552318
SRR5552319,2017-06-13 14:28:25,2018-05-22 11:25:57,136368,81820800,136368,600,46,NA,https://sra-downloadb.be-md.ncbi.nlm.nih.gov/sos5/sra-pub-zq-14/SRR005/552/SRR5552319.sralite.1,SRX2818382,RF41,AMPLICON,PCR,METAGENOMIC,PAIRED,0,0,ILLUMINA,Illumina MiSeq,SRP107023,PRJNA386516,NA,386516,SRS2196823,SAMN06971506,simple,410661,mouse gut metagenome,41,NA,NA,NA,NA,NA,NA,no,NA,NA,NA,NA,UNIVERSITY OF UTAH - SCHOOL OF MEDICINE,SRA561703,NA,public,C4C0630D97A5FE372B43DF70800CEDBB,D2AE6AFD235C6F4DBAA54991A21E84A0,SRR5552319
SRR5552320,2017-06-13 14:32:25,2018-05-22 11:26:48,298831,179298600,298831,600,102,NA,https://sra-downloadb.be-md.ncbi.nlm.nih.gov/sos5/sra-pub-zq-14/SRR005/552/SRR5552320.sralite.1,SRX2818381,RF9,AMPLICON,PCR,METAGENOMIC,PAIRED,0,0,ILLUMINA,Illumina MiSeq,SRP107023,PRJNA386516,NA,386516,SRS2196822,SAMN06971474,simple,410661,mouse gut metagenome,9,NA,NA,NA,NA,NA,NA,no,NA,NA,NA,NA,UNIVERSITY OF UTAH - SCHOOL OF MEDICINE,SRA561703,NA,public,0032EAC42D0AEE98C04F95CC33D9CC0D,3807200E7B25DCA7817E5FCC27C7EDEF,SRR5552320
SRR5552321,2017-06-14 14:31:11,2018-05-22 11:25:20,268250,160950000,268250,600,91,NA,https://sra-downloadb.be-md.ncbi.nlm.nih.gov/sos5/sra-pub-zq-14/SRR005/552/SRR5552321.sralite.1,SRX2818380,RF10,AMPLICON,PCR,METAGENOMIC,PAIRED,0,0,ILLUMINA,Illumina MiSeq,SRP107023,PRJNA386516,NA,386516,SRS2196821,SAMN06971475,simple,410661,mouse gut metagenome,10,NA,NA,NA,NA,NA,NA,no,NA,NA,NA,NA,UNIVERSITY OF UTAH - SCHOOL OF MEDICINE,SRA561703,NA,public,5EE317120325644292AB7FAD869A9DA3,205259EEF96BB6EE4BA9AAD71F5896AB,SRR5552321
SRR5552322,2017-06-13 14:29:11,2018-05-22 11:25:34,224007,134404200,224007,600,76,NA,https://sra-downloadb.be-md.ncbi.nlm.nih.gov/sos5/sra-pub-zq-14/SRR005/552/SRR5552322.sralite.1,SRX2818379,RF1,AMPLICON,PCR,METAGENOMIC,PAIRED,0,0,ILLUMINA,Illumina MiSeq,SRP107023,PRJNA386516,NA,386516,SRS2196820,SAMN06971466,simple,410661,mouse gut metagenome,1,NA,NA,NA,NA,NA,NA,no,NA,NA,NA,NA,UNIVERSITY OF UTAH - SCHOOL OF MEDICINE,SRA561703,NA,public,C4C316921F00961A8952FA7BFF10EFAE,7BD882C920A027C5BBAA6CA17B43B804,SRR5552322
SRR5552323,2017-06-13 14:32:25,2018-05-22 11:26:01,202327,121396200,202327,600,69,NA,https://sra-downloadb.be-md.ncbi.nlm.nih.gov/sos5/sra-pub-zq-14/SRR005/552/SRR5552323.sralite.1,SRX2818378,RF2,AMPLICON,PCR,METAGENOMIC,PAIRED,0,0,ILLUMINA,Illumina MiSeq,SRP107023,PRJNA386516,NA,386516,SRS2196818,SAMN06971467,simple,410661,mouse gut metagenome,2,NA,NA,NA,NA,NA,NA,no,NA,NA,NA,NA,UNIVERSITY OF UTAH - SCHOOL OF MEDICINE,SRA561703,NA,public,B1B0AC60FD23068FD86650B16F27D0B0,96364884CF89D56A860A8724DFD48EB1,SRR5552323
SRR5552324,2017-06-13 14:35:29,2018-05-22 11:27:01,282949,169769400,282949,600,96,NA,https://sra-downloadb.be-md.ncbi.nlm.nih.gov/sos5/sra-pub-zq-14/SRR005/552/SRR5552324.sralite.1,SRX2818377,RF3,AMPLICON,PCR,METAGENOMIC,PAIRED,0,0,ILLUMINA,Illumina MiSeq,SRP107023,PRJNA386516,NA,386516,SRS2196817,SAMN06971468,simple,410661,mouse gut metagenome,3,NA,NA,NA,NA,NA,NA,no,NA,NA,NA,NA,UNIVERSITY OF UTAH - SCHOOL OF MEDICINE,SRA561703,NA,public,24209A6440933670C5EAE5DAC63CEF3F,49E96991EE3D3EBAE179268CCBDD1A5A,SRR5552324
SRR5552325,2017-06-13 14:38:20,2018-05-22 11:25:37,300206,180123600,300206,600,102,NA,https://sra-downloadb.be-md.ncbi.nlm.nih.gov/sos5/sra-pub-zq-14/SRR005/552/SRR5552325.sralite.1,SRX2818376,RF4,AMPLICON,PCR,METAGENOMIC,PAIRED,0,0,ILLUMINA,Illumina MiSeq,SRP107023,PRJNA386516,NA,386516,SRS2196819,SAMN06971469,simple,410661,mouse gut metagenome,4,NA,NA,NA,NA,NA,NA,no,NA,NA,NA,NA,UNIVERSITY OF UTAH - SCHOOL OF MEDICINE,SRA561703,NA,public,392014A2AC9C3BC7A4DF68FC067E2CBE,CF17E9082CD527B70338E60524172818,SRR5552325
SRR5552326,2017-06-13 14:43:11,2018-05-22 11:26:33,227934,136760400,227934,600,77,NA,https://sra-downloadb.be-md.ncbi.nlm.nih.gov/sos5/sra-pub-zq-14/SRR005/552/SRR5552326.sralite.1,SRX2818375,RF5,AMPLICON,PCR,METAGENOMIC,PAIRED,0,0,ILLUMINA,Illumina MiSeq,SRP107023,PRJNA386516,NA,386516,SRS2196816,SAMN06971470,simple,410661,mouse gut metagenome,5,NA,NA,NA,NA,NA,NA,no,NA,NA,NA,NA,UNIVERSITY OF UTAH - SCHOOL OF MEDICINE,SRA561703,NA,public,E5C1B6E319C45BBA86E1B95D99202F39,6FF9795006EB325C357B85F3099879B6,SRR5552326
SRR5552327,2017-06-13 14:49:11,2018-05-22 11:26:20,255576,153345600,255576,600,87,NA,https://sra-downloadb.be-md.ncbi.nlm.nih.gov/sos5/sra-pub-zq-14/SRR005/552/SRR5552327.sralite.1,SRX2818374,RF6,AMPLICON,PCR,METAGENOMIC,PAIRED,0,0,ILLUMINA,Illumina MiSeq,SRP107023,PRJNA386516,NA,386516,SRS2196815,SAMN06971471,simple,410661,mouse gut metagenome,6,NA,NA,NA,NA,NA,NA,no,NA,NA,NA,NA,UNIVERSITY OF UTAH - SCHOOL OF MEDICINE,SRA561703,NA,public,F1AE3FB05D055A5619C1E3E22118B414,498AE17678B2FBE1BC14E0592DE5C853,SRR5552327
SRR5552328,2017-06-13 14:51:12,2018-05-22 11:25:48,285975,171585000,285975,600,97,NA,https://sra-downloadb.be-md.ncbi.nlm.nih.gov/sos5/sra-pub-zq-14/SRR005/552/SRR5552328.sralite.1,SRX2818373,RF7,AMPLICON,PCR,METAGENOMIC,PAIRED,0,0,ILLUMINA,Illumina MiSeq,SRP107023,PRJNA386516,NA,386516,SRS2196813,SAMN06971472,simple,410661,mouse gut metagenome,7,NA,NA,NA,NA,NA,NA,no,NA,NA,NA,NA,UNIVERSITY OF UTAH - SCHOOL OF MEDICINE,SRA561703,NA,public,8D6137E497FBCA119DF2EFFF5B07629E,9D51424FF51CF57C8490246E9A3AE183,SRR5552328
SRR5552329,2017-06-13 15:13:11,2018-05-22 11:26:39,258094,154856400,258094,600,87,NA,https://sra-downloadb.be-md.ncbi.nlm.nih.gov/sos5/sra-pub-zq-14/SRR005/552/SRR5552329.sralite.1,SRX2818372,RF8,AMPLICON,PCR,METAGENOMIC,PAIRED,0,0,ILLUMINA,Illumina MiSeq,SRP107023,PRJNA386516,NA,386516,SRS2196814,SAMN06971473,simple,410661,mouse gut metagenome,8,NA,NA,NA,NA,NA,NA,no,NA,NA,NA,NA,UNIVERSITY OF UTAH - SCHOOL OF MEDICINE,SRA561703,NA,public,BF49830875B104F8A363AFD364ECC3AE,3C99A5BDCB5BADE6F0461FBB34323A80,SRR5552329
SRR5552330,2017-06-13 14:56:11,2018-05-22 11:26:37,153111,91866600,153111,600,52,NA,https://sra-downloadb.be-md.ncbi.nlm.nih.gov/sos5/sra-pub-zq-14/SRR005/552/SRR5552330.sralite.1,SRX2818371,RF59,AMPLICON,PCR,METAGENOMIC,PAIRED,0,0,ILLUMINA,Illumina MiSeq,SRP107023,PRJNA386516,NA,386516,SRS2196812,SAMN06971524,simple,410661,mouse gut metagenome,59,NA,NA,NA,NA,NA,NA,no,NA,NA,NA,NA,UNIVERSITY OF UTAH - SCHOOL OF MEDICINE,SRA561703,NA,public,195087B1EC2E012527DB6D604FB1F07B,B594D7E8E3D6572D09A0993FCA17F6C8,SRR5552330
SRR5552331,2017-06-13 15:15:16,2018-05-22 11:24:57,229954,137972400,229954,600,78,NA,https://sra-downloadb.be-md.ncbi.nlm.nih.gov/sos5/sra-pub-zq-14/SRR005/552/SRR5552331.sralite.1,SRX2818370,RF60,AMPLICON,PCR,METAGENOMIC,PAIRED,0,0,ILLUMINA,Illumina MiSeq,SRP107023,PRJNA386516,NA,386516,SRS2196809,SAMN06971525,simple,410661,mouse gut metagenome,60,NA,NA,NA,NA,NA,NA,no,NA,NA,NA,NA,UNIVERSITY OF UTAH - SCHOOL OF MEDICINE,SRA561703,NA,public,482DE99E2DBD588B7DBF01657F18CD16,161C4F367F3E3BF13D3D06DA22647D6E,SRR5552331
SRR5552332,2017-06-13 15:05:11,2018-05-22 11:25:55,191700,115020000,191700,600,64,NA,https://sra-downloadb.be-md.ncbi.nlm.nih.gov/sos5/sra-pub-zq-14/SRR005/552/SRR5552332.sralite.1,SRX2818369,RF51,AMPLICON,PCR,METAGENOMIC,PAIRED,0,0,ILLUMINA,Illumina MiSeq,SRP107023,PRJNA386516,NA,386516,SRS2196811,SAMN06971516,simple,410661,mouse gut metagenome,51,NA,NA,NA,NA,NA,NA,no,NA,NA,NA,NA,UNIVERSITY OF UTAH - SCHOOL OF MEDICINE,SRA561703,NA,public,B53CE6D5F31C4B18462DCA5615886F63,9E875B96216031C08E309D8A99B1E418,SRR5552332
SRR5552333,2017-06-13 15:19:13,2018-05-22 11:24:42,161103,96661800,161103,600,54,NA,https://sra-downloadb.be-md.ncbi.nlm.nih.gov/sos5/sra-pub-zq-14/SRR005/552/SRR5552333.sralite.1,SRX2818368,RF52,AMPLICON,PCR,METAGENOMIC,PAIRED,0,0,ILLUMINA,Illumina MiSeq,SRP107023,PRJNA386516,NA,386516,SRS2196810,SAMN06971517,simple,410661,mouse gut metagenome,52,NA,NA,NA,NA,NA,NA,no,NA,NA,NA,NA,UNIVERSITY OF UTAH - SCHOOL OF MEDICINE,SRA561703,NA,public,AE48DDDE0C397E65133A14213CA4D950,43426C9D12FA9EDE3FD57E486CE4D7DD,SRR5552333
SRR5552334,2017-06-13 15:15:16,2018-05-22 11:25:57,195105,117063000,195105,600,65,NA,https://sra-downloadb.be-md.ncbi.nlm.nih.gov/sos5/sra-pub-zq-14/SRR005/552/SRR5552334.sralite.1,SRX2818367,RF53,AMPLICON,PCR,METAGENOMIC,PAIRED,0,0,ILLUMINA,Illumina MiSeq,SRP107023,PRJNA386516,NA,386516,SRS2196808,SAMN06971518,simple,410661,mouse gut metagenome,53,NA,NA,NA,NA,NA,NA,no,NA,NA,NA,NA,UNIVERSITY OF UTAH - SCHOOL OF MEDICINE,SRA561703,NA,public,6F74B6071C35FD01EAD0E27F73BE5940,7F70709F224F4148114D6E0BBFB35574,SRR5552334
SRR5552335,2017-06-13 15:08:24,2018-05-22 11:26:38,216835,130101000,216835,600,73,NA,https://sra-downloadb.be-md.ncbi.nlm.nih.gov/sos5/sra-pub-zq-14/SRR005/552/SRR5552335.sralite.1,SRX2818366,RF54,AMPLICON,PCR,METAGENOMIC,PAIRED,0,0,ILLUMINA,Illumina MiSeq,SRP107023,PRJNA386516,NA,386516,SRS2196807,SAMN06971519,simple,410661,mouse gut metagenome,54,NA,NA,NA,NA,NA,NA,no,NA,NA,NA,NA,UNIVERSITY OF UTAH - SCHOOL OF MEDICINE,SRA561703,NA,public,943D684991E225B1241CF93A4BD54ECE,37022F44B09AAA843C15E97F5D002704,SRR5552335
SRR5552336,2017-06-13 15:12:11,2018-05-22 11:25:28,220211,132126600,220211,600,74,NA,https://sra-downloadb.be-md.ncbi.nlm.nih.gov/sos5/sra-pub-zq-14/SRR005/552/SRR5552336.sralite.1,SRX2818365,RF55,AMPLICON,PCR,METAGENOMIC,PAIRED,0,0,ILLUMINA,Illumina MiSeq,SRP107023,PRJNA386516,NA,386516,SRS2196806,SAMN06971520,simple,410661,mouse gut metagenome,55,NA,NA,NA,NA,NA,NA,no,NA,NA,NA,NA,UNIVERSITY OF UTAH - SCHOOL OF MEDICINE,SRA561703,NA,public,C487954C83989E40E05A94AD70DFE87E,ABA08967631FF275024EC8BE45B8ACF0,SRR5552336
SRR5552337,2017-06-13 15:17:11,2018-05-22 11:24:50,276863,166117800,276863,600,94,NA,https://sra-downloadb.be-md.ncbi.nlm.nih.gov/sos5/sra-pub-zq-14/SRR005/552/SRR5552337.sralite.1,SRX2818364,RF56,AMPLICON,PCR,METAGENOMIC,PAIRED,0,0,ILLUMINA,Illumina MiSeq,SRP107023,PRJNA386516,NA,386516,SRS2196805,SAMN06971521,simple,410661,mouse gut metagenome,56,NA,NA,NA,NA,NA,NA,no,NA,NA,NA,NA,UNIVERSITY OF UTAH - SCHOOL OF MEDICINE,SRA561703,NA,public,EDF3F6260F35A1771780B71BC89B83FD,57B4F3F8A18176F6D97DA0C685420C25,SRR5552337
SRR5552338,2017-06-13 15:16:11,2018-05-22 11:26:34,143255,85953000,143255,600,48,NA,https://sra-downloadb.be-md.ncbi.nlm.nih.gov/sos5/sra-pub-zq-14/SRR005/552/SRR5552338.sralite.1,SRX2818363,RF57,AMPLICON,PCR,METAGENOMIC,PAIRED,0,0,ILLUMINA,Illumina MiSeq,SRP107023,PRJNA386516,NA,386516,SRS2196804,SAMN06971522,simple,410661,mouse gut metagenome,57,NA,NA,NA,NA,NA,NA,no,NA,NA,NA,NA,UNIVERSITY OF UTAH - SCHOOL OF MEDICINE,SRA561703,NA,public,DBDE4BC5B7A4324D103844FBAC563DD9,5FA64A1A644AF3E4CC62BAEDB09339BD,SRR5552338
SRR5552339,2017-06-14 14:31:11,2018-05-22 11:24:50,240775,144465000,240775,600,81,NA,https://sra-downloadb.be-md.ncbi.nlm.nih.gov/sos5/sra-pub-zq-14/SRR005/552/SRR5552339.sralite.1,SRX2818362,RF58,AMPLICON,PCR,METAGENOMIC,PAIRED,0,0,ILLUMINA,Illumina MiSeq,SRP107023,PRJNA386516,NA,386516,SRS2196802,SAMN06971523,simple,410661,mouse gut metagenome,58,NA,NA,NA,NA,NA,NA,no,NA,NA,NA,NA,UNIVERSITY OF UTAH - SCHOOL OF MEDICINE,SRA561703,NA,public,C5BD806C383BCC106C7A3E64899C9406,CFBA3582C725A795E1852507948C454A,SRR5552339
SRR5552340,2017-06-02 11:56:14,2018-05-22 11:27:49,212204,127322400,212204,600,67,NA,https://sra-downloadb.be-md.ncbi.nlm.nih.gov/sos5/sra-pub-zq-14/SRR005/552/SRR5552340.sralite.1,SRX2818361,RF151118_6,AMPLICON,PCR,METAGENOMIC,PAIRED,0,0,ILLUMINA,Illumina MiSeq,SRP107023,PRJNA386516,NA,386516,SRS2196801,SAMN06971531,simple,410661,mouse gut metagenome,RF151118_6,NA,NA,NA,NA,NA,NA,no,NA,NA,NA,NA,UNIVERSITY OF UTAH - SCHOOL OF MEDICINE,SRA561703,NA,public,F35A993D44752CC51A3CAA4F97CEBB42,ABBBB64F162DC30EE16D66D2C5590172,SRR5552340
SRR5552341,2017-06-02 11:49:15,2018-05-22 11:27:28,211197,126718200,211197,600,67,NA,https://sra-downloadb.be-md.ncbi.nlm.nih.gov/sos5/sra-pub-zq-14/SRR005/552/SRR5552341.sralite.1,SRX2818360,RF151118_5,AMPLICON,PCR,METAGENOMIC,PAIRED,0,0,ILLUMINA,Illumina MiSeq,SRP107023,PRJNA386516,NA,386516,SRS2196803,SAMN06971530,simple,410661,mouse gut metagenome,RF151118_5,NA,NA,NA,NA,NA,NA,no,NA,NA,NA,NA,UNIVERSITY OF UTAH - SCHOOL OF MEDICINE,SRA561703,NA,public,51E49DDFDE4080B1421AA12B8B0016D2,382CA5980623D54C9DFFE05093E1C9EA,SRR5552341
SRR5552342,2017-06-02 11:50:15,2018-05-22 11:27:26,217694,130616400,217694,600,69,NA,https://sra-downloadb.be-md.ncbi.nlm.nih.gov/sos5/sra-pub-zq-14/SRR005/552/SRR5552342.sralite.1,SRX2818359,RF151118_8,AMPLICON,PCR,METAGENOMIC,PAIRED,0,0,ILLUMINA,Illumina MiSeq,SRP107023,PRJNA386516,NA,386516,SRS2196800,SAMN06971533,simple,410661,mouse gut metagenome,RF151118_8,NA,NA,NA,NA,NA,NA,no,NA,NA,NA,NA,UNIVERSITY OF UTAH - SCHOOL OF MEDICINE,SRA561703,NA,public,E4004C4C7C817E2E16AD04E62714D37F,08E2E0D822BB557501BAA1C9D324D83D,SRR5552342
SRR5552343,2017-06-02 11:49:15,2018-05-22 11:28:11,229867,137920200,229867,600,74,NA,https://sra-downloadb.be-md.ncbi.nlm.nih.gov/sos5/sra-pub-zq-14/SRR005/552/SRR5552343.sralite.1,SRX2818358,RF151118_7,AMPLICON,PCR,METAGENOMIC,PAIRED,0,0,ILLUMINA,Illumina MiSeq,SRP107023,PRJNA386516,NA,386516,SRS2196799,SAMN06971532,simple,410661,mouse gut metagenome,RF151118_7,NA,NA,NA,NA,NA,NA,no,NA,NA,NA,NA,UNIVERSITY OF UTAH - SCHOOL OF MEDICINE,SRA561703,NA,public,15ABC7551ECC34B000F601CB56C9088D,97E3883DF45E3096561A634BA0AB2565,SRR5552343
SRR5552344,2017-06-02 11:47:16,2018-05-22 11:26:59,174683,104809800,174683,600,55,NA,https://sra-downloadb.be-md.ncbi.nlm.nih.gov/sos5/sra-pub-zq-14/SRR005/552/SRR5552344.sralite.1,SRX2818357,RF151118_2,AMPLICON,PCR,METAGENOMIC,PAIRED,0,0,ILLUMINA,Illumina MiSeq,SRP107023,PRJNA386516,NA,386516,SRS2196798,SAMN06971527,simple,410661,mouse gut metagenome,RF151118_2,NA,NA,NA,NA,NA,NA,no,NA,NA,NA,NA,UNIVERSITY OF UTAH - SCHOOL OF MEDICINE,SRA561703,NA,public,BC45005C46B2602526773D29C2E48713,B1721ACB0776CD38F9A34E9C5AA6A084,SRR5552344
SRR5552345,2017-06-02 11:47:16,2018-05-22 11:28:15,263974,158384400,263974,600,83,NA,https://sra-downloadb.be-md.ncbi.nlm.nih.gov/sos5/sra-pub-zq-14/SRR005/552/SRR5552345.sralite.1,SRX2818356,RF151118_1,AMPLICON,PCR,METAGENOMIC,PAIRED,0,0,ILLUMINA,Illumina MiSeq,SRP107023,PRJNA386516,NA,386516,SRS2196797,SAMN06971526,simple,410661,mouse gut metagenome,RF151118_1,NA,NA,NA,NA,NA,NA,no,NA,NA,NA,NA,UNIVERSITY OF UTAH - SCHOOL OF MEDICINE,SRA561703,NA,public,FC731EDC582DEA677ECDE26C65E6EC89,4F6F2980C3FF9FCDF5413161BD69BCD2,SRR5552345
SRR5552346,2017-06-02 11:47:16,2018-05-22 11:27:54,153197,91918200,153197,600,49,NA,https://sra-downloadb.be-md.ncbi.nlm.nih.gov/sos5/sra-pub-zq-14/SRR005/552/SRR5552346.sralite.1,SRX2818355,RF151118_4,AMPLICON,PCR,METAGENOMIC,PAIRED,0,0,ILLUMINA,Illumina MiSeq,SRP107023,PRJNA386516,NA,386516,SRS2196796,SAMN06971529,simple,410661,mouse gut metagenome,RF151118_4,NA,NA,NA,NA,NA,NA,no,NA,NA,NA,NA,UNIVERSITY OF UTAH - SCHOOL OF MEDICINE,SRA561703,NA,public,56CE7899187F61651A3BCCE82B9002D2,F36D4A3AD5AB1F6B759768D6607323BF,SRR5552346
SRR5552347,2017-06-02 11:48:14,2018-05-22 11:27:56,210763,126457800,210763,600,67,NA,https://sra-downloadb.be-md.ncbi.nlm.nih.gov/sos5/sra-pub-zq-14/SRR005/552/SRR5552347.sralite.1,SRX2818354,RF151118_3,AMPLICON,PCR,METAGENOMIC,PAIRED,0,0,ILLUMINA,Illumina MiSeq,SRP107023,PRJNA386516,NA,386516,SRS2196791,SAMN06971528,simple,410661,mouse gut metagenome,RF151118_3,NA,NA,NA,NA,NA,NA,no,NA,NA,NA,NA,UNIVERSITY OF UTAH - SCHOOL OF MEDICINE,SRA561703,NA,public,D41E39F5D466865CB831D68CB868CD22,DAEE772A506DA32C56D0FB2C4539B572,SRR5552347
SRR5552348,2017-06-02 11:50:15,2018-05-22 11:27:37,317680,190608000,317680,600,100,NA,https://sra-downloadb.be-md.ncbi.nlm.nih.gov/sos5/sra-pub-zq-14/SRR005/552/SRR5552348.sralite.1,SRX2818353,RF151118_10,AMPLICON,PCR,METAGENOMIC,PAIRED,0,0,ILLUMINA,Illumina MiSeq,SRP107023,PRJNA386516,NA,386516,SRS2196793,SAMN06971535,simple,410661,mouse gut metagenome,RF151118_10,NA,NA,NA,NA,NA,NA,no,NA,NA,NA,NA,UNIVERSITY OF UTAH - SCHOOL OF MEDICINE,SRA561703,NA,public,09FF7EE215FD1EF0AEBA6794CDA74AD9,3786EABF40A8D89CE606489C8C3C3B91,SRR5552348
SRR5552349,2017-06-02 11:47:16,2018-05-22 11:26:51,139719,83831400,139719,600,44,NA,https://sra-downloadb.be-md.ncbi.nlm.nih.gov/sos5/sra-pub-zq-14/SRR005/552/SRR5552349.sralite.1,SRX2818352,RF151118_9,AMPLICON,PCR,METAGENOMIC,PAIRED,0,0,ILLUMINA,Illumina MiSeq,SRP107023,PRJNA386516,NA,386516,SRS2196794,SAMN06971534,simple,410661,mouse gut metagenome,RF151118_9,NA,NA,NA,NA,NA,NA,no,NA,NA,NA,NA,UNIVERSITY OF UTAH - SCHOOL OF MEDICINE,SRA561703,NA,public,D396FF1CCF2BFCA641B73C396FE27BDA,2EEA2D34E1740DEF28234A82FB7D82B4,SRR5552349
SRR5552350,2017-06-02 11:47:16,2018-05-22 11:26:50,141492,84895200,0,600,44,NA,https://sra-downloadb.be-md.ncbi.nlm.nih.gov/sos5/sra-pub-zq-14/SRR005/552/SRR5552350.sralite.1,SRX2818351,RF151118_17,AMPLICON,PCR,METAGENOMIC,PAIRED,0,0,ILLUMINA,Illumina MiSeq,SRP107023,PRJNA386516,NA,386516,SRS2196795,SAMN06971542,simple,410661,mouse gut metagenome,RF151118_17,NA,NA,NA,NA,NA,NA,no,NA,NA,NA,NA,UNIVERSITY OF UTAH - SCHOOL OF MEDICINE,SRA561703,NA,public,NA,NA,SRR5552350
SRR5552351,2017-06-02 11:49:15,2018-05-22 11:27:18,253633,152179800,253633,600,80,NA,https://sra-downloadb.be-md.ncbi.nlm.nih.gov/sos5/sra-pub-zq-14/SRR005/552/SRR5552351.sralite.1,SRX2818350,RF151118_18,AMPLICON,PCR,METAGENOMIC,PAIRED,0,0,ILLUMINA,Illumina MiSeq,SRP107023,PRJNA386516,NA,386516,SRS2196790,SAMN06971543,simple,410661,mouse gut metagenome,RF151118_18,NA,NA,NA,NA,NA,NA,no,NA,NA,NA,NA,UNIVERSITY OF UTAH - SCHOOL OF MEDICINE,SRA561703,NA,public,74AA0D8C1A745D4A7C130E95B784717E,EC2C47C6BA2AE6D500871772B6A618D2,SRR5552351
SRR5552352,2017-06-02 11:50:15,2018-05-22 11:28:50,353581,212148600,353581,600,111,NA,https://sra-downloadb.be-md.ncbi.nlm.nih.gov/sos5/sra-pub-zq-14/SRR005/552/SRR5552352.sralite.1,SRX2818349,RF151118_15,AMPLICON,PCR,METAGENOMIC,PAIRED,0,0,ILLUMINA,Illumina MiSeq,SRP107023,PRJNA386516,NA,386516,SRS2196792,SAMN06971540,simple,410661,mouse gut metagenome,RF151118_15,NA,NA,NA,NA,NA,NA,no,NA,NA,NA,NA,UNIVERSITY OF UTAH - SCHOOL OF MEDICINE,SRA561703,NA,public,4D00632140DC6C6345E149213A2A6F7B,FAC67AF6155164D4529C1A5D4F9A1A6E,SRR5552352
SRR5552353,2017-06-02 11:50:15,2018-05-22 11:28:19,300813,180487800,300813,600,95,NA,https://sra-downloadb.be-md.ncbi.nlm.nih.gov/sos5/sra-pub-zq-14/SRR005/552/SRR5552353.sralite.1,SRX2818348,RF151118_16,AMPLICON,PCR,METAGENOMIC,PAIRED,0,0,ILLUMINA,Illumina MiSeq,SRP107023,PRJNA386516,NA,386516,SRS2196789,SAMN06971541,simple,410661,mouse gut metagenome,RF151118_16,NA,NA,NA,NA,NA,NA,no,NA,NA,NA,NA,UNIVERSITY OF UTAH - SCHOOL OF MEDICINE,SRA561703,NA,public,FEED2CE60B600137E12BD1E0EB94C562,FB4AD23BC49CDECEB1FE08ECF3931508,SRR5552353
SRR5552354,2017-06-02 11:48:14,2018-05-22 11:27:59,262968,157780800,262968,600,82,NA,https://sra-downloadb.be-md.ncbi.nlm.nih.gov/sos5/sra-pub-zq-14/SRR005/552/SRR5552354.sralite.1,SRX2818347,RF151118_13,AMPLICON,PCR,METAGENOMIC,PAIRED,0,0,ILLUMINA,Illumina MiSeq,SRP107023,PRJNA386516,NA,386516,SRS2196787,SAMN06971538,simple,410661,mouse gut metagenome,RF151118_13,NA,NA,NA,NA,NA,NA,no,NA,NA,NA,NA,UNIVERSITY OF UTAH - SCHOOL OF MEDICINE,SRA561703,NA,public,080D8F0C618569733CACD2BD4E707074,DE32F344304FC74C1DA776AF3F1F9028,SRR5552354
SRR5552355,2017-06-02 11:48:14,2018-05-22 11:27:25,193487,116092200,193487,600,61,NA,https://sra-downloadb.be-md.ncbi.nlm.nih.gov/sos5/sra-pub-zq-14/SRR005/552/SRR5552355.sralite.1,SRX2818346,RF151118_14,AMPLICON,PCR,METAGENOMIC,PAIRED,0,0,ILLUMINA,Illumina MiSeq,SRP107023,PRJNA386516,NA,386516,SRS2196786,SAMN06971539,simple,410661,mouse gut metagenome,RF151118_14,NA,NA,NA,NA,NA,NA,no,NA,NA,NA,NA,UNIVERSITY OF UTAH - SCHOOL OF MEDICINE,SRA561703,NA,public,5E29BE9F864487E6349DD05B7BAFF092,4EDB3459EEE6913361C54D40E59FA921,SRR5552355
SRR5552356,2017-06-02 11:50:15,2018-05-22 11:28:02,215664,129398400,215664,600,68,NA,https://sra-downloadb.be-md.ncbi.nlm.nih.gov/sos5/sra-pub-zq-14/SRR005/552/SRR5552356.sralite.1,SRX2818345,RF151118_11,AMPLICON,PCR,METAGENOMIC,PAIRED,0,0,ILLUMINA,Illumina MiSeq,SRP107023,PRJNA386516,NA,386516,SRS2196784,SAMN06971536,simple,410661,mouse gut metagenome,RF151118_11,NA,NA,NA,NA,NA,NA,no,NA,NA,NA,NA,UNIVERSITY OF UTAH - SCHOOL OF MEDICINE,SRA561703,NA,public,BBB640464920E2460E873B5115994517,C6F82A0667B9BF1829EC7DFCD7102DC0,SRR5552356
SRR5552357,2017-06-02 11:49:15,2018-05-22 11:28:24,219004,131402400,219004,600,70,NA,https://sra-downloadb.be-md.ncbi.nlm.nih.gov/sos5/sra-pub-zq-14/SRR005/552/SRR5552357.sralite.1,SRX2818344,RF151118_12,AMPLICON,PCR,METAGENOMIC,PAIRED,0,0,ILLUMINA,Illumina MiSeq,SRP107023,PRJNA386516,NA,386516,SRS2196783,SAMN06971537,simple,410661,mouse gut metagenome,RF151118_12,NA,NA,NA,NA,NA,NA,no,NA,NA,NA,NA,UNIVERSITY OF UTAH - SCHOOL OF MEDICINE,SRA561703,NA,public,3FDD5083BDE964BD3B4AD6B92F88EFD8,405A78A26BAB6A1747046FB197330E2F,SRR5552357
SRR5552358,2017-06-02 11:49:15,2018-05-22 11:26:56,183572,110143200,183572,600,57,NA,https://sra-downloadb.be-md.ncbi.nlm.nih.gov/sos5/sra-pub-zq-14/SRR005/552/SRR5552358.sralite.1,SRX2818343,RF151118_19,AMPLICON,PCR,METAGENOMIC,PAIRED,0,0,ILLUMINA,Illumina MiSeq,SRP107023,PRJNA386516,NA,386516,SRS2196785,SAMN06971544,simple,410661,mouse gut metagenome,RF151118_19,NA,NA,NA,NA,NA,NA,no,NA,NA,NA,NA,UNIVERSITY OF UTAH - SCHOOL OF MEDICINE,SRA561703,NA,public,D8988B52BF2AB02CACD04B4E9455B92F,9AC09C0695236EB7AAF1B6BEC4676FB6,SRR5552358
SRR5552359,2017-06-02 11:51:23,2018-05-22 11:27:29,183510,110106000,183510,600,58,NA,https://sra-downloadb.be-md.ncbi.nlm.nih.gov/sos5/sra-pub-zq-14/SRR005/552/SRR5552359.sralite.1,SRX2818342,RF151118_20,AMPLICON,PCR,METAGENOMIC,PAIRED,0,0,ILLUMINA,Illumina MiSeq,SRP107023,PRJNA386516,NA,386516,SRS2196788,SAMN06971545,simple,410661,mouse gut metagenome,RF151118_20,NA,NA,NA,NA,NA,NA,no,NA,NA,NA,NA,UNIVERSITY OF UTAH - SCHOOL OF MEDICINE,SRA561703,NA,public,D63A72E4192CC72B8F9D93F4BFE2F983,89B4F1981057DB24A2311AB7147733FB,SRR5552359
SRR5838622,2017-11-01 00:01:53,2017-07-18 18:54:40,165782,83222564,165782,502,41,NA,https://sra-downloadb.be-md.ncbi.nlm.nih.gov/sos5/sra-pub-zq-14/SRR005/838/SRR5838622.sralite.1,SRX3014885,PB117,AMPLICON,PCR,METAGENOMIC,PAIRED,0,0,ILLUMINA,Illumina MiSeq,SRP112770,PRJNA394874,NA,394874,SRS2364576,SAMN07362416,simple,10090,Mus musculus,PB117,NA,NA,NA,NA,male,NA,no,NA,NA,NA,NA,MCMASTER UNIVERSITY,SRA588598,NA,public,D758C62ABFDFC6C85973F6288A9559BD,FEB4101672A53BD600B9693223C09D7B,SRR5838622
SRR5838623,2017-11-01 00:01:53,2017-07-18 18:54:38,89207,44781914,89207,502,22,NA,https://sra-downloadb.be-md.ncbi.nlm.nih.gov/sos5/sra-pub-zq-14/SRR005/838/SRR5838623.sralite.1,SRX3014884,PB118,AMPLICON,PCR,METAGENOMIC,PAIRED,0,0,ILLUMINA,Illumina MiSeq,SRP112770,PRJNA394874,NA,394874,SRS2364574,SAMN07362417,simple,10090,Mus musculus,PB118,NA,NA,NA,NA,female,NA,no,NA,NA,NA,NA,MCMASTER UNIVERSITY,SRA588598,NA,public,664043B2F1CA1848D31653E409C3BFD6,EEFC7701C73CD10F1506084196681EEB,SRR5838623
SRR5838624,2017-11-01 00:01:53,2017-07-18 18:54:39,128108,64310216,128108,502,31,NA,https://sra-downloadb.be-md.ncbi.nlm.nih.gov/sos5/sra-pub-zq-14/SRR005/838/SRR5838624.sralite.1,SRX3014883,PB111,AMPLICON,PCR,METAGENOMIC,PAIRED,0,0,ILLUMINA,Illumina MiSeq,SRP112770,PRJNA394874,NA,394874,SRS2364575,SAMN07362410,simple,10090,Mus musculus,PB111,NA,NA,NA,NA,male,NA,no,NA,NA,NA,NA,MCMASTER UNIVERSITY,SRA588598,NA,public,B08750A4EA37991736771DA0361FE874,10847F2726183134E039E3A781D11157,SRR5838624
SRR5838625,2017-11-01 00:01:53,2017-07-18 18:54:43,190456,95608912,190456,502,48,NA,https://sra-downloadb.be-md.ncbi.nlm.nih.gov/sos5/sra-pub-zq-14/SRR005/838/SRR5838625.sralite.1,SRX3014882,PB112,AMPLICON,PCR,METAGENOMIC,PAIRED,0,0,ILLUMINA,Illumina MiSeq,SRP112770,PRJNA394874,NA,394874,SRS2364573,SAMN07362411,simple,10090,Mus musculus,PB112,NA,NA,NA,NA,male,NA,no,NA,NA,NA,NA,MCMASTER UNIVERSITY,SRA588598,NA,public,3FB438F77C1F9BE3427B74E2BA3502C0,6690C0C67DE4B4ABB7F0D0CAB9023F1A,SRR5838625
SRR5838626,2017-11-01 00:01:53,2017-07-18 18:54:40,86607,43476714,86607,502,21,NA,https://sra-downloadb.be-md.ncbi.nlm.nih.gov/sos5/sra-pub-zq-14/SRR005/838/SRR5838626.sralite.1,SRX3014881,PB197,AMPLICON,PCR,METAGENOMIC,PAIRED,0,0,ILLUMINA,Illumina MiSeq,SRP112770,PRJNA394874,NA,394874,SRS2364572,SAMN07362408,simple,10090,Mus musculus,PB197,NA,NA,NA,NA,male,NA,no,NA,NA,NA,NA,MCMASTER UNIVERSITY,SRA588598,NA,public,1F40EA127A72F7F3605118BB074D0CDF,090D5731C88145289FE66FDD5E3180DD,SRR5838626
SRR5838627,2017-11-01 00:01:53,2017-07-18 18:54:39,72700,36495400,72700,502,18,NA,https://sra-downloadb.be-md.ncbi.nlm.nih.gov/sos5/sra-pub-zq-14/SRR005/838/SRR5838627.sralite.1,SRX3014880,PB198,AMPLICON,PCR,METAGENOMIC,PAIRED,0,0,ILLUMINA,Illumina MiSeq,SRP112770,PRJNA394874,NA,394874,SRS2364571,SAMN07362409,simple,10090,Mus musculus,PB198,NA,NA,NA,NA,male,NA,no,NA,NA,NA,NA,MCMASTER UNIVERSITY,SRA588598,NA,public,1A8AE2A7AF31C90088F497553DDCE1E2,546536596074AB82B24265FBF3185C17,SRR5838627
SRR5838628,2017-11-01 00:01:52,2017-07-18 18:54:39,108339,54386178,108339,502,27,NA,https://sra-downloadb.be-md.ncbi.nlm.nih.gov/sos5/sra-pub-zq-14/SRR005/838/SRR5838628.sralite.1,SRX3014879,PB115,AMPLICON,PCR,METAGENOMIC,PAIRED,0,0,ILLUMINA,Illumina MiSeq,SRP112770,PRJNA394874,NA,394874,SRS2364569,SAMN07362414,simple,10090,Mus musculus,PB115,NA,NA,NA,NA,female,NA,no,NA,NA,NA,NA,MCMASTER UNIVERSITY,SRA588598,NA,public,BAF86E7BBF96011C50AEDCAE27A5FD82,D3C3476E79E3389190D497EA03BBBD8D,SRR5838628
SRR5838629,2017-11-01 00:01:52,2017-07-18 18:54:40,128843,64679186,128843,502,32,NA,https://sra-downloadb.be-md.ncbi.nlm.nih.gov/sos5/sra-pub-zq-14/SRR005/838/SRR5838629.sralite.1,SRX3014878,PB116,AMPLICON,PCR,METAGENOMIC,PAIRED,0,0,ILLUMINA,Illumina MiSeq,SRP112770,PRJNA394874,NA,394874,SRS2364570,SAMN07362415,simple,10090,Mus musculus,PB116,NA,NA,NA,NA,male,NA,no,NA,NA,NA,NA,MCMASTER UNIVERSITY,SRA588598,NA,public,DB22A36EEBDE61697DE98CFF44107DB8,E305840BEB2C03C5F093E1605A2DFDF1,SRR5838629
SRR5838632,2017-11-01 00:01:52,2017-07-18 18:54:41,156770,78698540,156770,502,39,NA,https://sra-downloadb.be-md.ncbi.nlm.nih.gov/sos5/sra-pub-zq-14/SRR005/838/SRR5838632.sralite.1,SRX3014875,PB120,AMPLICON,PCR,METAGENOMIC,PAIRED,0,0,ILLUMINA,Illumina MiSeq,SRP112770,PRJNA394874,NA,394874,SRS2364564,SAMN07362419,simple,10090,Mus musculus,PB120,NA,NA,NA,NA,male,NA,no,NA,NA,NA,NA,MCMASTER UNIVERSITY,SRA588598,NA,public,774609600CCDB1FCC039640A71C45955,36AA4568FD54AE4656A6F075DC60E168,SRR5838632
SRR5838633,2017-11-01 00:01:52,2017-07-18 18:54:55,145087,72833674,145087,502,36,NA,https://sra-downloadb.be-md.ncbi.nlm.nih.gov/sos5/sra-pub-zq-14/SRR005/838/SRR5838633.sralite.1,SRX3014874,PB119,AMPLICON,PCR,METAGENOMIC,PAIRED,0,0,ILLUMINA,Illumina MiSeq,SRP112770,PRJNA394874,NA,394874,SRS2364566,SAMN07362418,simple,10090,Mus musculus,PB119,NA,NA,NA,NA,female,NA,no,NA,NA,NA,NA,MCMASTER UNIVERSITY,SRA588598,NA,public,BDCA1751BBFFC93D2E3281FFC5744406,113F82B97B57396E13FFF4ECE282A338,SRR5838633
SRR5838634,2017-11-01 00:01:52,2017-07-18 18:54:54,125945,63224390,125945,502,32,NA,https://sra-downloadb.be-md.ncbi.nlm.nih.gov/sos5/sra-pub-zq-14/SRR005/838/SRR5838634.sralite.1,SRX3014873,PB121,AMPLICON,PCR,METAGENOMIC,PAIRED,0,0,ILLUMINA,Illumina MiSeq,SRP112770,PRJNA394874,NA,394874,SRS2364565,SAMN07362420,simple,10090,Mus musculus,PB121,NA,NA,NA,NA,male,NA,no,NA,NA,NA,NA,MCMASTER UNIVERSITY,SRA588598,NA,public,521D856B43651D3DDCFAAF36BAD8004D,FFE5D97E20F7B1199C923F339B7F08B0,SRR5838634
SRR5838635,2017-11-01 00:01:52,2017-07-18 18:54:38,61845,31046190,61845,502,15,NA,https://sra-downloadb.be-md.ncbi.nlm.nih.gov/sos5/sra-pub-zq-14/SRR005/838/SRR5838635.sralite.1,SRX3014872,PB190,AMPLICON,PCR,METAGENOMIC,PAIRED,0,0,ILLUMINA,Illumina MiSeq,SRP112770,PRJNA394874,NA,394874,SRS2364562,SAMN07362401,simple,10090,Mus musculus,PB190,NA,NA,NA,NA,male,NA,no,NA,NA,NA,NA,MCMASTER UNIVERSITY,SRA588598,NA,public,9A74C8FF49935D2A0FE678BDC8557F8F,1640DE38B4187B156AAB3C0332FC180C,SRR5838635
SRR5838636,2017-11-01 00:01:52,2017-07-18 18:54:37,88013,44182526,88013,502,22,NA,https://sra-downloadb.be-md.ncbi.nlm.nih.gov/sos5/sra-pub-zq-14/SRR005/838/SRR5838636.sralite.1,SRX3014871,PB189,AMPLICON,PCR,METAGENOMIC,PAIRED,0,0,ILLUMINA,Illumina MiSeq,SRP112770,PRJNA394874,NA,394874,SRS2364563,SAMN07362400,simple,10090,Mus musculus,PB189,NA,NA,NA,NA,male,NA,no,NA,NA,NA,NA,MCMASTER UNIVERSITY,SRA588598,NA,public,95E1D0737BBF276363E645A994904D1A,3C36B3B71D8E67E1BE11FF78FEBB63A3,SRR5838636
SRR5838637,2017-11-01 00:01:52,2017-07-18 18:54:36,44914,22546828,44914,502,11,NA,https://sra-downloadb.be-md.ncbi.nlm.nih.gov/sos5/sra-pub-zq-14/SRR005/838/SRR5838637.sralite.1,SRX3014870,PB188,AMPLICON,PCR,METAGENOMIC,PAIRED,0,0,ILLUMINA,Illumina MiSeq,SRP112770,PRJNA394874,NA,394874,SRS2364561,SAMN07362399,simple,10090,Mus musculus,PB188,NA,NA,NA,NA,male,NA,no,NA,NA,NA,NA,MCMASTER UNIVERSITY,SRA588598,NA,public,47D18E91BD421160F9DDDA1274BAF144,CA480EEBD701B56483B0031C493ABAF6,SRR5838637
SRR5838638,2017-11-01 00:01:52,2017-07-18 18:54:38,94094,47235188,94094,502,23,NA,https://sra-downloadb.be-md.ncbi.nlm.nih.gov/sos5/sra-pub-zq-14/SRR005/838/SRR5838638.sralite.1,SRX3014869,PB181,AMPLICON,PCR,METAGENOMIC,PAIRED,0,0,ILLUMINA,Illumina MiSeq,SRP112770,PRJNA394874,NA,394874,SRS2364560,SAMN07362398,simple,10090,Mus musculus,PB181,NA,NA,NA,NA,male,NA,no,NA,NA,NA,NA,MCMASTER UNIVERSITY,SRA588598,NA,public,B44841A562A02D16C4DB7573D2948F0D,FD889FBEC6FCD81D65C02E23DDB24F78,SRR5838638
SRR5838639,2017-11-01 00:01:52,2017-07-18 18:54:53,79898,40108796,79898,502,20,NA,https://sra-downloadb.be-md.ncbi.nlm.nih.gov/sos5/sra-pub-zq-14/SRR005/838/SRR5838639.sralite.1,SRX3014868,PB194,AMPLICON,PCR,METAGENOMIC,PAIRED,0,0,ILLUMINA,Illumina MiSeq,SRP112770,PRJNA394874,NA,394874,SRS2364558,SAMN07362405,simple,10090,Mus musculus,PB194,NA,NA,NA,NA,male,NA,no,NA,NA,NA,NA,MCMASTER UNIVERSITY,SRA588598,NA,public,822FDB8ECFBD4571D3FBED34A31EA75E,4C398FAECEDB2C39B9D1809618CD9319,SRR5838639
SRR5838640,2017-11-01 00:01:52,2017-07-18 18:55:11,72955,36623410,72955,502,18,NA,https://sra-downloadb.be-md.ncbi.nlm.nih.gov/sos5/sra-pub-zq-14/SRR005/838/SRR5838640.sralite.1,SRX3014867,PB193,AMPLICON,PCR,METAGENOMIC,PAIRED,0,0,ILLUMINA,Illumina MiSeq,SRP112770,PRJNA394874,NA,394874,SRS2364559,SAMN07362404,simple,10090,Mus musculus,PB193,NA,NA,NA,NA,male,NA,no,NA,NA,NA,NA,MCMASTER UNIVERSITY,SRA588598,NA,public,4D8E4CF802F060D43C7AEAC3CAF852E8,A9FC49F70D8B74A8B4256736AB7F2774,SRR5838640
SRR5838641,2017-11-01 00:01:52,2017-07-18 18:54:57,112973,56712446,112973,502,28,NA,https://sra-downloadb.be-md.ncbi.nlm.nih.gov/sos5/sra-pub-zq-14/SRR005/838/SRR5838641.sralite.1,SRX3014866,PB192,AMPLICON,PCR,METAGENOMIC,PAIRED,0,0,ILLUMINA,Illumina MiSeq,SRP112770,PRJNA394874,NA,394874,SRS2364557,SAMN07362403,simple,10090,Mus musculus,PB192,NA,NA,NA,NA,male,NA,no,NA,NA,NA,NA,MCMASTER UNIVERSITY,SRA588598,NA,public,1CB0278FD8D936D2C89FA93E951EFCB4,7398A4686B906F1F6BF52663EFE5EAE8,SRR5838641
SRR5838642,2017-11-01 00:01:52,2017-07-18 18:55:05,109235,54835970,109235,502,27,NA,https://sra-downloadb.be-md.ncbi.nlm.nih.gov/sos5/sra-pub-zq-14/SRR005/838/SRR5838642.sralite.1,SRX3014865,PB191,AMPLICON,PCR,METAGENOMIC,PAIRED,0,0,ILLUMINA,Illumina MiSeq,SRP112770,PRJNA394874,NA,394874,SRS2364556,SAMN07362402,simple,10090,Mus musculus,PB191,NA,NA,NA,NA,male,NA,no,NA,NA,NA,NA,MCMASTER UNIVERSITY,SRA588598,NA,public,C1E7935444ECE5F633F39D6AE68602BC,435A9D9D6675D35A0B8D824286D0D6F4,SRR5838642
SRR5838643,2017-11-01 00:01:52,2017-07-18 18:55:10,81859,41093218,0,502,20,NA,https://sra-downloadb.be-md.ncbi.nlm.nih.gov/sos5/sra-pub-zq-14/SRR005/838/SRR5838643.sralite.1,SRX3014864,PB196,AMPLICON,PCR,METAGENOMIC,PAIRED,0,0,ILLUMINA,Illumina MiSeq,SRP112770,PRJNA394874,NA,394874,SRS2364555,SAMN07362407,simple,10090,Mus musculus,PB196,NA,NA,NA,NA,male,NA,no,NA,NA,NA,NA,MCMASTER UNIVERSITY,SRA588598,NA,public,NA,NA,SRR5838643
SRR5838644,2017-11-01 00:01:52,2017-07-18 18:55:10,57478,28853956,57478,502,14,NA,https://sra-downloadb.be-md.ncbi.nlm.nih.gov/sos5/sra-pub-zq-14/SRR005/838/SRR5838644.sralite.1,SRX3014863,PB195,AMPLICON,PCR,METAGENOMIC,PAIRED,0,0,ILLUMINA,Illumina MiSeq,SRP112770,PRJNA394874,NA,394874,SRS2364553,SAMN07362406,simple,10090,Mus musculus,PB195,NA,NA,NA,NA,male,NA,no,NA,NA,NA,NA,MCMASTER UNIVERSITY,SRA588598,NA,public,1CA2428D719D8BCDD68C3012AC9E0682,A35F8DA6F12F4FB8D43AFA90C6224954,SRR5838644
SRR5838645,2017-11-01 00:01:52,2017-07-18 18:55:10,79870,40094740,79870,502,20,NA,https://sra-downloadb.be-md.ncbi.nlm.nih.gov/sos5/sra-pub-zq-14/SRR005/838/SRR5838645.sralite.1,SRX3014862,PB180,AMPLICON,PCR,METAGENOMIC,PAIRED,0,0,ILLUMINA,Illumina MiSeq,SRP112770,PRJNA394874,NA,394874,SRS2364552,SAMN07362397,simple,10090,Mus musculus,PB180,NA,NA,NA,NA,male,NA,no,NA,NA,NA,NA,MCMASTER UNIVERSITY,SRA588598,NA,public,C1B8C494D24993E7AF129DD407234ADD,333EEEA91C1A2CB3D35F3A3572C90453,SRR5838645
SRR5838646,2017-11-01 00:01:52,2017-07-18 18:55:11,74173,37234846,74173,502,18,NA,https://sra-downloadb.be-md.ncbi.nlm.nih.gov/sos5/sra-pub-zq-14/SRR005/838/SRR5838646.sralite.1,SRX3014861,PB179,AMPLICON,PCR,METAGENOMIC,PAIRED,0,0,ILLUMINA,Illumina MiSeq,SRP112770,PRJNA394874,NA,394874,SRS2364551,SAMN07362396,simple,10090,Mus musculus,PB179,NA,NA,NA,NA,male,NA,no,NA,NA,NA,NA,MCMASTER UNIVERSITY,SRA588598,NA,public,B42592E1B254115184DB5921CAE4F8EB,18FD9A6A7F530CD1C89D5C9C89C6517A,SRR5838646
SRR5838647,2017-11-01 00:01:52,2017-07-18 18:55:13,102403,51406306,102403,502,25,NA,https://sra-downloadb.be-md.ncbi.nlm.nih.gov/sos5/sra-pub-zq-14/SRR005/838/SRR5838647.sralite.1,SRX3014860,PB172,AMPLICON,PCR,METAGENOMIC,PAIRED,0,0,ILLUMINA,Illumina MiSeq,SRP112770,PRJNA394874,NA,394874,SRS2364549,SAMN07362389,simple,10090,Mus musculus,PB172,NA,NA,NA,NA,male,NA,no,NA,NA,NA,NA,MCMASTER UNIVERSITY,SRA588598,NA,public,80390B738BBE442411B902A49FA5BFDF,B0259EDF3CD6422F3CFC29FE4EEDA09E,SRR5838647
SRR5838648,2017-11-01 00:01:52,2017-07-18 18:55:12,91327,45846154,91327,502,22,NA,https://sra-downloadb.be-md.ncbi.nlm.nih.gov/sos5/sra-pub-zq-14/SRR005/838/SRR5838648.sralite.1,SRX3014859,PB171,AMPLICON,PCR,METAGENOMIC,PAIRED,0,0,ILLUMINA,Illumina MiSeq,SRP112770,PRJNA394874,NA,394874,SRS2364554,SAMN07362388,simple,10090,Mus musculus,PB171,NA,NA,NA,NA,male,NA,no,NA,NA,NA,NA,MCMASTER UNIVERSITY,SRA588598,NA,public,DF366DA83AAFF333545BF46366831FDC,833D9FEE596397492F1B4221635241EF,SRR5838648
SRR5838649,2017-11-01 00:01:52,2017-07-18 18:55:13,105929,53176358,105929,502,26,NA,https://sra-downloadb.be-md.ncbi.nlm.nih.gov/sos5/sra-pub-zq-14/SRR005/838/SRR5838649.sralite.1,SRX3014858,PB174,AMPLICON,PCR,METAGENOMIC,PAIRED,0,0,ILLUMINA,Illumina MiSeq,SRP112770,PRJNA394874,NA,394874,SRS2364550,SAMN07362391,simple,10090,Mus musculus,PB174,NA,NA,NA,NA,male,NA,no,NA,NA,NA,NA,MCMASTER UNIVERSITY,SRA588598,NA,public,1E16D6AF537DF67E031F8C4C7FC3B88D,DC5A9223F9F9D1E65E4506720CF583CC,SRR5838649
SRR5838650,2017-11-01 00:01:52,2017-07-18 18:55:14,98011,49201522,98011,502,24,NA,https://sra-downloadb.be-md.ncbi.nlm.nih.gov/sos5/sra-pub-zq-14/SRR005/838/SRR5838650.sralite.1,SRX3014857,PB173,AMPLICON,PCR,METAGENOMIC,PAIRED,0,0,ILLUMINA,Illumina MiSeq,SRP112770,PRJNA394874,NA,394874,SRS2364548,SAMN07362390,simple,10090,Mus musculus,PB173,NA,NA,NA,NA,male,NA,no,NA,NA,NA,NA,MCMASTER UNIVERSITY,SRA588598,NA,public,45342C42B5CC07A3B70DD3E8F3CA53D7,B04B866AA9C1AC1CADB4866CB6E935A4,SRR5838650
SRR5838651,2017-11-01 00:01:52,2017-07-18 18:55:12,59296,29766592,59296,502,14,NA,https://sra-downloadb.be-md.ncbi.nlm.nih.gov/sos5/sra-pub-zq-14/SRR005/838/SRR5838651.sralite.1,SRX3014856,PB176,AMPLICON,PCR,METAGENOMIC,PAIRED,0,0,ILLUMINA,Illumina MiSeq,SRP112770,PRJNA394874,NA,394874,SRS2364547,SAMN07362393,simple,10090,Mus musculus,PB176,NA,NA,NA,NA,male,NA,no,NA,NA,NA,NA,MCMASTER UNIVERSITY,SRA588598,NA,public,3577DF66CF3C3068C3293753A0698DBD,12004A64B239A4A2B00FC9F8C1807F9A,SRR5838651
SRR5838652,2017-11-01 00:01:52,2017-07-18 18:55:18,125592,63047184,125592,502,31,NA,https://sra-downloadb.be-md.ncbi.nlm.nih.gov/sos5/sra-pub-zq-14/SRR005/838/SRR5838652.sralite.1,SRX3014855,PB175,AMPLICON,PCR,METAGENOMIC,PAIRED,0,0,ILLUMINA,Illumina MiSeq,SRP112770,PRJNA394874,NA,394874,SRS2364546,SAMN07362392,simple,10090,Mus musculus,PB175,NA,NA,NA,NA,male,NA,no,NA,NA,NA,NA,MCMASTER UNIVERSITY,SRA588598,NA,public,7D66FF0D37331CEAF38350CA390474B7,0504F825DBA5E83232CF2D344692ED38,SRR5838652
SRR5838653,2017-11-01 00:01:52,2017-07-18 18:55:14,102271,51340042,102271,502,25,NA,https://sra-downloadb.be-md.ncbi.nlm.nih.gov/sos5/sra-pub-zq-14/SRR005/838/SRR5838653.sralite.1,SRX3014854,PB178,AMPLICON,PCR,METAGENOMIC,PAIRED,0,0,ILLUMINA,Illumina MiSeq,SRP112770,PRJNA394874,NA,394874,SRS2364544,SAMN07362395,simple,10090,Mus musculus,PB178,NA,NA,NA,NA,male,NA,no,NA,NA,NA,NA,MCMASTER UNIVERSITY,SRA588598,NA,public,3144F8C28300B48366E9F0D9C196C2E0,028FB4D6F6E797D7D44465FC03874168,SRR5838653
SRR5838654,2017-11-01 00:01:52,2017-07-18 18:55:13,66398,33331796,66398,502,16,NA,https://sra-downloadb.be-md.ncbi.nlm.nih.gov/sos5/sra-pub-zq-14/SRR005/838/SRR5838654.sralite.1,SRX3014853,PB177,AMPLICON,PCR,METAGENOMIC,PAIRED,0,0,ILLUMINA,Illumina MiSeq,SRP112770,PRJNA394874,NA,394874,SRS2364545,SAMN07362394,simple,10090,Mus musculus,PB177,NA,NA,NA,NA,male,NA,no,NA,NA,NA,NA,MCMASTER UNIVERSITY,SRA588598,NA,public,B1A35B0639A5E7BF5293BC727050B26A,693DB8FCE2478F901F99A2D7429CA94D,SRR5838654
SRR6369559,2017-12-12 18:31:33,2017-12-12 15:21:04,77949,39130398,77949,502,19,NA,https://sra-downloadb.be-md.ncbi.nlm.nih.gov/sos5/sra-pub-zq-14/SRR006/369/SRR6369559.sralite.1,SRX3464897,PB202,AMPLICON,PCR,METAGENOMIC,PAIRED,0,0,ILLUMINA,Illumina MiSeq,SRP112770,PRJNA394874,NA,394874,SRS2752864,SAMN08163928,simple,10090,Mus musculus,PB202,NA,NA,NA,NA,male,NA,no,NA,NA,NA,NA,MCMASTER UNIVERSITY,SRA637733,NA,public,BE31DB1A819C197B8F861ACAB9DC4B79,D77AF15AB0475B6CC4B468BA7DF06F5D,SRR6369559
SRR6369560,2017-12-12 18:31:33,2017-12-12 15:21:02,89638,44998276,89638,502,22,NA,https://sra-downloadb.be-md.ncbi.nlm.nih.gov/sos5/sra-pub-zq-14/SRR006/369/SRR6369560.sralite.1,SRX3464896,PB201,AMPLICON,PCR,METAGENOMIC,PAIRED,0,0,ILLUMINA,Illumina MiSeq,SRP112770,PRJNA394874,NA,394874,SRS2752863,SAMN08163927,simple,10090,Mus musculus,PB201,NA,NA,NA,NA,male,NA,no,NA,NA,NA,NA,MCMASTER UNIVERSITY,SRA637733,NA,public,236065B022995B492B245CDE5B3BE014,5D381EF725F2FF23274A123425D44750,SRR6369560
SRR6369561,2017-12-12 18:31:33,2017-12-12 15:21:14,53768,26991536,53768,502,13,NA,https://sra-downloadb.be-md.ncbi.nlm.nih.gov/sos5/sra-pub-zq-14/SRR006/369/SRR6369561.sralite.1,SRX3464895,PB200,AMPLICON,PCR,METAGENOMIC,PAIRED,0,0,ILLUMINA,Illumina MiSeq,SRP112770,PRJNA394874,NA,394874,SRS2752862,SAMN08163926,simple,10090,Mus musculus,PB200,NA,NA,NA,NA,male,NA,no,NA,NA,NA,NA,MCMASTER UNIVERSITY,SRA637733,NA,public,FEBDB39B6FE9223E69744F60EDCAF232,0BB2F07B5998D417E345358668C03EE3,SRR6369561
SRR6369562,2017-12-12 18:31:33,2017-12-12 15:21:37,77776,39043552,77776,502,19,NA,https://sra-downloadb.be-md.ncbi.nlm.nih.gov/sos5/sra-pub-zq-14/SRR006/369/SRR6369562.sralite.1,SRX3464894,PB199,AMPLICON,PCR,METAGENOMIC,PAIRED,0,0,ILLUMINA,Illumina MiSeq,SRP112770,PRJNA394874,NA,394874,SRS2752861,SAMN08163925,simple,10090,Mus musculus,PB199,NA,NA,NA,NA,male,NA,no,NA,NA,NA,NA,MCMASTER UNIVERSITY,SRA637733,NA,public,A56999B0256354806C363EEBD06F93BF,25F223BE442EA3E01D374978437B19AC,SRR6369562
SRR6369563,2017-12-12 18:32:31,2017-12-12 15:21:58,92753,46562006,92753,502,23,NA,https://sra-downloadb.be-md.ncbi.nlm.nih.gov/sos5/sra-pub-zq-14/SRR006/369/SRR6369563.sralite.1,SRX3464893,PB204,AMPLICON,PCR,METAGENOMIC,PAIRED,0,0,ILLUMINA,Illumina MiSeq,SRP112770,PRJNA394874,NA,394874,SRS2752860,SAMN08163930,simple,10090,Mus musculus,PB204,NA,NA,NA,NA,male,NA,no,NA,NA,NA,NA,MCMASTER UNIVERSITY,SRA637733,NA,public,D479255D3F6FF2B43AC7E24ADD35E8C2,69590EBB766C21CD0BDCFFF1BD20ED92,SRR6369563
SRR6369564,2017-12-12 18:31:33,2017-12-12 15:21:42,42226,21197452,42226,502,10,NA,https://sra-downloadb.be-md.ncbi.nlm.nih.gov/sos5/sra-pub-zq-14/SRR006/369/SRR6369564.sralite.1,SRX3464892,PB203,AMPLICON,PCR,METAGENOMIC,PAIRED,0,0,ILLUMINA,Illumina MiSeq,SRP112770,PRJNA394874,NA,394874,SRS2752859,SAMN08163929,simple,10090,Mus musculus,PB203,NA,NA,NA,NA,male,NA,no,NA,NA,NA,NA,MCMASTER UNIVERSITY,SRA637733,NA,public,EB4BE263C875387C7FB89F31EAE519CE,B930949F35417DBA9F2F2933054F4C80,SRR6369564
SRR8632876,2019-11-01 16:17:09,2019-02-26 11:59:37,19944346,1017161646,0,51,379,NA,https://sra-downloadb.be-md.ncbi.nlm.nih.gov/sos5/sra-pub-zq-16/SRR008/632/SRR8632876.sralite.1,SRX5431570,NA,RNA-Seq,cDNA,TRANSCRIPTOMIC,SINGLE,0,0,ILLUMINA,Illumina HiSeq 3000,SRP186885,PRJNA524321,3,524321,SRS4411491,SAMN11022252,simple,10090,Mus musculus,GSM3629954,NA,NA,NA,NA,NA,NA,no,NA,NA,NA,NA,GEO,SRA852386,NA,public,0B48F9310FB15B69CB8CBD33A107510B,E9B1EAF82B508A8B1D9B10D3EDBA21B5,SRR8632876
SRR8632877,2019-11-01 16:17:09,2019-02-26 12:02:43,28345827,1445637177,0,51,551,NA,https://sra-downloadb.be-md.ncbi.nlm.nih.gov/sos5/sra-pub-zq-14/SRR008/632/SRR8632877.sralite.1,SRX5431571,NA,RNA-Seq,cDNA,TRANSCRIPTOMIC,SINGLE,0,0,ILLUMINA,Illumina HiSeq 3000,SRP186885,PRJNA524321,3,524321,SRS4411492,SAMN11022251,simple,10090,Mus musculus,GSM3629955,NA,NA,NA,NA,NA,NA,no,NA,NA,NA,NA,GEO,SRA852386,NA,public,7FB25242EC7412C3ECBDC4937A98CF40,C841FDF6DA1321409F8BFA3CEE658484,SRR8632877
SRR8632878,2019-11-01 16:17:09,2019-02-26 12:01:59,30595304,1560360504,0,51,596,NA,https://sra-downloadb.be-md.ncbi.nlm.nih.gov/sos5/sra-pub-zq-16/SRR008/632/SRR8632878.sralite.1,SRX5431572,NA,RNA-Seq,cDNA,TRANSCRIPTOMIC,SINGLE,0,0,ILLUMINA,Illumina HiSeq 3000,SRP186885,PRJNA524321,3,524321,SRS4411493,SAMN11022250,simple,10090,Mus musculus,GSM3629956,NA,NA,NA,NA,NA,NA,no,NA,NA,NA,NA,GEO,SRA852386,NA,public,DBDE948A50DAF00B95BBFB2BFE4F8ACC,62DF018DC7F79F0AAC7137FEA0B148F2,SRR8632878
SRR8632879,2019-11-01 16:17:09,2019-02-26 12:02:51,31398676,1601332476,0,51,612,NA,https://sra-downloadb.be-md.ncbi.nlm.nih.gov/sos5/sra-pub-zq-14/SRR008/632/SRR8632879.sralite.1,SRX5431573,NA,RNA-Seq,cDNA,TRANSCRIPTOMIC,SINGLE,0,0,ILLUMINA,Illumina HiSeq 3000,SRP186885,PRJNA524321,3,524321,SRS4411494,SAMN11022249,simple,10090,Mus musculus,GSM3629957,NA,NA,NA,NA,NA,NA,no,NA,NA,NA,NA,GEO,SRA852386,NA,public,BBF8BD4F3C83A5045EFFBB11FCB3E66C,7C79122F5D78947995B3EAB0BBA19D41,SRR8632879
SRR8632880,2019-11-01 16:17:09,2019-02-26 12:01:13,24669991,1258169541,0,51,484,NA,https://sra-downloadb.be-md.ncbi.nlm.nih.gov/sos5/sra-pub-zq-14/SRR008/632/SRR8632880.sralite.1,SRX5431574,NA,RNA-Seq,cDNA,TRANSCRIPTOMIC,SINGLE,0,0,ILLUMINA,Illumina HiSeq 3000,SRP186885,PRJNA524321,3,524321,SRS4411495,SAMN11022248,simple,10090,Mus musculus,GSM3629958,NA,NA,NA,NA,NA,NA,no,NA,NA,NA,NA,GEO,SRA852386,NA,public,1F40E9A956D3726D8BC24CF1C32BDFA7,D8EEA02AE5880BFCACAD4B8A7FA84536,SRR8632880
SRR8632881,2019-11-01 16:17:09,2019-02-26 12:04:24,33226581,1694555631,0,51,648,NA,https://sra-downloadb.be-md.ncbi.nlm.nih.gov/sos5/sra-pub-zq-14/SRR008/632/SRR8632881.sralite.1,SRX5431575,NA,RNA-Seq,cDNA,TRANSCRIPTOMIC,SINGLE,0,0,ILLUMINA,Illumina HiSeq 3000,SRP186885,PRJNA524321,3,524321,SRS4411496,SAMN11022247,simple,10090,Mus musculus,GSM3629959,NA,NA,NA,NA,NA,NA,no,NA,NA,NA,NA,GEO,SRA852386,NA,public,7BADD4A083BD00700303EF9D7728EDDA,D429772A97F1764A920DB8233DCA37E5,SRR8632881
SRR8632882,2019-11-01 16:17:09,2019-02-26 12:01:54,29979271,1528942821,0,51,587,NA,https://sra-downloadb.be-md.ncbi.nlm.nih.gov/sos9/sra-pub-zq-922/SRR008/632/SRR8632882.sralite.1,SRX5431576,NA,RNA-Seq,cDNA,TRANSCRIPTOMIC,SINGLE,0,0,ILLUMINA,Illumina HiSeq 3000,SRP186885,PRJNA524321,3,524321,SRS4411497,SAMN11022335,simple,10090,Mus musculus,GSM3629960,NA,NA,NA,NA,NA,NA,no,NA,NA,NA,NA,GEO,SRA852386,NA,public,D47507946A83DF21DEB3C25B4369D52E,368B07CD4F315125E9FFDB76ED476196,SRR8632882
SRR8632883,2019-11-01 16:17:09,2019-02-26 12:00:36,24957611,1272838161,0,51,488,NA,https://sra-downloadb.be-md.ncbi.nlm.nih.gov/sos9/sra-pub-zq-922/SRR008/632/SRR8632883.sralite.1,SRX5431577,NA,RNA-Seq,cDNA,TRANSCRIPTOMIC,SINGLE,0,0,ILLUMINA,Illumina HiSeq 3000,SRP186885,PRJNA524321,3,524321,SRS4411498,SAMN11022334,simple,10090,Mus musculus,GSM3629961,NA,NA,NA,NA,NA,NA,no,NA,NA,NA,NA,GEO,SRA852386,NA,public,76E5281ADD62951ACC174E3F1986C672,97D9DB2041BACD280898E3E1012FCDB8,SRR8632883
SRR8632884,2019-11-01 16:17:09,2019-02-26 12:02:23,24831050,1266383550,0,51,488,NA,https://sra-downloadb.be-md.ncbi.nlm.nih.gov/sos5/sra-pub-zq-14/SRR008/632/SRR8632884.sralite.1,SRX5431578,NA,RNA-Seq,cDNA,TRANSCRIPTOMIC,SINGLE,0,0,ILLUMINA,Illumina HiSeq 3000,SRP186885,PRJNA524321,3,524321,SRS4411499,SAMN11022333,simple,10090,Mus musculus,GSM3629962,NA,NA,NA,NA,NA,NA,no,NA,NA,NA,NA,GEO,SRA852386,NA,public,4F7A9F9445ED86513FEDE8C134EB3882,E861998FA362ED4B9AF806FA23845C41,SRR8632884
SRR8632885,2019-11-01 16:17:09,2019-02-26 11:59:44,24688697,1259123547,0,51,481,NA,https://sra-downloadb.be-md.ncbi.nlm.nih.gov/sos9/sra-pub-zq-922/SRR008/632/SRR8632885.sralite.1,SRX5431579,NA,RNA-Seq,cDNA,TRANSCRIPTOMIC,SINGLE,0,0,ILLUMINA,Illumina HiSeq 3000,SRP186885,PRJNA524321,3,524321,SRS4411500,SAMN11022332,simple,10090,Mus musculus,GSM3629963,NA,NA,NA,NA,NA,NA,no,NA,NA,NA,NA,GEO,SRA852386,NA,public,0F16F1710E3AE015BC58F0C9CAB8115F,E2D7AC584AAE1EB3676BBC3C558E0D78,SRR8632885
SRR8632886,2019-11-01 16:17:09,2019-02-26 12:00:40,22489239,1146951189,0,51,441,NA,https://sra-downloadb.be-md.ncbi.nlm.nih.gov/sos5/sra-pub-zq-14/SRR008/632/SRR8632886.sralite.1,SRX5431580,NA,RNA-Seq,cDNA,TRANSCRIPTOMIC,SINGLE,0,0,ILLUMINA,Illumina HiSeq 3000,SRP186885,PRJNA524321,3,524321,SRS4411501,SAMN11022331,simple,10090,Mus musculus,GSM3629964,NA,NA,NA,NA,NA,NA,no,NA,NA,NA,NA,GEO,SRA852386,NA,public,84A0E941EDD16B796088A00FAB351D16,6CAB3C070A04E1BE68592C3CA5F18205,SRR8632886
SRR8632887,2019-11-01 16:17:09,2019-02-26 12:03:54,38464264,1961677464,0,51,729,NA,https://sra-downloadb.be-md.ncbi.nlm.nih.gov/sos9/sra-pub-zq-922/SRR008/632/SRR8632887.sralite.1,SRX5431581,NA,RNA-Seq,cDNA,TRANSCRIPTOMIC,SINGLE,0,0,ILLUMINA,Illumina HiSeq 3000,SRP186885,PRJNA524321,3,524321,SRS4411502,SAMN11022330,simple,10090,Mus musculus,GSM3629965,NA,NA,NA,NA,NA,NA,no,NA,NA,NA,NA,GEO,SRA852386,NA,public,650F228FD3E0ACEEE905E954985AC0F3,537620F773F9D02F836834D97A47FCCA,SRR8632887
SRR8632888,2019-11-01 16:17:09,2019-02-26 12:03:38,34604483,1764828633,0,51,649,NA,https://sra-downloadb.be-md.ncbi.nlm.nih.gov/sos5/sra-pub-zq-16/SRR008/632/SRR8632888.sralite.1,SRX5431582,NA,RNA-Seq,cDNA,TRANSCRIPTOMIC,SINGLE,0,0,ILLUMINA,Illumina HiSeq 3000,SRP186885,PRJNA524321,3,524321,SRS4411503,SAMN11022329,simple,10090,Mus musculus,GSM3629966,NA,NA,NA,NA,NA,NA,no,NA,NA,NA,NA,GEO,SRA852386,NA,public,F05F5DB1EC255F3FF065D71A1A4BADEE,F5A7C7BE8F5E40F6CBDFF94B80ACA04A,SRR8632888
SRR8632889,2019-11-01 16:17:09,2019-02-26 12:01:37,26096993,1330946643,0,51,489,NA,https://sra-downloadb.be-md.ncbi.nlm.nih.gov/sos5/sra-pub-zq-16/SRR008/632/SRR8632889.sralite.1,SRX5431583,NA,RNA-Seq,cDNA,TRANSCRIPTOMIC,SINGLE,0,0,ILLUMINA,Illumina HiSeq 3000,SRP186885,PRJNA524321,3,524321,SRS4411504,SAMN11022328,simple,10090,Mus musculus,GSM3629967,NA,NA,NA,NA,NA,NA,no,NA,NA,NA,NA,GEO,SRA852386,NA,public,8E46E58B9BD11829B4C95CA650A263BE,080579682C6477678700E038561FBC5F,SRR8632889
SRR8632890,2019-11-01 16:17:09,2019-02-26 12:07:03,46261506,2359336806,0,51,866,NA,https://sra-downloadb.be-md.ncbi.nlm.nih.gov/sos5/sra-pub-zq-14/SRR008/632/SRR8632890.sralite.1,SRX5431584,NA,RNA-Seq,cDNA,TRANSCRIPTOMIC,SINGLE,0,0,ILLUMINA,Illumina HiSeq 3000,SRP186885,PRJNA524321,3,524321,SRS4411505,SAMN11022327,simple,10090,Mus musculus,GSM3629968,NA,NA,NA,NA,NA,NA,no,NA,NA,NA,NA,GEO,SRA852386,NA,public,628D2FC9251A250AC5742B742D4BDF18,8C26677EDE9B6B1C2F891BCB49F0D3EC,SRR8632890
SRR8632891,2019-11-01 16:17:09,2019-02-26 12:06:43,48818032,2489719632,0,51,913,NA,https://sra-downloadb.be-md.ncbi.nlm.nih.gov/sos5/sra-pub-zq-14/SRR008/632/SRR8632891.sralite.1,SRX5431585,NA,RNA-Seq,cDNA,TRANSCRIPTOMIC,SINGLE,0,0,ILLUMINA,Illumina HiSeq 3000,SRP186885,PRJNA524321,3,524321,SRS4411506,SAMN11022275,simple,10090,Mus musculus,GSM3629969,NA,NA,NA,NA,NA,NA,no,NA,NA,NA,NA,GEO,SRA852386,NA,public,EC98EF72AC106F01FAA1937A1B70B7F9,04CE6CCA996B6838434F3A8E13C3E710,SRR8632891
SRR8632892,2019-11-01 16:17:09,2019-02-26 12:05:23,43498634,2218430334,0,51,813,NA,https://sra-downloadb.be-md.ncbi.nlm.nih.gov/sos5/sra-pub-zq-16/SRR008/632/SRR8632892.sralite.1,SRX5431586,NA,RNA-Seq,cDNA,TRANSCRIPTOMIC,SINGLE,0,0,ILLUMINA,Illumina HiSeq 3000,SRP186885,PRJNA524321,3,524321,SRS4411507,SAMN11022274,simple,10090,Mus musculus,GSM3629970,NA,NA,NA,NA,NA,NA,no,NA,NA,NA,NA,GEO,SRA852386,NA,public,B77C2E7CC28D54ED20AB0A6DF1F9C3A0,4E45C640E8113FAE7B3B44BF928929A9,SRR8632892
SRR8632893,2019-11-01 16:17:09,2019-02-26 12:05:00,39639979,2021638929,0,51,743,NA,https://sra-downloadb.be-md.ncbi.nlm.nih.gov/sos9/sra-pub-zq-922/SRR008/632/SRR8632893.sralite.1,SRX5431587,NA,RNA-Seq,cDNA,TRANSCRIPTOMIC,SINGLE,0,0,ILLUMINA,Illumina HiSeq 3000,SRP186885,PRJNA524321,3,524321,SRS4411508,SAMN11022273,simple,10090,Mus musculus,GSM3629971,NA,NA,NA,NA,NA,NA,no,NA,NA,NA,NA,GEO,SRA852386,NA,public,4F296836CBAF1ADB44112067C8EBF23B,DDDF717C0BCC28A63B88A330A0B7C76A,SRR8632893
SRR8632894,2019-11-01 16:17:09,2019-02-26 12:03:25,35167034,1793518734,0,51,662,NA,https://sra-downloadb.be-md.ncbi.nlm.nih.gov/sos9/sra-pub-zq-922/SRR008/632/SRR8632894.sralite.1,SRX5431588,NA,RNA-Seq,cDNA,TRANSCRIPTOMIC,SINGLE,0,0,ILLUMINA,Illumina HiSeq 3000,SRP186885,PRJNA524321,3,524321,SRS4411509,SAMN11022272,simple,10090,Mus musculus,GSM3629972,NA,NA,NA,NA,NA,NA,no,NA,NA,NA,NA,GEO,SRA852386,NA,public,837B9F02A6EE3E0BB783074897C4FCAD,75E1ADD559FB451A6663B81338BD44F3,SRR8632894
